{
  "type": "FeatureCollection",
  "features": [
    {
      "type": "Feature",
      "geometry": {
        "type": "Polygon",
        "coordinates": [
          [
            [-64.5946, -12.2157],
            [-64.4478, -12.1745],
            [-64.4219, -12.1085],
            [-64.2576, -11.9548],
            [-64.1559, -11.9131],
            [-64.1036, -11.7845],
            [-63.8797, -11.7283],
            [-63.8388, -11.6805],
            [-63.6031, -11.6014],
            [-63.5916, -11.4453],
            [-63.5195, -11.3706],
            [-63.5884, -11.2829],
            [-63.5825, -11.0106],
            [-63.3414, -11.0638],
            [-63.2873, -11.1534],
            [-63.1803, -11.0661],
            [-62.8914, -11.0306],
            [-62.122, -10.355],
            [-62.1267, -10.1928],
            [-62.0632, -10.1744],
            [-61.8766, -9.9048],
            [-61.7922, -9.7197],
            [-61.7116, -9.7313],
            [-61.607, -9.6844],
            [-61.5668, -9.7294],
            [-61.5315, -9.7399],
            [-61.5182, -9.823],
            [-61.5559, -10.039],
            [-61.5844, -10.0596],
            [-61.5517, -10.1978],
            [-61.5162, -10.3344],
            [-61.4618, -10.4199],
            [-61.5195, -10.9497],
            [-61.5503, -10.9861],
            [-60.4601, -10.9899],
            [-60.4379, -11.0167],
            [-60.348, -11.109],
            [-60.0667, -11.1255],
            [-59.9978, -11.1514],
            [-59.9206, -11.398],
            [-60.1141, -11.5875],
            [-60.1088, -11.8396],
            [-60.0605, -11.895],
            [-60.0121, -11.893],
            [-59.987, -11.9601],
            [-59.8998, -12.1172],
            [-59.8923, -12.2455],
            [-59.7744, -12.341],
            [-59.8193, -12.3787],
            [-59.8442, -12.4672],
            [-60.065, -12.6708],
            [-60.0587, -12.7862],
            [-60.1172, -12.9596],
            [-60.283, -13.0806],
            [-60.2685, -13.145],
            [-60.365, -13.2999],
            [-60.432, -13.4884],
            [-60.6322, -13.5717],
            [-60.7168, -13.6822],
            [-60.8752, -13.6214],
            [-61.009, -13.5064],
            [-61.2483, -13.4963],
            [-61.4699, -13.5553],
            [-61.5724, -13.5186],
            [-61.8411, -13.5489],
            [-61.893, -13.4309],
            [-61.9706, -13.4062],
            [-62.114, -13.261],
            [-62.1162, -13.1594],
            [-62.2722, -13.1559],
            [-62.6092, -13.044],
            [-62.6508, -12.9656],
            [-62.7812, -13.0084],
            [-62.8937, -12.8574],
            [-62.9763, -12.8599],
            [-63.0813, -12.7241],
            [-63.0953, -12.6325],
            [-63.3754, -12.658],
            [-63.6221, -12.4729],
            [-63.7863, -12.4279],
            [-63.953, -12.5318],
            [-64.2305, -12.4551],
            [-64.4062, -12.447],
            [-64.5077, -12.3581],
            [-64.5082, -12.2253],
            [-64.5946, -12.2157]
          ]
        ]
      },
      "properties": { "cod_macro": "1101" }
    },
    {
      "type": "Feature",
      "geometry": {
        "type": "Polygon",
        "coordinates": [
          [
            [-64.4219, -12.1085],
            [-64.4478, -12.1745],
            [-64.5946, -12.2157],
            [-64.7129, -12.1736],
            [-64.6975, -12.1006],
            [-64.8396, -12.0107],
            [-65.032, -11.9951],
            [-65.0881, -11.7094],
            [-65.2595, -11.7101],
            [-65.2119, -11.5305],
            [-65.3091, -11.4936],
            [-65.3639, -11.142],
            [-65.2506, -10.9856],
            [-65.2766, -10.8694],
            [-65.367, -10.7963],
            [-65.346, -10.6816],
            [-65.4165, -10.6208],
            [-65.4296, -10.4829],
            [-65.2888, -10.2199],
            [-65.3335, -9.9425],
            [-65.286, -9.8455],
            [-65.4461, -9.6691],
            [-65.558, -9.8446],
            [-65.6689, -9.7811],
            [-65.8812, -9.752],
            [-65.9638, -9.8026],
            [-66.1529, -9.7857],
            [-66.6267, -9.8981],
            [-66.8103, -9.818],
            [-66.6094, -9.6649],
            [-66.5006, -9.6336],
            [-66.3748, -9.4264],
            [-65.9703, -9.4132],
            [-65.7915, -9.5856],
            [-65.5968, -9.4139],
            [-65.4347, -9.4663],
            [-65.447, -9.3164],
            [-65.3852, -9.338],
            [-65.2467, -9.2577],
            [-65.1429, -9.4468],
            [-65.0535, -9.4021],
            [-64.9197, -9.2203],
            [-64.9173, -9.0431],
            [-64.7916, -8.9864],
            [-64.6111, -9.0165],
            [-64.3234, -8.9289],
            [-64.2332, -8.9923],
            [-64.1434, -8.9535],
            [-64.1582, -8.8432],
            [-64.1295, -8.8052],
            [-64.1431, -8.743],
            [-64.1246, -8.7167],
            [-64.0948, -8.7284],
            [-64.0279, -8.7157],
            [-63.9441, -8.3312],
            [-63.7912, -8.3332],
            [-63.747, -8.1986],
            [-63.667, -8.0816],
            [-63.6218, -8.0296],
            [-63.6212, -7.9765],
            [-62.8671, -7.9765],
            [-62.8109, -8.0263],
            [-62.6816, -8.1012],
            [-62.6464, -8.2409],
            [-62.5185, -8.3847],
            [-62.4322, -8.372],
            [-62.3661, -8.4936],
            [-62.3258, -8.5637],
            [-62.2813, -8.6386],
            [-62.1884, -8.5906],
            [-62.125, -8.8017],
            [-62.0311, -8.7997],
            [-61.9852, -8.8786],
            [-61.8597, -8.853],
            [-61.8365, -8.7327],
            [-61.6306, -8.722],
            [-61.606, -8.7947],
            [-61.5115, -8.8636],
            [-61.4685, -8.9174],
            [-61.5554, -9.1315],
            [-61.577, -9.2375],
            [-61.612, -9.2807],
            [-61.5527, -9.3874],
            [-61.503, -9.6153],
            [-61.5069, -9.662],
            [-61.5053, -9.6914],
            [-61.5746, -9.7178],
            [-61.6084, -9.6842],
            [-61.7116, -9.7313],
            [-61.7922, -9.7197],
            [-61.8766, -9.9048],
            [-62.0632, -10.1744],
            [-62.1267, -10.1928],
            [-62.122, -10.355],
            [-62.8914, -11.0306],
            [-63.1803, -11.0661],
            [-63.2873, -11.1534],
            [-63.3414, -11.0638],
            [-63.5825, -11.0106],
            [-63.5884, -11.2829],
            [-63.5195, -11.3706],
            [-63.5916, -11.4453],
            [-63.6031, -11.6014],
            [-63.8388, -11.6805],
            [-63.8797, -11.7283],
            [-64.1036, -11.7845],
            [-64.1559, -11.9131],
            [-64.2576, -11.9548],
            [-64.4219, -12.1085]
          ]
        ]
      },
      "properties": { "cod_macro": "1102" }
    },
    {
      "type": "Feature",
      "geometry": {
        "type": "Polygon",
        "coordinates": [
          [
            [-72.5848, -7.552],
            [-70.055, -7.8451],
            [-68.6472, -9.0494],
            [-67.5169, -9.5609],
            [-67.3258, -9.5924],
            [-66.6236, -9.9043],
            [-66.9969, -10.1992],
            [-67.0158, -10.2587],
            [-67.1778, -10.3394],
            [-67.316, -10.3187],
            [-67.4365, -10.4479],
            [-67.5945, -10.5216],
            [-67.7085, -10.7111],
            [-67.8644, -10.6407],
            [-68.0331, -10.6558],
            [-68.2382, -10.9568],
            [-68.4872, -11.0509],
            [-68.543, -11.1114],
            [-68.7161, -11.1456],
            [-68.7924, -10.9901],
            [-68.9105, -11.0221],
            [-69.0717, -10.9668],
            [-69.4169, -10.9254],
            [-69.7398, -10.9747],
            [-69.9339, -10.9211],
            [-70.1586, -11.0423],
            [-70.3452, -11.0671],
            [-70.5267, -10.9351],
            [-70.6176, -10.999],
            [-70.6187, -9.8173],
            [-70.5252, -9.715],
            [-70.5869, -9.5678],
            [-70.4946, -9.424],
            [-70.5958, -9.4413],
            [-70.7504, -9.5604],
            [-70.994, -9.8173],
            [-71.1157, -9.8274],
            [-71.2241, -9.9656],
            [-71.3774, -10],
            [-72.1805, -10],
            [-72.1539, -9.792],
            [-72.2575, -9.752],
            [-72.2837, -9.5399],
            [-72.4072, -9.4767],
            [-72.5184, -9.4916],
            [-72.7165, -9.4123],
            [-73.2125, -9.412],
            [-73.102, -9.3087],
            [-72.9394, -9.0723],
            [-72.9991, -8.9156],
            [-73.0597, -8.906],
            [-73.154, -8.7055],
            [-73.3422, -8.6185],
            [-73.3324, -8.4727],
            [-73.5388, -8.3416],
            [-73.6391, -8.006],
            [-73.7784, -7.891],
            [-73.6801, -7.8454],
            [-73.689, -7.7661],
            [-73.8262, -7.7131],
            [-73.9852, -7.5323],
            [-73.9088, -7.4726],
            [-73.9565, -7.3543],
            [-73.6962, -7.3108],
            [-73.8023, -7.1141],
            [-72.5848, -7.552]
          ]
        ]
      },
      "properties": { "cod_macro": "1201" }
    },
    {
      "type": "Feature",
      "geometry": {
        "type": "Polygon",
        "coordinates": [
          [
            [-69.7856, -7.9068],
            [-69.8019, -8.061],
            [-70.055, -7.8451],
            [-72.5848, -7.552],
            [-73.7981, -7.1131],
            [-73.7624, -6.9375],
            [-73.6384, -6.7537],
            [-73.3529, -6.5931],
            [-73.2277, -6.5881],
            [-73.1041, -6.4102],
            [-73.2457, -6.1533],
            [-73.1527, -5.8686],
            [-72.9589, -5.6563],
            [-72.9588, -5.4659],
            [-72.8608, -5.2702],
            [-72.8694, -5.1784],
            [-72.7283, -5.0515],
            [-72.6214, -5.0509],
            [-72.5211, -4.9328],
            [-72.3823, -4.8735],
            [-72.3706, -4.8047],
            [-72.2545, -4.791],
            [-71.9475, -4.6087],
            [-71.9065, -4.5154],
            [-71.7858, -4.4835],
            [-71.603, -4.5294],
            [-71.507, -4.4383],
            [-71.2757, -4.4394],
            [-71.2702, -4.3849],
            [-71.1159, -4.4097],
            [-70.9944, -4.3449],
            [-70.9367, -4.3837],
            [-70.7615, -4.1591],
            [-70.682, -4.2071],
            [-70.5508, -4.137],
            [-70.2868, -4.1681],
            [-70.3073, -4.2588],
            [-70.1978, -4.3604],
            [-70.1569, -4.2742],
            [-69.981, -4.3443],
            [-69.9332, -4.2197],
            [-69.4517, -1.5389],
            [-69.3971, -1.3603],
            [-69.4309, -1.2269],
            [-69.3951, -1.124],
            [-69.4709, -0.9577],
            [-69.6254, -0.7458],
            [-69.5622, -0.6361],
            [-69.6083, -0.5004],
            [-69.8448, -0.3371],
            [-69.9208, -0.3256],
            [-70.0546, -0.1883],
            [-70.0466, -0.1277],
            [-70.0409, 0.1087],
            [-69.9836, 0.0438],
            [-69.9819, -0.0071],
            [-69.9579, -0.0098],
            [-69.9172, -0.0596],
            [-69.9197, -0.0854],
            [-69.8966, -0.1222],
            [-69.8564, -0.128],
            [-69.8219, -0.1007],
            [-69.8063, -0.1162],
            [-69.776, -0.0895],
            [-69.7319, -0.0799],
            [-69.6949, -0.0926],
            [-69.6461, -0.169],
            [-69.5856, -0.2268],
            [-69.5431, -0.3481],
            [-69.502, -0.3562],
            [-69.3668, -0.4344],
            [-69.2329, -0.4899],
            [-69.1162, -0.5333],
            [-69.0082, -0.4806],
            [-68.8455, -0.5275],
            [-68.6989, -0.5699],
            [-68.6252, -0.6634],
            [-68.614, -0.7086],
            [-68.5158, -0.7583],
            [-68.4258, -0.7612],
            [-68.4045, -0.735],
            [-68.2656, -0.6662],
            [-68.1677, -0.6652],
            [-68.1607, -1.4834],
            [-67.9176, -1.5182],
            [-67.6569, -1.494],
            [-67.5829, -1.6363],
            [-67.5048, -1.6643],
            [-67.2792, -1.5937],
            [-66.6692, -1.6128],
            [-66.4054, -1.4452],
            [-66.3324, -1.5633],
            [-66.1551, -1.4401],
            [-65.9208, -1.4019],
            [-65.8657, -1.4607],
            [-65.6923, -1.4959],
            [-65.6523, -1.641],
            [-65.5265, -1.6729],
            [-65.4981, -1.7968],
            [-65.4362, -1.7307],
            [-65.2072, -1.7834],
            [-65.1831, -1.9334],
            [-65.0566, -1.9687],
            [-64.9403, -1.8871],
            [-64.9305, -2.1133],
            [-64.707, -2.0184],
            [-64.6615, -2.2134],
            [-64.531, -2.2448],
            [-64.5347, -2.388],
            [-64.4233, -2.4532],
            [-64.4288, -2.6333],
            [-64.3379, -2.6922],
            [-64.5102, -2.7416],
            [-64.4376, -2.9456],
            [-64.2721, -3.0722],
            [-64.2561, -3.1686],
            [-64.0852, -3.3595],
            [-64.1589, -3.511],
            [-63.9811, -3.6025],
            [-63.8803, -3.7929],
            [-64.05, -3.702],
            [-64.1715, -3.8617],
            [-64.2929, -3.9511],
            [-64.4666, -3.9993],
            [-64.5916, -4.0938],
            [-64.6974, -4.1143],
            [-64.8625, -4.2832],
            [-64.9864, -4.2748],
            [-65.1927, -4.5562],
            [-65.4367, -4.6639],
            [-65.5568, -4.827],
            [-65.6024, -4.9972],
            [-65.6952, -5.0356],
            [-65.6443, -5.2825],
            [-65.8179, -5.3063],
            [-65.9178, -5.4129],
            [-66.0263, -5.4442],
            [-66.0951, -5.3775],
            [-66.3478, -5.3724],
            [-66.6128, -5.4693],
            [-66.7013, -5.5579],
            [-66.9112, -5.5017],
            [-66.9552, -5.4187],
            [-66.9924, -5.5038],
            [-67.205, -5.6489],
            [-67.1857, -5.7258],
            [-67.3129, -5.8458],
            [-67.3916, -5.817],
            [-67.3772, -5.9185],
            [-67.5433, -5.9124],
            [-67.5891, -5.9796],
            [-67.6996, -5.9433],
            [-67.6864, -6.1149],
            [-67.6234, -6.2374],
            [-67.7453, -6.3569],
            [-67.7951, -6.5167],
            [-67.6296, -6.5688],
            [-67.3737, -6.493],
            [-67.2084, -6.333],
            [-66.8641, -6.4075],
            [-66.7826, -6.4854],
            [-66.5784, -6.5711],
            [-66.3591, -6.6205],
            [-66.4469, -6.7204],
            [-66.4699, -6.7264],
            [-66.8151, -6.8166],
            [-66.8991, -6.7909],
            [-66.928, -6.8111],
            [-67.0213, -6.7456],
            [-67.296, -6.8151],
            [-67.4301, -6.8946],
            [-67.4046, -7.0129],
            [-67.5034, -7.1795],
            [-67.522, -7.321],
            [-67.6115, -7.4049],
            [-67.6447, -7.3819],
            [-67.6671, -7.3359],
            [-67.7109, -7.2671],
            [-67.8886, -7.2718],
            [-67.8993, -7.1692],
            [-67.9993, -7.1516],
            [-68.081, -7.1463],
            [-68.3843, -7.1804],
            [-68.4669, -7.1415],
            [-68.5034, -7.2504],
            [-68.6004, -7.1438],
            [-68.7084, -7.1055],
            [-68.9496, -7.074],
            [-69.0044, -7.0674],
            [-69.1237, -7.025],
            [-69.2154, -6.9752],
            [-69.267, -7.0053],
            [-69.4262, -7.083],
            [-69.4511, -7.1617],
            [-69.5192, -7.479],
            [-69.6026, -7.6116],
            [-69.6109, -7.703],
            [-69.7673, -7.8649],
            [-69.7856, -7.9068]
          ]
        ]
      },
      "properties": { "cod_macro": "1302" }
    },
    {
      "type": "Feature",
      "geometry": {
        "type": "Polygon",
        "coordinates": [
          [
            [-58.2131, -7.4585],
            [-58.2022, -7.6209],
            [-58.3847, -7.844],
            [-58.2884, -8.0796],
            [-58.3149, -8.3231],
            [-58.4178, -8.4895],
            [-58.3895, -8.5948],
            [-58.4373, -8.7034],
            [-58.3262, -8.72],
            [-58.3953, -8.7803],
            [-58.4429, -8.7994],
            [-61.5831, -8.7987],
            [-61.606, -8.7947],
            [-61.6306, -8.722],
            [-61.8365, -8.7327],
            [-61.8597, -8.853],
            [-61.9852, -8.8786],
            [-62.0311, -8.7997],
            [-62.125, -8.8017],
            [-62.1884, -8.5906],
            [-62.2813, -8.6386],
            [-62.3258, -8.5637],
            [-62.3661, -8.4936],
            [-62.4322, -8.372],
            [-62.5185, -8.3847],
            [-62.6464, -8.2409],
            [-62.6816, -8.1012],
            [-62.8109, -8.0263],
            [-62.8414, -7.9883],
            [-62.8772, -7.9759],
            [-63.6201, -7.9765],
            [-63.6204, -7.8948],
            [-63.6346, -7.8828],
            [-63.622, -7.8561],
            [-63.5583, -7.8438],
            [-63.4754, -7.7489],
            [-63.3799, -7.6627],
            [-63.429, -7.6063],
            [-63.3213, -7.4477],
            [-63.3026, -7.3981],
            [-63.2438, -7.3989],
            [-63.3279, -7.1971],
            [-63.3073, -7.1034],
            [-63.1324, -6.9533],
            [-63.1489, -6.8672],
            [-63.0453, -6.8375],
            [-62.9425, -6.5467],
            [-62.7416, -6.2756],
            [-62.5687, -6.0966],
            [-62.4899, -5.97],
            [-62.3282, -5.8126],
            [-62.0144, -5.3254],
            [-61.942, -5.2943],
            [-61.3099, -4.7518],
            [-61.2234, -4.6017],
            [-60.8513, -4.2834],
            [-60.8074, -4.1821],
            [-60.6906, -4.2234],
            [-60.4756, -4.1303],
            [-60.2823, -4.1804],
            [-60.1292, -4.3893],
            [-59.9495, -4.3829],
            [-59.9889, -4.2607],
            [-59.9258, -4.2002],
            [-59.6354, -4.1922],
            [-59.5962, -4.017],
            [-59.5285, -3.9213],
            [-59.1428, -3.917],
            [-59.0801, -3.9636],
            [-58.8446, -3.8489],
            [-58.7739, -3.904],
            [-58.8193, -4.0022],
            [-58.6789, -4.1393],
            [-58.6151, -4.268],
            [-58.6598, -4.3951],
            [-58.6249, -4.4747],
            [-58.3965, -4.5036],
            [-58.196, -4.3487],
            [-58.1227, -4.3679],
            [-58.1566, -4.2337],
            [-58.2519, -4.2287],
            [-58.4663, -3.9282],
            [-58.2917, -3.8249],
            [-58.2972, -3.6952],
            [-58.226, -3.6104],
            [-58.3544, -3.5849],
            [-58.4168, -3.7286],
            [-58.6223, -3.6238],
            [-58.8718, -3.603],
            [-58.8977, -3.5078],
            [-58.7973, -3.4417],
            [-58.9981, -3.2452],
            [-59.1417, -3.282],
            [-59.3837, -3.181],
            [-59.3072, -3.1314],
            [-59.507, -2.9837],
            [-59.4099, -2.857],
            [-59.2305, -2.7019],
            [-59.1559, -2.5149],
            [-59.2704, -2.4458],
            [-59.0817, -2.2765],
            [-59.1813, -2.2064],
            [-59.1154, -2.0307],
            [-59.2549, -1.8353],
            [-59.1231, -1.5982],
            [-59.257, -1.4233],
            [-59.2984, -1.4784],
            [-59.5039, -1.4477],
            [-59.4357, -1.2801],
            [-59.3605, -1.2626],
            [-59.38, -1.1123],
            [-59.701, -1.1051],
            [-59.8243, -1.0057],
            [-59.8568, -0.911],
            [-59.9648, -0.844],
            [-60.0543, -0.676],
            [-59.829, -0.4092],
            [-59.8467, -0.2871],
            [-59.8541, -0.1789],
            [-59.9185, -0.1397],
            [-59.8658, -0.0562],
            [-59.9572, 0.0376],
            [-59.9758, -0.0346],
            [-60.025, -0.0421],
            [-60.1907, -0.0857],
            [-60.1326, 0.0277],
            [-60.038, 0.2635],
            [-58.8955, 0.2635],
            [-58.8983, -0.0179],
            [-58.8631, -0.1609],
            [-58.8654, -0.2655],
            [-58.8731, -0.3437],
            [-58.7253, -0.4383],
            [-58.7378, -0.6178],
            [-58.449, -0.9354],
            [-58.3213, -1.1456],
            [-58.2559, -1.1308],
            [-58.154, -1.2327],
            [-58.0587, -1.1065],
            [-57.9658, -1.1693],
            [-57.9987, -1.3313],
            [-57.9096, -1.4286],
            [-57.8228, -1.4387],
            [-57.7062, -1.5724],
            [-57.4025, -1.6766],
            [-57.3514, -1.7367],
            [-57.2586, -1.6969],
            [-57.0848, -1.7805],
            [-57.0284, -1.918],
            [-56.85, -2.0202],
            [-56.739, -2.017],
            [-56.7685, -2.1658],
            [-56.6129, -2.2102],
            [-56.5271, -2.1392],
            [-56.4139, -2.1759],
            [-56.2284, -2.0562],
            [-56.1024, -2.048],
            [-56.2038, -2.1831],
            [-56.3912, -2.2764],
            [-56.4208, -2.3602],
            [-56.4021, -2.4565],
            [-58.2553, -6.4541],
            [-58.3499, -6.5624],
            [-58.4273, -6.6162],
            [-58.4785, -6.6996],
            [-58.4818, -6.7814],
            [-58.4346, -6.9088],
            [-58.3354, -6.9864],
            [-58.2458, -7.0858],
            [-58.1751, -7.2023],
            [-58.1721, -7.3086],
            [-58.1372, -7.3557],
            [-58.2131, -7.4585]
          ]
        ]
      },
      "properties": { "cod_macro": "1303" }
    },
    {
      "type": "Feature",
      "geometry": {
        "type": "Polygon",
        "coordinates": [
          [
            [-67.3258, -9.5924],
            [-67.5169, -9.5609],
            [-68.6472, -9.0494],
            [-69.8019, -8.061],
            [-69.7856, -7.9068],
            [-69.7673, -7.8649],
            [-69.6109, -7.703],
            [-69.6026, -7.6116],
            [-69.5192, -7.479],
            [-69.4511, -7.1617],
            [-69.4262, -7.083],
            [-69.267, -7.0053],
            [-69.2154, -6.9752],
            [-69.1237, -7.025],
            [-69.0044, -7.0674],
            [-68.9496, -7.074],
            [-68.7084, -7.1055],
            [-68.6004, -7.1438],
            [-68.5034, -7.2504],
            [-68.4669, -7.1415],
            [-68.3843, -7.1804],
            [-68.081, -7.1463],
            [-67.9993, -7.1516],
            [-67.8993, -7.1692],
            [-67.8886, -7.2718],
            [-67.7109, -7.2671],
            [-67.6671, -7.3359],
            [-67.6384, -7.3897],
            [-67.6113, -7.4049],
            [-67.522, -7.321],
            [-67.5034, -7.1795],
            [-67.4046, -7.0129],
            [-67.4301, -6.8946],
            [-67.296, -6.8151],
            [-67.0213, -6.7456],
            [-66.928, -6.8111],
            [-66.8991, -6.7909],
            [-66.8151, -6.8166],
            [-66.4699, -6.7264],
            [-66.4469, -6.7204],
            [-66.3591, -6.6205],
            [-66.5784, -6.5711],
            [-66.7826, -6.4854],
            [-66.8641, -6.4075],
            [-67.2084, -6.333],
            [-67.3737, -6.493],
            [-67.6296, -6.5688],
            [-67.7951, -6.5167],
            [-67.7453, -6.3569],
            [-67.6234, -6.2374],
            [-67.6864, -6.1149],
            [-67.6996, -5.9433],
            [-67.5891, -5.9796],
            [-67.5433, -5.9124],
            [-67.3772, -5.9185],
            [-67.3916, -5.817],
            [-67.3129, -5.8458],
            [-67.1857, -5.7258],
            [-67.205, -5.6489],
            [-66.9924, -5.5038],
            [-66.9552, -5.4187],
            [-66.9112, -5.5017],
            [-66.7013, -5.5579],
            [-66.6128, -5.4693],
            [-66.3478, -5.3724],
            [-66.0951, -5.3775],
            [-66.0263, -5.4442],
            [-65.9178, -5.4129],
            [-65.8179, -5.3063],
            [-65.6443, -5.2825],
            [-65.6952, -5.0356],
            [-65.6024, -4.9972],
            [-65.5568, -4.827],
            [-65.4367, -4.6639],
            [-65.1927, -4.5562],
            [-64.9864, -4.2748],
            [-64.8625, -4.2832],
            [-64.6974, -4.1143],
            [-64.5916, -4.0938],
            [-64.4666, -3.9993],
            [-64.2929, -3.9511],
            [-64.1715, -3.8617],
            [-64.05, -3.702],
            [-63.8803, -3.7929],
            [-63.9811, -3.6025],
            [-64.1589, -3.511],
            [-64.0852, -3.3595],
            [-64.2561, -3.1686],
            [-64.2721, -3.0722],
            [-64.4376, -2.9456],
            [-64.5102, -2.7416],
            [-64.3379, -2.6922],
            [-64.4288, -2.6333],
            [-64.4233, -2.4532],
            [-64.5347, -2.388],
            [-64.531, -2.2448],
            [-64.6615, -2.2134],
            [-64.707, -2.0184],
            [-64.9305, -2.1133],
            [-64.9403, -1.8871],
            [-65.0566, -1.9687],
            [-65.1831, -1.9334],
            [-65.2072, -1.7834],
            [-65.4362, -1.7307],
            [-65.4981, -1.7968],
            [-65.5265, -1.6729],
            [-65.6523, -1.641],
            [-65.6923, -1.4959],
            [-65.8657, -1.4607],
            [-65.9208, -1.4019],
            [-66.1551, -1.4401],
            [-66.3324, -1.5633],
            [-66.4054, -1.4452],
            [-66.6692, -1.6128],
            [-67.2792, -1.5937],
            [-67.5048, -1.6643],
            [-67.5829, -1.6363],
            [-67.6569, -1.494],
            [-67.9176, -1.5182],
            [-68.1607, -1.4834],
            [-68.1678, -0.6652],
            [-68.2656, -0.6662],
            [-68.4045, -0.735],
            [-68.4259, -0.7613],
            [-68.554, -0.7471],
            [-68.6141, -0.7085],
            [-68.6252, -0.6634],
            [-68.6989, -0.57],
            [-68.8455, -0.5275],
            [-69.0082, -0.4806],
            [-69.1162, -0.5333],
            [-69.2329, -0.4899],
            [-69.3668, -0.4344],
            [-69.502, -0.3562],
            [-69.5888, -0.2217],
            [-69.7154, -0.0829],
            [-69.7759, -0.0895],
            [-69.8065, -0.1163],
            [-69.8224, -0.1008],
            [-69.8569, -0.1282],
            [-69.8968, -0.122],
            [-69.9198, -0.0851],
            [-69.9173, -0.0595],
            [-69.9578, -0.0098],
            [-69.9894, 0.0039],
            [-69.9836, 0.0437],
            [-70.0337, 0.1074],
            [-70.0471, 0.0683],
            [-70.0465, 0.5629],
            [-69.803, 0.5718],
            [-69.6716, 0.6677],
            [-69.5972, 0.6543],
            [-69.48, 0.7358],
            [-69.3538, 0.6147],
            [-69.1157, 0.644],
            [-69.2442, 1.056],
            [-69.3754, 1.0895],
            [-69.8466, 1.0765],
            [-69.8457, 1.7137],
            [-69.6544, 1.7179],
            [-69.5347, 1.7768],
            [-69.3933, 1.7267],
            [-68.1633, 1.7278],
            [-68.285, 1.8295],
            [-68.2047, 1.9837],
            [-68.1399, 1.9705],
            [-68.0361, 1.8151],
            [-67.9077, 1.8056],
            [-67.9222, 1.8924],
            [-67.7753, 2.0353],
            [-67.6564, 1.9918],
            [-67.55, 2.1468],
            [-67.3979, 2.2353],
            [-67.3202, 1.9121],
            [-67.1262, 1.7764],
            [-67.1443, 1.6037],
            [-67.103, 1.5802],
            [-67.078, 1.3654],
            [-67.156, 1.3193],
            [-67.0906, 1.1656],
            [-66.8569, 1.228],
            [-66.3106, 0.745],
            [-66.146, 0.7475],
            [-65.967, 0.8139],
            [-65.8934, 0.9344],
            [-65.7428, 1.001],
            [-65.5699, 0.9958],
            [-65.4965, 0.875],
            [-65.5914, 0.7216],
            [-65.5428, 0.6466],
            [-65.4259, 0.7039],
            [-65.4119, 0.8239],
            [-65.3327, 0.9233],
            [-65.1977, 0.9134],
            [-65.1604, 1.1221],
            [-65.0127, 1.1091],
            [-64.956, 1.216],
            [-64.8013, 1.3141],
            [-64.7435, 1.2263],
            [-64.5772, 1.3406],
            [-64.5576, 1.4133],
            [-64.3909, 1.5296],
            [-64.4099, 1.403],
            [-64.3378, 1.3612],
            [-64.2606, 1.5023],
            [-64.1254, 1.5784],
            [-64.0612, 1.7014],
            [-64.0611, 1.9245],
            [-63.9923, 1.9825],
            [-63.841, 1.9611],
            [-63.5479, 2.1345],
            [-63.2764, 2.1544],
            [-63.1655, 2.1803],
            [-63.1376, 2.1611],
            [-63.1072, 2.0793],
            [-63.0536, 2.0289],
            [-62.8386, 2.0164],
            [-62.706, 1.9397],
            [-62.7237, 1.7124],
            [-62.8053, 1.5913],
            [-62.6355, 1.4318],
            [-62.5211, 1.0838],
            [-62.4777, 1.0279],
            [-62.4577, 0.7852],
            [-62.5005, 0.7479],
            [-62.5372, 0.6851],
            [-62.5183, 0.5838],
            [-62.5187, 0.4437],
            [-62.4218, 0.0978],
            [-62.3366, 0.0216],
            [-62.3198, -0.0963],
            [-62.2416, -0.1705],
            [-62.2481, -0.2963],
            [-62.1869, -0.3256],
            [-62.3184, -0.5446],
            [-62.2929, -0.6477],
            [-62.403, -0.7224],
            [-62.4866, -0.6815],
            [-62.5011, -0.7815],
            [-62.3958, -0.8204],
            [-62.2591, -0.9759],
            [-62.0316, -1.1265],
            [-61.8966, -1.3954],
            [-61.7902, -1.379],
            [-61.6244, -1.4387],
            [-61.4747, -1.579],
            [-61.4733, -1.5278],
            [-61.6191, -1.3948],
            [-61.6288, -1.3015],
            [-61.5429, -1.0622],
            [-61.5827, -0.9369],
            [-61.5356, -0.7544],
            [-61.4652, -0.6602],
            [-61.2318, -0.5605],
            [-61.2213, -0.499],
            [-60.9323, -0.5487],
            [-60.8079, -0.6944],
            [-60.762, -0.8629],
            [-60.5871, -0.8428],
            [-60.5025, -0.8405],
            [-60.426, -0.7714],
            [-60.3467, -0.7394],
            [-60.3161, -0.6353],
            [-60.3769, -0.5692],
            [-60.3836, -0.4605],
            [-60.2923, -0.2945],
            [-60.3034, -0.21],
            [-60.2688, -0.1766],
            [-60.2212, -0.1418],
            [-60.1907, -0.0857],
            [-60.025, -0.0421],
            [-59.9758, -0.0346],
            [-59.9572, 0.0376],
            [-59.8658, -0.0562],
            [-59.9185, -0.1397],
            [-59.8541, -0.1789],
            [-59.8467, -0.2871],
            [-59.829, -0.4092],
            [-60.0543, -0.676],
            [-59.9648, -0.844],
            [-59.8568, -0.911],
            [-59.8243, -1.0057],
            [-59.701, -1.1051],
            [-59.38, -1.1123],
            [-59.3605, -1.2626],
            [-59.4357, -1.2801],
            [-59.5039, -1.4477],
            [-59.2984, -1.4784],
            [-59.257, -1.4233],
            [-59.1231, -1.5982],
            [-59.2549, -1.8353],
            [-59.1154, -2.0307],
            [-59.1813, -2.2064],
            [-59.0817, -2.2765],
            [-59.2704, -2.4458],
            [-59.1559, -2.5149],
            [-59.2305, -2.7019],
            [-59.4099, -2.857],
            [-59.507, -2.9837],
            [-59.3072, -3.1314],
            [-59.3837, -3.181],
            [-59.1417, -3.282],
            [-58.9981, -3.2452],
            [-58.7973, -3.4417],
            [-58.8977, -3.5078],
            [-58.8718, -3.603],
            [-58.6223, -3.6238],
            [-58.4168, -3.7286],
            [-58.3544, -3.5849],
            [-58.226, -3.6104],
            [-58.2972, -3.6952],
            [-58.2917, -3.8249],
            [-58.4663, -3.9282],
            [-58.2519, -4.2287],
            [-58.1566, -4.2337],
            [-58.1227, -4.3679],
            [-58.196, -4.3487],
            [-58.3965, -4.5036],
            [-58.6249, -4.4747],
            [-58.6598, -4.3951],
            [-58.6151, -4.268],
            [-58.6789, -4.1393],
            [-58.8193, -4.0022],
            [-58.7739, -3.904],
            [-58.8446, -3.8489],
            [-59.0801, -3.9636],
            [-59.1428, -3.917],
            [-59.5285, -3.9213],
            [-59.5962, -4.017],
            [-59.6354, -4.1922],
            [-59.9258, -4.2002],
            [-59.9889, -4.2607],
            [-59.9495, -4.3829],
            [-60.1292, -4.3893],
            [-60.2823, -4.1804],
            [-60.4756, -4.1303],
            [-60.6906, -4.2234],
            [-60.8074, -4.1821],
            [-60.8513, -4.2834],
            [-61.2234, -4.6017],
            [-61.3099, -4.7518],
            [-61.942, -5.2943],
            [-62.0144, -5.3254],
            [-62.3282, -5.8126],
            [-62.4899, -5.97],
            [-62.5687, -6.0966],
            [-62.7416, -6.2756],
            [-62.9425, -6.5467],
            [-63.0453, -6.8375],
            [-63.1489, -6.8672],
            [-63.1324, -6.9533],
            [-63.3073, -7.1034],
            [-63.3279, -7.1971],
            [-63.2438, -7.3989],
            [-63.3026, -7.3981],
            [-63.3213, -7.4477],
            [-63.429, -7.6063],
            [-63.3799, -7.6627],
            [-63.4754, -7.7489],
            [-63.5583, -7.8438],
            [-63.6003, -7.8466],
            [-63.6346, -7.8736],
            [-63.6204, -7.8949],
            [-63.6218, -8.0296],
            [-63.667, -8.0816],
            [-63.747, -8.1986],
            [-63.7912, -8.3332],
            [-63.9441, -8.3312],
            [-64.0279, -8.7157],
            [-64.1309, -8.7222],
            [-64.1448, -8.7764],
            [-64.1295, -8.8052],
            [-64.1582, -8.8432],
            [-64.1495, -8.9589],
            [-64.2332, -8.9923],
            [-64.3234, -8.9289],
            [-64.6111, -9.0165],
            [-64.7916, -8.9864],
            [-64.9173, -9.0431],
            [-64.9197, -9.2203],
            [-65.0535, -9.4021],
            [-65.1429, -9.4468],
            [-65.2467, -9.2577],
            [-65.3852, -9.338],
            [-65.447, -9.3164],
            [-65.4347, -9.4663],
            [-65.5968, -9.4139],
            [-65.7915, -9.5856],
            [-65.9703, -9.4132],
            [-66.3748, -9.4264],
            [-66.5006, -9.6336],
            [-66.6094, -9.6649],
            [-66.8103, -9.818],
            [-67.3258, -9.5924]
          ]
        ]
      },
      "properties": { "cod_macro": "1304" }
    },
    {
      "type": "Feature",
      "geometry": {
        "type": "Polygon",
        "coordinates": [
          [
            [-61.4733, -1.5278],
            [-61.4827, -1.5806],
            [-61.6244, -1.4387],
            [-61.7902, -1.379],
            [-61.8966, -1.3954],
            [-62.0316, -1.1265],
            [-62.2591, -0.9759],
            [-62.3958, -0.8204],
            [-62.5011, -0.7815],
            [-62.4866, -0.6815],
            [-62.403, -0.7224],
            [-62.2929, -0.6477],
            [-62.3184, -0.5446],
            [-62.1869, -0.3256],
            [-62.2481, -0.2963],
            [-62.2416, -0.1705],
            [-62.3198, -0.0963],
            [-62.3366, 0.0216],
            [-62.4218, 0.0978],
            [-62.5187, 0.4437],
            [-62.5183, 0.5838],
            [-62.5333, 0.7013],
            [-62.4577, 0.7852],
            [-62.4777, 1.0279],
            [-62.5211, 1.0838],
            [-62.6355, 1.4318],
            [-62.8053, 1.5913],
            [-62.7237, 1.7124],
            [-62.706, 1.9397],
            [-62.8386, 2.0164],
            [-63.0536, 2.0289],
            [-63.1198, 2.0965],
            [-63.1463, 2.1733],
            [-63.1941, 2.1812],
            [-63.2764, 2.1544],
            [-63.3822, 2.2277],
            [-63.3554, 2.3867],
            [-63.4138, 2.4529],
            [-63.7676, 2.4417],
            [-63.8455, 2.4956],
            [-63.9359, 2.4566],
            [-64.0603, 2.5004],
            [-63.9865, 2.6482],
            [-63.9976, 2.7686],
            [-64.1074, 2.9791],
            [-64.2189, 3.0907],
            [-64.1173, 3.2784],
            [-64.118, 3.469],
            [-64.2442, 3.6606],
            [-64.2937, 3.6536],
            [-64.457, 3.7822],
            [-64.5508, 3.9254],
            [-64.7726, 4.0535],
            [-64.8231, 4.1974],
            [-64.7363, 4.2804],
            [-64.6334, 4.1181],
            [-64.4392, 4.1154],
            [-64.2951, 4.1612],
            [-64.1359, 4.1071],
            [-63.9662, 3.8695],
            [-63.9178, 3.9336],
            [-63.666, 3.9099],
            [-63.6411, 3.9812],
            [-63.4986, 3.8403],
            [-63.3923, 3.9791],
            [-63.2169, 3.9167],
            [-63.2036, 3.8136],
            [-63.0995, 3.794],
            [-63.0729, 3.6867],
            [-62.951, 3.6111],
            [-62.8373, 3.7372],
            [-62.7443, 3.6742],
            [-62.7269, 3.8042],
            [-62.7891, 3.8937],
            [-62.7505, 4.0335],
            [-62.5571, 4.0162],
            [-62.5384, 4.1357],
            [-62.363, 4.1717],
            [-62.1451, 4.0754],
            [-62.0694, 4.1567],
            [-61.8164, 4.1663],
            [-61.7751, 4.2474],
            [-61.5577, 4.2519],
            [-61.5115, 4.4061],
            [-61.3445, 4.4175],
            [-61.3221, 4.5339],
            [-61.1456, 4.4801],
            [-60.9979, 4.5156],
            [-60.9019, 4.7161],
            [-60.7509, 4.7537],
            [-60.5896, 4.9326],
            [-60.6424, 5.111],
            [-60.7239, 5.2203],
            [-60.4395, 5.1763],
            [-60.2172, 5.2686],
            [-60.1155, 5.2516],
            [-60.0869, 5.1365],
            [-59.9702, 5.0631],
            [-60.0705, 4.6169],
            [-60.1613, 4.5178],
            [-59.9356, 4.4993],
            [-59.6701, 4.3758],
            [-59.7312, 4.181],
            [-59.6186, 4.1326],
            [-59.6543, 4.0696],
            [-59.5158, 3.9458],
            [-59.6686, 3.7031],
            [-59.8727, 3.5638],
            [-59.8032, 3.5043],
            [-59.8044, 3.3608],
            [-59.9081, 3.2123],
            [-59.984, 2.9297],
            [-59.9915, 2.6845],
            [-59.8969, 2.481],
            [-59.9093, 2.3892],
            [-59.7234, 2.2768],
            [-59.7514, 1.9066],
            [-59.672, 1.8415],
            [-59.6914, 1.7566],
            [-59.538, 1.7213],
            [-59.2833, 1.4084],
            [-58.9796, 1.302],
            [-58.8955, 1.2275],
            [-58.8955, 0.2635],
            [-60.038, 0.2635],
            [-60.1326, 0.0277],
            [-60.2119, -0.0394],
            [-60.2212, -0.1418],
            [-60.2688, -0.1766],
            [-60.3034, -0.21],
            [-60.2923, -0.2945],
            [-60.3836, -0.4605],
            [-60.3769, -0.5692],
            [-60.3161, -0.6353],
            [-60.3467, -0.7394],
            [-60.426, -0.7714],
            [-60.5025, -0.8405],
            [-60.5871, -0.8428],
            [-60.762, -0.8629],
            [-60.8079, -0.6944],
            [-60.9323, -0.5487],
            [-61.2213, -0.499],
            [-61.2318, -0.5605],
            [-61.4652, -0.6602],
            [-61.5356, -0.7544],
            [-61.5827, -0.9369],
            [-61.5429, -1.0622],
            [-61.6288, -1.3015],
            [-61.6191, -1.3948],
            [-61.4733, -1.5278]
          ]
        ]
      },
      "properties": { "cod_macro": "1401" }
    },
    {
      "type": "Feature",
      "geometry": {
        "type": "Polygon",
        "coordinates": [
          [
            [-50.1053, -9.4754],
            [-50.0896, -9.5457],
            [-50.151, -9.6956],
            [-50.1979, -9.7588],
            [-50.2248, -9.8412],
            [-53.1334, -9.6453],
            [-53.1216, -9.5635],
            [-53.0425, -9.4773],
            [-52.9396, -9.4214],
            [-52.9645, -9.2246],
            [-53.0848, -9.1161],
            [-53.0161, -9.0644],
            [-53.0552, -8.954],
            [-53.0152, -8.7755],
            [-53.0063, -8.7048],
            [-52.9241, -8.7048],
            [-52.8992, -8.6308],
            [-52.9149, -8.5382],
            [-52.9487, -8.4839],
            [-52.898, -8.433],
            [-53.0083, -8.2988],
            [-52.9681, -8.2404],
            [-52.9403, -8.2013],
            [-52.9656, -8.0237],
            [-53.0148, -7.998],
            [-53.0671, -7.9186],
            [-52.9921, -7.8277],
            [-53.0284, -7.7237],
            [-53.169, -7.5569],
            [-53.091, -7.4857],
            [-53.1201, -7.3955],
            [-53.3145, -7.2107],
            [-53.253, -7.1178],
            [-53.3174, -7.0275],
            [-53.3196, -6.8965],
            [-53.2355, -6.8201],
            [-53.2569, -6.7756],
            [-53.3949, -6.7176],
            [-53.4645, -6.6768],
            [-53.4401, -6.5591],
            [-53.3739, -6.594],
            [-53.2601, -6.4637],
            [-53.1818, -6.4587],
            [-53.2602, -6.2893],
            [-53.2862, -6.2343],
            [-53.3409, -6.1319],
            [-53.369, -6.058],
            [-53.3228, -6.0522],
            [-53.2792, -5.9818],
            [-53.2419, -5.9501],
            [-53.1405, -5.901],
            [-52.9759, -5.8451],
            [-52.9394, -5.744],
            [-52.7764, -5.7244],
            [-52.6902, -5.6537],
            [-52.6918, -5.5123],
            [-52.6122, -5.2431],
            [-52.4264, -5.154],
            [-52.2737, -5.226],
            [-52.2793, -5.2749],
            [-52.1092, -5.3526],
            [-52.0511, -5.1514],
            [-50.9302, -5.1506],
            [-50.86, -5.0004],
            [-50.9123, -4.8647],
            [-50.9201, -4.626],
            [-50.8798, -4.4475],
            [-50.995, -4.3607],
            [-50.9737, -4.2553],
            [-50.8184, -4.2949],
            [-50.6733, -4.2087],
            [-50.8814, -3.8536],
            [-50.1085, -4.078],
            [-50.1235, -3.9879],
            [-50.0178, -3.905],
            [-49.958, -3.7877],
            [-49.998, -3.7138],
            [-49.9683, -3.6836],
            [-49.9687, -3.6641],
            [-49.8725, -3.665],
            [-49.7427, -3.5929],
            [-49.6563, -3.5298],
            [-49.6129, -3.4463],
            [-49.6009, -3.416],
            [-48.9256, -3.4129],
            [-48.9277, -3.433],
            [-49.0248, -3.5112],
            [-48.8791, -3.5716],
            [-48.8711, -3.6715],
            [-48.5784, -3.8145],
            [-48.3887, -3.8373],
            [-48.2329, -3.7882],
            [-48.0096, -3.8301],
            [-47.8956, -4.0193],
            [-47.7831, -4.0602],
            [-47.7053, -4.0329],
            [-47.4638, -4.1556],
            [-47.3513, -4.1053],
            [-47.3402, -4.177],
            [-47.3658, -4.1806],
            [-47.4747, -4.315],
            [-47.5028, -4.4037],
            [-47.68, -4.6086],
            [-47.7926, -4.5864],
            [-48.7552, -5.3492],
            [-48.7369, -5.374],
            [-48.5052, -5.4293],
            [-48.3847, -5.3942],
            [-48.3007, -5.523],
            [-48.2126, -5.5542],
            [-48.1382, -5.6027],
            [-48.1346, -5.6354],
            [-48.171, -5.7074],
            [-48.22, -5.7282],
            [-48.2757, -5.7265],
            [-48.292, -5.8368],
            [-48.2357, -5.911],
            [-48.2316, -5.9461],
            [-48.3071, -5.9748],
            [-48.3347, -6.0043],
            [-48.2972, -6.1105],
            [-48.4349, -6.1832],
            [-48.3827, -6.3796],
            [-48.4477, -6.3512],
            [-48.6132, -6.4537],
            [-48.652, -6.64],
            [-48.7369, -6.6928],
            [-48.8142, -6.7518],
            [-49.0189, -6.7842],
            [-49.2095, -6.9254],
            [-49.1853, -7.2352],
            [-49.378, -7.4964],
            [-49.3281, -7.6778],
            [-49.1484, -7.8073],
            [-49.1767, -8.0615],
            [-49.2833, -8.3796],
            [-49.377, -8.4553],
            [-49.5924, -8.8395],
            [-49.6844, -8.8565],
            [-49.8426, -9.0273],
            [-49.9077, -9.1738],
            [-50.005, -9.2688],
            [-50.1053, -9.4754]
          ]
        ]
      },
      "properties": { "cod_macro": "1509" }
    },
    {
      "type": "Feature",
      "geometry": {
        "type": "Polygon",
        "coordinates": [
          [
            [-56.6719, -9.3674],
            [-56.7611, -9.405],
            [-56.8201, -9.2463],
            [-56.9955, -9.2338],
            [-57.0392, -9.0983],
            [-57.195, -8.9275],
            [-57.4199, -8.853],
            [-57.4276, -8.7832],
            [-57.5929, -8.7565],
            [-57.6869, -8.4163],
            [-57.6672, -8.1765],
            [-57.8288, -7.9729],
            [-57.8738, -7.8012],
            [-57.9396, -7.6531],
            [-58.0614, -7.3952],
            [-58.1684, -7.3179],
            [-58.1697, -7.2222],
            [-58.2129, -7.1316],
            [-58.2474, -7.0843],
            [-58.3354, -6.9864],
            [-58.4346, -6.9088],
            [-58.4818, -6.7814],
            [-58.4689, -6.6776],
            [-58.4218, -6.6107],
            [-58.3499, -6.5624],
            [-58.2553, -6.4541],
            [-56.4021, -2.4565],
            [-56.4208, -2.3602],
            [-56.3912, -2.2764],
            [-56.2635, -2.2211],
            [-56.1812, -2.1606],
            [-56.1024, -2.048],
            [-56.2284, -2.0562],
            [-56.4139, -2.1759],
            [-56.5271, -2.1392],
            [-56.6129, -2.2102],
            [-56.7685, -2.1658],
            [-56.739, -2.017],
            [-56.85, -2.0202],
            [-57.0284, -1.918],
            [-57.0848, -1.7805],
            [-57.2586, -1.6969],
            [-57.3514, -1.7367],
            [-57.4025, -1.6766],
            [-57.7062, -1.5724],
            [-57.8228, -1.4387],
            [-57.9096, -1.4286],
            [-57.9987, -1.3313],
            [-57.9658, -1.1693],
            [-58.0587, -1.1065],
            [-58.154, -1.2327],
            [-58.2559, -1.1308],
            [-58.3213, -1.1456],
            [-58.449, -0.9354],
            [-58.7378, -0.6178],
            [-58.7253, -0.4383],
            [-58.8738, -0.3418],
            [-58.8654, -0.2655],
            [-58.8631, -0.1609],
            [-58.8983, -0.0179],
            [-58.8936, 1.2315],
            [-58.8247, 1.1709],
            [-58.7122, 1.2901],
            [-58.4991, 1.2652],
            [-58.4567, 1.3726],
            [-58.5115, 1.4615],
            [-58.3952, 1.526],
            [-58.1915, 1.5727],
            [-58.1298, 1.4977],
            [-58.0034, 1.5007],
            [-57.996, 1.6601],
            [-57.916, 1.6437],
            [-57.7948, 1.7237],
            [-57.6529, 1.6786],
            [-57.515, 1.7237],
            [-57.4357, 1.9066],
            [-57.3077, 1.9994],
            [-57.2283, 1.9377],
            [-57.0867, 2.0297],
            [-56.9626, 1.8693],
            [-56.7145, 1.9248],
            [-56.5829, 1.9048],
            [-56.45, 1.9564],
            [-56.2622, 1.8822],
            [-56.1708, 1.9003],
            [-55.9999, 1.8363],
            [-55.8953, 1.895],
            [-55.8998, 2.0418],
            [-56.0333, 2.2168],
            [-56.1389, 2.2672],
            [-56.0903, 2.3678],
            [-55.9874, 2.4152],
            [-55.9784, 2.525],
            [-55.7648, 2.4553],
            [-55.7184, 2.4003],
            [-55.4034, 2.4451],
            [-55.3154, 2.5302],
            [-55.2633, 2.4856],
            [-55.123, 2.5681],
            [-54.9717, 2.5665],
            [-54.8747, 2.4153],
            [-54.8076, 2.3417],
            [-54.7631, 2.2023],
            [-54.8038, 2.0258],
            [-54.7448, 1.7758],
            [-54.5709, 1.7845],
            [-54.3093, 1.7411],
            [-54.1437, 1.6406],
            [-54.0865, 1.4883],
            [-54.0246, 1.4999],
            [-53.5334, 1.3224],
            [-53.539, 1.2124],
            [-53.4265, 1.2427],
            [-53.4115, 0.9293],
            [-53.1063, 0.684],
            [-53.174, 0.3743],
            [-53.0111, 0.095],
            [-52.9327, -0.1423],
            [-52.6888, -0.3041],
            [-52.7027, -0.4592],
            [-52.6292, -0.5938],
            [-52.525, -0.5853],
            [-52.4972, -0.7229],
            [-52.5438, -0.8515],
            [-52.4555, -0.8303],
            [-52.427, -1.0508],
            [-52.333, -1.1159],
            [-52.1203, -1.1462],
            [-52.1099, -1.2181],
            [-51.988, -1.1676],
            [-51.9656, -1.1258],
            [-51.8873, -1.1664],
            [-51.7907, -1.1986],
            [-51.9044, -1.3455],
            [-51.9876, -1.4327],
            [-52.2302, -1.486],
            [-52.1998, -1.6042],
            [-51.9567, -1.5917],
            [-51.99, -1.743],
            [-51.9662, -1.876],
            [-51.8744, -1.9373],
            [-51.9396, -2.1077],
            [-51.9205, -2.3315],
            [-51.8566, -2.5912],
            [-51.7525, -2.8411],
            [-51.7199, -2.7963],
            [-51.5279, -2.7443],
            [-51.4442, -2.7713],
            [-51.398, -2.8891],
            [-51.1514, -3.0222],
            [-51.1143, -3.1365],
            [-50.9727, -3.1246],
            [-50.8468, -3.2962],
            [-50.809, -3.495],
            [-50.4859, -3.4583],
            [-50.3629, -3.3844],
            [-50.2294, -3.2339],
            [-50.0064, -3.3316],
            [-49.9086, -3.3257],
            [-49.8392, -3.4406],
            [-49.8059, -3.5331],
            [-49.8753, -3.5792],
            [-49.8763, -3.5985],
            [-49.9291, -3.6175],
            [-49.9365, -3.6507],
            [-49.9899, -3.692],
            [-49.9889, -3.7416],
            [-49.958, -3.7877],
            [-50.0178, -3.905],
            [-50.1235, -3.9879],
            [-50.1085, -4.078],
            [-50.8814, -3.8536],
            [-50.6733, -4.2087],
            [-50.8184, -4.2949],
            [-50.9737, -4.2553],
            [-50.995, -4.3607],
            [-50.8798, -4.4475],
            [-50.9201, -4.626],
            [-50.9123, -4.8647],
            [-50.86, -5.0004],
            [-50.9302, -5.1506],
            [-52.0511, -5.1514],
            [-52.1092, -5.3526],
            [-52.2793, -5.2749],
            [-52.2737, -5.226],
            [-52.4264, -5.154],
            [-52.6122, -5.2431],
            [-52.6918, -5.5123],
            [-52.6902, -5.6537],
            [-52.7764, -5.7244],
            [-52.9394, -5.744],
            [-52.9759, -5.8451],
            [-53.1405, -5.901],
            [-53.2419, -5.9501],
            [-53.2792, -5.9818],
            [-53.3228, -6.0522],
            [-53.369, -6.058],
            [-53.3409, -6.1319],
            [-53.2862, -6.2343],
            [-53.2602, -6.2893],
            [-53.1818, -6.4587],
            [-53.2601, -6.4637],
            [-53.3739, -6.594],
            [-53.4401, -6.5591],
            [-53.4645, -6.6768],
            [-53.3949, -6.7176],
            [-53.2473, -6.7869],
            [-53.2372, -6.823],
            [-53.3196, -6.8965],
            [-53.3174, -7.0275],
            [-53.253, -7.1178],
            [-53.3145, -7.2107],
            [-53.1201, -7.3955],
            [-53.091, -7.4857],
            [-53.169, -7.5569],
            [-53.0284, -7.7237],
            [-52.9921, -7.8277],
            [-53.0671, -7.9186],
            [-53.0148, -7.998],
            [-52.9656, -8.0237],
            [-52.9403, -8.2013],
            [-52.9681, -8.2404],
            [-53.0083, -8.2988],
            [-52.898, -8.433],
            [-52.9487, -8.4839],
            [-52.9149, -8.5382],
            [-52.8992, -8.6308],
            [-52.9241, -8.7048],
            [-53.0063, -8.7048],
            [-53.0152, -8.7755],
            [-53.0552, -8.954],
            [-53.0161, -9.0644],
            [-53.0848, -9.1161],
            [-52.9645, -9.2246],
            [-52.9396, -9.4214],
            [-53.0425, -9.4773],
            [-53.1216, -9.5635],
            [-53.1334, -9.6452],
            [-56.6719, -9.3674]
          ]
        ]
      },
      "properties": { "cod_macro": "1510" }
    },
    {
      "type": "Feature",
      "geometry": {
        "type": "Polygon",
        "coordinates": [
          [
            [-49.0248, -3.5112],
            [-48.9277, -3.433],
            [-48.8945, -3.3756],
            [-48.8195, -3.3801],
            [-48.6417, -3.233],
            [-48.5306, -3.1957],
            [-48.4939, -3.0977],
            [-48.5284, -3.0544],
            [-48.5577, -2.9492],
            [-48.4538, -2.6963],
            [-48.4633, -2.6013],
            [-48.5674, -2.4832],
            [-48.7005, -2.4633],
            [-48.6965, -2.3978],
            [-48.8222, -2.5255],
            [-48.8592, -2.573],
            [-48.8558, -2.3856],
            [-48.8098, -2.3881],
            [-48.7465, -2.2615],
            [-48.7128, -2.1992],
            [-48.6215, -2.1187],
            [-48.4672, -1.8835],
            [-48.4382, -1.659],
            [-48.505, -1.5383],
            [-48.2622, -1.4689],
            [-48.2032, -1.2365],
            [-48.1375, -1.1999],
            [-48.3238, -1.0597],
            [-48.4695, -1.0194],
            [-48.4096, -0.9058],
            [-48.281, -0.913],
            [-48.0552, -0.6618],
            [-47.9795, -0.6894],
            [-47.9124, -0.5625],
            [-47.808, -0.5879],
            [-47.7039, -0.5346],
            [-47.5385, -0.6045],
            [-47.4816, -0.7391],
            [-47.4766, -0.5935],
            [-47.3225, -0.5915],
            [-47.0948, -0.6724],
            [-47.0374, -0.794],
            [-46.9928, -0.7134],
            [-46.9412, -0.8692],
            [-46.8496, -0.7394],
            [-46.8017, -0.8724],
            [-46.6774, -0.7936],
            [-46.5957, -0.8518],
            [-46.6364, -0.9691],
            [-46.5333, -0.9544],
            [-46.4938, -0.8726],
            [-46.4103, -0.8876],
            [-46.4953, -0.9746],
            [-46.3214, -1.0247],
            [-46.204, -0.8849],
            [-46.1905, -1.0762],
            [-46.0763, -1.0249],
            [-46.0615, -1.1026],
            [-46.1493, -1.226],
            [-46.1401, -1.2477],
            [-46.1291, -1.3125],
            [-46.1763, -1.4749],
            [-46.1568, -1.6803],
            [-46.3085, -1.7309],
            [-46.3122, -1.8057],
            [-46.2536, -1.7958],
            [-46.2448, -1.8819],
            [-46.2833, -2.1544],
            [-46.4106, -2.2288],
            [-46.4159, -2.2691],
            [-46.4316, -2.3348],
            [-46.4563, -2.3867],
            [-46.4193, -2.5324],
            [-46.6343, -2.6855],
            [-46.6749, -2.7319],
            [-46.6519, -2.7572],
            [-46.6348, -2.7964],
            [-46.6808, -2.8831],
            [-46.6765, -3.0941],
            [-46.7481, -3.1219],
            [-46.8266, -3.2979],
            [-46.8492, -3.3184],
            [-46.9443, -3.3772],
            [-46.9757, -3.5298],
            [-47.0388, -3.5621],
            [-47.037, -3.668],
            [-47.0867, -3.8249],
            [-47.1731, -3.9238],
            [-47.3194, -4.0478],
            [-47.4638, -4.1556],
            [-47.7053, -4.0329],
            [-47.7831, -4.0602],
            [-47.8956, -4.0193],
            [-48.0096, -3.8301],
            [-48.2329, -3.7882],
            [-48.3887, -3.8373],
            [-48.5784, -3.8145],
            [-48.8711, -3.6715],
            [-48.8791, -3.5716],
            [-49.0248, -3.5112]
          ]
        ]
      },
      "properties": { "cod_macro": "1511" }
    },
    {
      "type": "Feature",
      "geometry": {
        "type": "Polygon",
        "coordinates": [
          [
            [-49.6563, -3.5298],
            [-49.7427, -3.5929],
            [-49.8725, -3.665],
            [-49.9365, -3.6507],
            [-49.9291, -3.6175],
            [-49.8763, -3.5985],
            [-49.8753, -3.5792],
            [-49.8059, -3.5331],
            [-49.8392, -3.4406],
            [-49.9086, -3.3257],
            [-50.0064, -3.3316],
            [-50.2294, -3.2339],
            [-50.3629, -3.3844],
            [-50.4859, -3.4583],
            [-50.809, -3.495],
            [-50.8468, -3.2962],
            [-50.9727, -3.1246],
            [-51.1143, -3.1365],
            [-51.1514, -3.0222],
            [-51.398, -2.8891],
            [-51.4442, -2.7713],
            [-51.5279, -2.7443],
            [-51.7199, -2.7963],
            [-51.7483, -2.8455],
            [-51.8566, -2.5912],
            [-51.9205, -2.3315],
            [-51.9396, -2.1077],
            [-51.8744, -1.9373],
            [-51.9662, -1.876],
            [-51.99, -1.743],
            [-51.9567, -1.5917],
            [-52.1998, -1.6042],
            [-52.2302, -1.486],
            [-51.9911, -1.4351],
            [-51.9044, -1.3455],
            [-51.7907, -1.1986],
            [-51.7794, -1.1376],
            [-51.6872, -1.036],
            [-51.6955, -0.9213],
            [-51.6792, -0.7853],
            [-51.4578, -0.5132],
            [-51.339, -0.2846],
            [-51.2164, -0.1186],
            [-51.0759, -0.0837],
            [-50.9462, 0.0627],
            [-50.762, 0.121],
            [-50.5561, 0.3067],
            [-50.4365, 0.6001],
            [-50.3472, 0.6668],
            [-50.2261, 0.6962],
            [-50.0292, 0.5781],
            [-50.1678, 0.3403],
            [-49.9142, 0.3197],
            [-49.5819, 0.4187],
            [-49.495, 0.3186],
            [-49.6333, 0.2414],
            [-49.6996, 0.1505],
            [-49.6322, 0.0749],
            [-49.3749, 0.0444],
            [-49.4386, -0.1265],
            [-49.3942, -0.1909],
            [-49.1666, -0.129],
            [-49.0126, -0.1599],
            [-48.9184, -0.2296],
            [-48.8101, -0.2148],
            [-48.3969, -0.2516],
            [-48.3781, -0.3255],
            [-48.4513, -0.4339],
            [-48.4867, -0.7272],
            [-48.4747, -0.8739],
            [-48.4096, -0.9058],
            [-48.4695, -1.0194],
            [-48.3238, -1.0597],
            [-48.1375, -1.1999],
            [-48.2032, -1.2365],
            [-48.2622, -1.4689],
            [-48.505, -1.5383],
            [-48.4382, -1.659],
            [-48.4672, -1.8835],
            [-48.6215, -2.1187],
            [-48.7128, -2.1992],
            [-48.7465, -2.2615],
            [-48.8098, -2.3881],
            [-48.8558, -2.3856],
            [-48.8592, -2.573],
            [-48.8222, -2.5255],
            [-48.6965, -2.3978],
            [-48.7005, -2.4633],
            [-48.5674, -2.4832],
            [-48.4633, -2.6013],
            [-48.4538, -2.6963],
            [-48.5577, -2.9492],
            [-48.5284, -3.0544],
            [-48.4939, -3.0947],
            [-48.5266, -3.1913],
            [-48.5906, -3.2255],
            [-48.6417, -3.233],
            [-48.8195, -3.3801],
            [-48.8945, -3.3756],
            [-48.9256, -3.4129],
            [-49.6009, -3.416],
            [-49.6129, -3.4463],
            [-49.6563, -3.5298]
          ]
        ]
      },
      "properties": { "cod_macro": "1512" }
    },
    {
      "type": "Feature",
      "geometry": {
        "type": "MultiPolygon",
        "coordinates": [
          [
            [
              [-51.8873, -1.1664],
              [-51.9656, -1.1258],
              [-51.988, -1.1676],
              [-52.1099, -1.2181],
              [-52.1203, -1.1462],
              [-52.333, -1.1159],
              [-52.427, -1.0508],
              [-52.4555, -0.8303],
              [-52.5438, -0.8515],
              [-52.4972, -0.7229],
              [-52.525, -0.5853],
              [-52.6292, -0.5938],
              [-52.7027, -0.4592],
              [-52.6888, -0.3041],
              [-52.9327, -0.1423],
              [-53.0111, 0.095],
              [-53.174, 0.3743],
              [-53.1063, 0.684],
              [-53.4115, 0.9293],
              [-53.4265, 1.2427],
              [-53.539, 1.2124],
              [-53.5334, 1.3224],
              [-54.0246, 1.4999],
              [-54.0865, 1.4883],
              [-54.1437, 1.6406],
              [-54.3093, 1.7411],
              [-54.5709, 1.7845],
              [-54.7448, 1.7758],
              [-54.8038, 2.0258],
              [-54.7631, 2.2023],
              [-54.8076, 2.3417],
              [-54.8763, 2.4267],
              [-54.6965, 2.4623],
              [-54.6623, 2.3279],
              [-54.5369, 2.3254],
              [-54.4769, 2.2124],
              [-54.2673, 2.1434],
              [-54.1874, 2.1794],
              [-54.1064, 2.111],
              [-54.0651, 2.1966],
              [-53.9442, 2.2151],
              [-53.767, 2.3754],
              [-53.7349, 2.3017],
              [-53.4697, 2.2519],
              [-53.3399, 2.3521],
              [-53.2256, 2.2622],
              [-53.2729, 2.1898],
              [-53.1021, 2.226],
              [-52.9877, 2.1681],
              [-52.8586, 2.2815],
              [-52.6609, 2.3739],
              [-52.5519, 2.52],
              [-52.5292, 2.6519],
              [-52.3261, 3.0766],
              [-52.2925, 3.2264],
              [-52.1897, 3.2986],
              [-51.9197, 3.7814],
              [-51.7986, 3.8881],
              [-51.7791, 3.9715],
              [-51.6577, 4.052],
              [-51.6295, 4.1954],
              [-51.67, 4.4254],
              [-51.6284, 4.5043],
              [-51.4859, 4.4372],
              [-51.3318, 4.3058],
              [-51.204, 4.1251],
              [-51.1793, 3.9195],
              [-51.083, 3.895],
              [-51.0818, 3.5595],
              [-51.1093, 3.4506],
              [-51.0328, 3.2137],
              [-51.0444, 3.134],
              [-50.9542, 2.8372],
              [-50.8847, 2.7414],
              [-50.827, 2.5128],
              [-50.7704, 2.4534],
              [-50.6819, 2.1334],
              [-50.4448, 1.815],
              [-50.1658, 1.813],
              [-49.9206, 1.6879],
              [-49.8765, 1.4504],
              [-49.9043, 1.2956],
              [-49.8898, 1.0136],
              [-50.0974, 0.767],
              [-50.3472, 0.6668],
              [-50.4365, 0.6001],
              [-50.5561, 0.3067],
              [-50.762, 0.121],
              [-50.9462, 0.0627],
              [-51.0759, -0.0837],
              [-51.2164, -0.1186],
              [-51.339, -0.2846],
              [-51.4578, -0.5132],
              [-51.6792, -0.7853],
              [-51.6955, -0.9213],
              [-51.6862, -1.0294],
              [-51.7004, -1.0632],
              [-51.8091, -1.1571],
              [-51.8873, -1.1664]
            ]
          ],
          [
            [
              [-50.5204, 2.0013],
              [-50.5042, 2.094],
              [-50.4054, 2.1113],
              [-50.3174, 1.9475],
              [-50.4331, 1.8689],
              [-50.5204, 2.0013]
            ]
          ]
        ]
      },
      "properties": { "cod_macro": "1601" }
    },
    {
      "type": "Feature",
      "geometry": {
        "type": "Polygon",
        "coordinates": [
          [
            [-48.7842, -9.1786],
            [-48.8167, -9.0761],
            [-48.9319, -9.0799],
            [-49.2231, -8.9422],
            [-49.2693, -8.8605],
            [-49.2334, -8.724],
            [-49.343, -8.5552],
            [-49.377, -8.4553],
            [-49.2833, -8.3796],
            [-49.1767, -8.0615],
            [-49.1484, -7.8073],
            [-49.3281, -7.6778],
            [-49.378, -7.4964],
            [-49.1853, -7.2352],
            [-49.2095, -6.9254],
            [-49.0189, -6.7842],
            [-48.8142, -6.7518],
            [-48.7369, -6.6928],
            [-48.652, -6.64],
            [-48.6132, -6.4537],
            [-48.4477, -6.3512],
            [-48.3827, -6.3796],
            [-48.4349, -6.1832],
            [-48.2972, -6.1105],
            [-48.3347, -6.0043],
            [-48.3143, -5.9792],
            [-48.2435, -5.9566],
            [-48.2301, -5.9384],
            [-48.292, -5.8368],
            [-48.2757, -5.7265],
            [-48.176, -5.7123],
            [-48.1322, -5.6181],
            [-48.1947, -5.5631],
            [-48.3007, -5.523],
            [-48.3847, -5.3942],
            [-48.5052, -5.4293],
            [-48.7369, -5.374],
            [-48.6794, -5.3058],
            [-48.6061, -5.3365],
            [-48.533, -5.1987],
            [-48.3639, -5.1684],
            [-48.1785, -5.2608],
            [-48.0041, -5.2346],
            [-47.8729, -5.2724],
            [-47.8438, -5.3762],
            [-47.7443, -5.3801],
            [-47.6186, -5.4597],
            [-47.5603, -5.4632],
            [-47.4851, -5.5575],
            [-47.4737, -5.662],
            [-47.4934, -5.7305],
            [-47.4295, -5.9321],
            [-47.428, -6.0392],
            [-47.3772, -6.2668],
            [-47.4167, -6.4857],
            [-47.4986, -6.6712],
            [-47.53, -6.9801],
            [-47.6445, -7.1436],
            [-47.7451, -7.1625],
            [-47.7437, -7.2083],
            [-47.691, -7.2383],
            [-47.645, -7.3052],
            [-47.5919, -7.264],
            [-47.4835, -7.3651],
            [-47.4751, -7.5339],
            [-47.3581, -7.616],
            [-47.314, -7.7308],
            [-47.1757, -7.856],
            [-47.0456, -8.0531],
            [-46.896, -7.9861],
            [-46.6088, -7.8929],
            [-46.4892, -7.9875],
            [-46.4656, -8.0719],
            [-46.5151, -8.1701],
            [-46.5091, -8.2356],
            [-46.6339, -8.3184],
            [-46.7797, -8.3675],
            [-46.8463, -8.5349],
            [-46.9163, -8.5948],
            [-46.9149, -8.8531],
            [-47.0357, -8.9789],
            [-47.0383, -9.0006],
            [-47.0612, -8.9545],
            [-47.1536, -8.9181],
            [-47.2052, -8.949],
            [-47.2247, -9.0032],
            [-47.2654, -9.2049],
            [-47.3461, -9.2871],
            [-47.4337, -9.2312],
            [-47.6519, -9.3555],
            [-47.9354, -9.3056],
            [-48, -9.3862],
            [-48.1632, -9.4533],
            [-48.2184, -9.333],
            [-48.3493, -9.2875],
            [-48.2827, -9.1354],
            [-48.3486, -9.1184],
            [-48.3671, -8.975],
            [-48.5525, -8.9639],
            [-48.6197, -9.0116],
            [-48.6564, -9.0198],
            [-48.6601, -9.1137],
            [-48.7842, -9.1786]
          ]
        ]
      },
      "properties": { "cod_macro": "1701" }
    },
    {
      "type": "Feature",
      "geometry": {
        "type": "Polygon",
        "coordinates": [
          [
            [-49.3557, -13.1558],
            [-49.3683, -13.2723],
            [-49.9204, -12.9614],
            [-50.1838, -12.8974],
            [-50.311, -12.7979],
            [-50.2176, -12.4874],
            [-50.1732, -12.4223],
            [-50.3104, -12.4954],
            [-50.4124, -12.6483],
            [-50.4405, -12.6523],
            [-50.511, -12.8609],
            [-50.567, -12.8434],
            [-50.5819, -12.7994],
            [-50.7019, -12.5966],
            [-50.6236, -12.4553],
            [-50.6437, -12.223],
            [-50.6869, -12.2022],
            [-50.6837, -11.9956],
            [-50.6393, -11.8846],
            [-50.722, -11.7397],
            [-50.6575, -11.5928],
            [-50.716, -11.579],
            [-50.7347, -11.5515],
            [-50.7421, -11.4549],
            [-50.7071, -11.3282],
            [-50.6594, -11.2549],
            [-50.6095, -11.0674],
            [-50.622, -10.8394],
            [-50.5706, -10.7525],
            [-50.5632, -10.6113],
            [-50.4183, -10.3563],
            [-50.3988, -10.1641],
            [-50.2643, -9.9085],
            [-50.2254, -9.854],
            [-50.1979, -9.7588],
            [-50.151, -9.6956],
            [-50.0896, -9.5457],
            [-50.1053, -9.4754],
            [-50.005, -9.2688],
            [-49.9077, -9.1738],
            [-49.8426, -9.0273],
            [-49.6844, -8.8565],
            [-49.5924, -8.8395],
            [-49.3928, -8.541],
            [-49.343, -8.5552],
            [-49.2334, -8.724],
            [-49.2693, -8.8605],
            [-49.2231, -8.9422],
            [-48.9319, -9.0799],
            [-48.8167, -9.0761],
            [-48.7842, -9.1786],
            [-48.6601, -9.1137],
            [-48.6564, -9.0198],
            [-48.6197, -9.0116],
            [-48.5525, -8.9639],
            [-48.3671, -8.975],
            [-48.3486, -9.1184],
            [-48.2827, -9.1354],
            [-48.3493, -9.2875],
            [-48.2184, -9.333],
            [-48.1632, -9.4533],
            [-48, -9.3862],
            [-47.9354, -9.3056],
            [-47.6519, -9.3555],
            [-47.4337, -9.2312],
            [-47.3461, -9.2871],
            [-47.2654, -9.2049],
            [-47.2247, -9.0032],
            [-47.2052, -8.949],
            [-47.1536, -8.9181],
            [-47.0612, -8.9545],
            [-47.0383, -9.0006],
            [-47.0435, -9.0265],
            [-46.9216, -9.0668],
            [-46.8228, -9.199],
            [-46.7587, -9.3812],
            [-46.666, -9.3919],
            [-46.5368, -9.5571],
            [-46.6533, -9.6934],
            [-46.4729, -9.8774],
            [-46.4452, -10.0774],
            [-46.3275, -10.1837],
            [-46.0997, -10.2129],
            [-46.0124, -10.2507],
            [-45.9711, -10.3589],
            [-45.8872, -10.3405],
            [-45.7266, -10.1569],
            [-45.702, -10.1794],
            [-45.7269, -10.3125],
            [-45.7982, -10.3232],
            [-45.8709, -10.5033],
            [-46.1497, -10.6359],
            [-46.2673, -10.9348],
            [-46.3416, -10.939],
            [-46.5522, -11.2628],
            [-46.5241, -11.4636],
            [-46.3481, -11.5066],
            [-46.0809, -11.624],
            [-46.1572, -11.6515],
            [-46.3256, -11.5996],
            [-46.3785, -11.7485],
            [-46.3707, -11.8896],
            [-46.2822, -11.9182],
            [-46.4002, -12.0248],
            [-46.3774, -12.3528],
            [-46.2899, -12.3767],
            [-46.2726, -12.5146],
            [-46.1982, -12.504],
            [-46.3076, -12.5767],
            [-46.2758, -12.5944],
            [-46.2735, -12.8316],
            [-46.306, -12.9391],
            [-46.2056, -12.9507],
            [-46.1266, -12.9124],
            [-46.1959, -12.957],
            [-46.3644, -12.9907],
            [-46.418, -12.8224],
            [-46.4546, -12.9712],
            [-46.7506, -12.9692],
            [-46.979, -13.1318],
            [-47.2296, -13.1947],
            [-47.2822, -13.2651],
            [-47.4261, -13.29],
            [-47.4784, -13.185],
            [-47.6336, -13.1012],
            [-47.6676, -13.2109],
            [-47.6223, -13.3692],
            [-47.6797, -13.4682],
            [-47.8202, -13.3125],
            [-48.0792, -13.2426],
            [-48.1532, -13.2783],
            [-48.1437, -13.1525],
            [-48.4601, -13.2813],
            [-48.47, -13.1373],
            [-48.4798, -13.1527],
            [-48.5999, -13.2931],
            [-48.5974, -13.1521],
            [-48.5957, -13.1065],
            [-48.6005, -13.0589],
            [-48.6385, -13.0136],
            [-48.6707, -12.995],
            [-48.7072, -13.0044],
            [-48.7298, -12.9894],
            [-48.7351, -12.9211],
            [-48.8428, -12.8425],
            [-48.8703, -12.8033],
            [-48.9762, -12.9579],
            [-49.0875, -12.8872],
            [-49.1046, -12.8354],
            [-49.2107, -12.8779],
            [-49.2791, -12.9883],
            [-49.3557, -13.1558]
          ]
        ]
      },
      "properties": { "cod_macro": "1702" }
    },
    {
      "type": "Feature",
      "geometry": {
        "type": "Polygon",
        "coordinates": [
          [
            [-46.896, -7.9861],
            [-47.0456, -8.0531],
            [-47.1757, -7.856],
            [-47.314, -7.7308],
            [-47.3581, -7.616],
            [-47.4751, -7.5339],
            [-47.4835, -7.3651],
            [-47.5919, -7.264],
            [-47.6477, -7.3041],
            [-47.6836, -7.2459],
            [-47.7498, -7.1953],
            [-47.7451, -7.1625],
            [-47.6445, -7.1436],
            [-47.53, -6.9801],
            [-47.4986, -6.6712],
            [-47.4167, -6.4857],
            [-47.3772, -6.2668],
            [-47.428, -6.0392],
            [-47.4295, -5.9321],
            [-47.4934, -5.7305],
            [-47.4737, -5.662],
            [-47.5001, -5.5256],
            [-47.5554, -5.4657],
            [-47.6186, -5.4597],
            [-47.8438, -5.3762],
            [-47.8729, -5.2724],
            [-48.0041, -5.2346],
            [-48.1785, -5.2608],
            [-48.3639, -5.1684],
            [-48.533, -5.1987],
            [-48.6061, -5.3365],
            [-48.6794, -5.3058],
            [-48.7552, -5.3492],
            [-47.7926, -4.5864],
            [-47.68, -4.6086],
            [-47.5028, -4.4037],
            [-47.4747, -4.315],
            [-47.3658, -4.1806],
            [-47.3402, -4.177],
            [-47.3194, -4.0478],
            [-47.1731, -3.9238],
            [-47.0867, -3.8249],
            [-47.037, -3.668],
            [-47.0295, -3.6822],
            [-46.9771, -3.7342],
            [-46.945, -3.9235],
            [-46.9124, -4.0406],
            [-46.9162, -4.0772],
            [-46.962, -4.0909],
            [-47.0727, -4.2366],
            [-47.0875, -4.3092],
            [-47.017, -4.4202],
            [-46.9323, -4.4432],
            [-46.7389, -4.3829],
            [-46.5393, -4.2696],
            [-46.4502, -4.1688],
            [-46.373, -4.0858],
            [-46.2486, -3.9883],
            [-46.2128, -4.0495],
            [-46.2994, -4.2477],
            [-46.1591, -4.5605],
            [-46.2289, -4.625],
            [-46.2027, -4.7503],
            [-46.1151, -4.8004],
            [-46.0414, -4.7994],
            [-45.923, -4.6398],
            [-45.849, -4.7439],
            [-45.7122, -4.7752],
            [-45.707, -4.8336],
            [-45.5722, -4.9197],
            [-45.606, -4.993],
            [-45.2798, -5.0553],
            [-45.3307, -5.1218],
            [-45.1232, -5.1209],
            [-45.0211, -5.2089],
            [-44.9368, -5.0213],
            [-44.7631, -5.1814],
            [-44.8005, -5.2661],
            [-44.8198, -5.2569],
            [-44.967, -5.5022],
            [-44.9242, -5.7947],
            [-44.8463, -5.9081],
            [-44.7997, -6.1177],
            [-44.9505, -6.3358],
            [-45.198, -6.3275],
            [-45.2141, -6.3173],
            [-45.3956, -6.4315],
            [-45.4978, -6.4189],
            [-45.7144, -6.4684],
            [-45.7676, -6.5827],
            [-45.9481, -6.674],
            [-45.7465, -6.7001],
            [-45.5754, -6.82],
            [-45.3832, -6.7567],
            [-45.1199, -6.8163],
            [-45.0089, -6.7299],
            [-44.7932, -6.7105],
            [-44.7686, -6.8849],
            [-44.6973, -6.9744],
            [-44.7845, -7.1059],
            [-44.7195, -7.1856],
            [-44.7875, -7.2487],
            [-45.0036, -7.4969],
            [-45.0492, -7.5132],
            [-45.1555, -7.5129],
            [-45.2323, -7.5491],
            [-45.3992, -7.6411],
            [-45.4701, -7.6899],
            [-45.4821, -7.7497],
            [-45.4895, -7.7863],
            [-45.5408, -7.8641],
            [-45.5837, -8.1569],
            [-45.6906, -8.3558],
            [-45.7662, -8.6095],
            [-45.8642, -8.7155],
            [-45.8919, -8.7628],
            [-45.9724, -8.8628],
            [-45.9438, -9.0151],
            [-45.8977, -9.1853],
            [-45.9033, -9.3164],
            [-45.8885, -9.3485],
            [-45.8241, -9.3753],
            [-45.7834, -9.4795],
            [-45.8419, -9.5629],
            [-45.8214, -9.7731],
            [-45.8802, -10.0586],
            [-45.9463, -10.2585],
            [-46.0312, -10.1761],
            [-46.0997, -10.2129],
            [-46.3275, -10.1837],
            [-46.4452, -10.0774],
            [-46.4729, -9.8774],
            [-46.6533, -9.6934],
            [-46.5368, -9.5571],
            [-46.666, -9.3919],
            [-46.7587, -9.3812],
            [-46.8228, -9.199],
            [-46.9216, -9.0668],
            [-47.0435, -9.0265],
            [-47.0675, -9.0104],
            [-47.044, -9.0069],
            [-47.0357, -8.9789],
            [-46.9149, -8.8531],
            [-46.9163, -8.5948],
            [-46.8463, -8.5349],
            [-46.7797, -8.3675],
            [-46.6339, -8.3184],
            [-46.5091, -8.2356],
            [-46.468, -8.0824],
            [-46.4764, -8.0146],
            [-46.5011, -7.9733],
            [-46.6088, -7.8929],
            [-46.896, -7.9861]
          ]
        ]
      },
      "properties": { "cod_macro": "2109" }
    },
    {
      "type": "Feature",
      "geometry": {
        "type": "MultiPolygon",
        "coordinates": [
          [
            [
              [-45.4559, -4.7881],
              [-45.4872, -4.8705],
              [-45.5722, -4.9197],
              [-45.707, -4.8336],
              [-45.7122, -4.7752],
              [-45.849, -4.7439],
              [-45.923, -4.6398],
              [-46.0414, -4.7994],
              [-46.1151, -4.8004],
              [-46.2018, -4.7525],
              [-46.2289, -4.625],
              [-46.1591, -4.5605],
              [-46.2994, -4.2477],
              [-46.2128, -4.0495],
              [-46.2486, -3.9883],
              [-46.373, -4.0858],
              [-46.4502, -4.1688],
              [-46.5393, -4.2696],
              [-46.7389, -4.3829],
              [-46.9323, -4.4432],
              [-47.0173, -4.42],
              [-47.0883, -4.3049],
              [-47.0727, -4.2366],
              [-46.962, -4.0909],
              [-46.9271, -4.0866],
              [-46.9123, -4.0596],
              [-46.945, -3.9235],
              [-46.9771, -3.7342],
              [-47.0295, -3.6822],
              [-47.0388, -3.5621],
              [-46.9757, -3.5298],
              [-46.9443, -3.3772],
              [-46.8492, -3.3184],
              [-46.8266, -3.2979],
              [-46.7481, -3.1219],
              [-46.6765, -3.0941],
              [-46.6808, -2.8831],
              [-46.6348, -2.7964],
              [-46.6519, -2.7572],
              [-46.6749, -2.7319],
              [-46.6343, -2.6855],
              [-46.4193, -2.5324],
              [-46.4563, -2.3867],
              [-46.4316, -2.3348],
              [-46.4159, -2.2691],
              [-46.4106, -2.2288],
              [-46.2833, -2.1544],
              [-46.2448, -1.8819],
              [-46.2536, -1.7958],
              [-46.3122, -1.8057],
              [-46.3085, -1.7309],
              [-46.1568, -1.6803],
              [-46.1763, -1.4749],
              [-46.1291, -1.3125],
              [-46.1401, -1.2477],
              [-46.1493, -1.226],
              [-46.0771, -1.1962],
              [-45.9946, -1.053],
              [-45.954, -1.2022],
              [-45.8606, -1.0497],
              [-45.8628, -1.2127],
              [-45.7682, -1.199],
              [-45.6899, -1.2736],
              [-45.5489, -1.2764],
              [-45.4825, -1.4786],
              [-45.3086, -1.3329],
              [-45.3348, -1.5943],
              [-45.2609, -1.5961],
              [-45.198, -1.4884],
              [-45.0967, -1.4555],
              [-44.9547, -1.5608],
              [-44.8604, -1.4113],
              [-44.9058, -1.6047],
              [-44.7075, -1.5517],
              [-44.6364, -1.6181],
              [-44.7998, -1.7043],
              [-44.7009, -1.7262],
              [-44.7572, -1.7894],
              [-44.5734, -1.7752],
              [-44.4853, -2.0427],
              [-44.6837, -2.2561],
              [-44.6508, -2.2952],
              [-44.4638, -2.1443],
              [-44.3578, -2.3396],
              [-44.5346, -2.5277],
              [-44.6268, -2.7027],
              [-44.6655, -3.0109],
              [-44.604, -3.0378],
              [-44.507, -3.0328],
              [-44.4248, -2.9439],
              [-44.4092, -2.7925],
              [-44.3046, -2.4875],
              [-44.0308, -2.407],
              [-44.0361, -2.5565],
              [-44.2414, -2.7805],
              [-44.0949, -2.7532],
              [-43.8084, -2.4384],
              [-43.7268, -2.3865],
              [-43.7204, -2.2914],
              [-43.6272, -2.2512],
              [-43.6452, -2.4027],
              [-43.7759, -2.4727],
              [-43.5806, -2.5071],
              [-43.5285, -2.4187],
              [-43.4615, -2.4863],
              [-43.4414, -2.3417],
              [-43.2009, -2.3729],
              [-42.8253, -2.5447],
              [-42.7227, -2.5562],
              [-42.5874, -2.669],
              [-42.2636, -2.7579],
              [-42.2295, -2.6965],
              [-42.0702, -2.6872],
              [-41.8043, -2.7324],
              [-41.8475, -2.7756],
              [-41.866, -2.87],
              [-41.7963, -2.9596],
              [-41.9234, -3.1101],
              [-42.0128, -3.2481],
              [-42.2017, -3.4313],
              [-42.4613, -3.4846],
              [-42.5033, -3.4506],
              [-42.6751, -3.6727],
              [-42.6715, -3.7916],
              [-42.7217, -3.8844],
              [-43.1233, -3.69],
              [-43.1977, -3.783],
              [-43.2087, -4.0183],
              [-43.4292, -4.2233],
              [-43.5946, -4.2284],
              [-43.6022, -4.0437],
              [-43.7293, -3.9351],
              [-43.9381, -4.0005],
              [-43.9928, -3.8424],
              [-44.1555, -3.8368],
              [-44.1928, -3.9292],
              [-44.3537, -3.8489],
              [-44.48, -3.9192],
              [-44.5054, -3.8488],
              [-44.6255, -3.866],
              [-44.6097, -3.8997],
              [-44.6171, -4.0253],
              [-44.7242, -4.0397],
              [-44.6331, -4.1146],
              [-44.4868, -4.0913],
              [-44.5057, -4.2791],
              [-44.3959, -4.3181],
              [-44.4308, -4.4808],
              [-44.599, -4.4505],
              [-44.8507, -4.4564],
              [-44.8726, -4.3843],
              [-45.035, -4.4807],
              [-45.0936, -4.4233],
              [-45.2034, -4.6014],
              [-45.4183, -4.6894],
              [-45.4559, -4.7881]
            ]
          ],
          [
            [
              [-45.0187, -1.3213],
              [-44.9811, -1.2641],
              [-44.8669, -1.3287],
              [-44.9986, -1.402],
              [-45.0187, -1.3213]
            ]
          ],
          [
            [
              [-44.6365, -2.9831],
              [-44.5862, -2.8147],
              [-44.4787, -2.7284],
              [-44.479, -2.9579],
              [-44.5819, -3.032],
              [-44.6365, -2.9831]
            ]
          ]
        ]
      },
      "properties": { "cod_macro": "2110" }
    },
    {
      "type": "Feature",
      "geometry": {
        "type": "Polygon",
        "coordinates": [
          [
            [-44.7195, -7.1856],
            [-44.7845, -7.1059],
            [-44.6973, -6.9744],
            [-44.7686, -6.8849],
            [-44.7932, -6.7105],
            [-45.0089, -6.7299],
            [-45.1199, -6.8163],
            [-45.3832, -6.7567],
            [-45.5754, -6.82],
            [-45.7465, -6.7001],
            [-45.9481, -6.674],
            [-45.7676, -6.5827],
            [-45.7144, -6.4684],
            [-45.4978, -6.4189],
            [-45.3956, -6.4315],
            [-45.2141, -6.3173],
            [-45.198, -6.3275],
            [-44.9505, -6.3358],
            [-44.7997, -6.1177],
            [-44.8463, -5.9081],
            [-44.9242, -5.7947],
            [-44.967, -5.5022],
            [-44.8198, -5.2569],
            [-44.8005, -5.2661],
            [-44.7631, -5.1814],
            [-44.9368, -5.0213],
            [-45.0211, -5.2089],
            [-45.1232, -5.1209],
            [-45.3307, -5.1218],
            [-45.2798, -5.0553],
            [-45.606, -4.993],
            [-45.4872, -4.8705],
            [-45.4559, -4.7881],
            [-45.4183, -4.6894],
            [-45.2034, -4.6014],
            [-45.0936, -4.4233],
            [-45.035, -4.4807],
            [-44.8726, -4.3843],
            [-44.8507, -4.4564],
            [-44.599, -4.4505],
            [-44.4308, -4.4808],
            [-44.3959, -4.3181],
            [-44.5057, -4.2791],
            [-44.4868, -4.0913],
            [-44.6331, -4.1146],
            [-44.7242, -4.0397],
            [-44.6171, -4.0253],
            [-44.6097, -3.8997],
            [-44.6255, -3.866],
            [-44.5054, -3.8488],
            [-44.48, -3.9192],
            [-44.3537, -3.8489],
            [-44.1928, -3.9292],
            [-44.1555, -3.8368],
            [-43.9928, -3.8424],
            [-43.9381, -4.0005],
            [-43.7293, -3.9351],
            [-43.6022, -4.0437],
            [-43.5946, -4.2284],
            [-43.4292, -4.2233],
            [-43.2087, -4.0183],
            [-43.1977, -3.783],
            [-43.1233, -3.69],
            [-42.7273, -3.8803],
            [-42.7315, -3.9188],
            [-42.7813, -3.9546],
            [-42.8697, -4.1041],
            [-42.9874, -4.2284],
            [-42.9629, -4.3761],
            [-42.88, -4.4159],
            [-42.873, -4.5817],
            [-42.9524, -4.6798],
            [-42.7994, -5.1831],
            [-42.8312, -5.3523],
            [-42.9654, -5.4492],
            [-43.082, -5.5995],
            [-43.0746, -6.0574],
            [-42.8615, -6.2391],
            [-42.8295, -6.3342],
            [-42.8658, -6.4839],
            [-42.8854, -6.5009],
            [-42.8721, -6.5135],
            [-42.9199, -6.671],
            [-43.0111, -6.76],
            [-43.3492, -6.7986],
            [-43.4812, -6.8354],
            [-43.6429, -6.7166],
            [-43.7951, -6.7021],
            [-44.1163, -6.8058],
            [-44.2741, -7.0702],
            [-44.3325, -7.1086],
            [-44.5642, -7.2277],
            [-44.6627, -7.3313],
            [-44.7299, -7.3908],
            [-44.8165, -7.3609],
            [-44.9248, -7.4705],
            [-44.9893, -7.4824],
            [-44.7875, -7.2487],
            [-44.7195, -7.1856]
          ]
        ]
      },
      "properties": { "cod_macro": "2111" }
    },
    {
      "type": "Feature",
      "geometry": {
        "type": "Polygon",
        "coordinates": [
          [
            [-41.7773, -8.1169],
            [-41.8565, -8.0655],
            [-42.2254, -7.906],
            [-42.1609, -7.7469],
            [-42.2992, -7.6274],
            [-42.2193, -7.6295],
            [-42.1704, -7.5215],
            [-42.2185, -7.438],
            [-42.3607, -7.4177],
            [-42.3102, -7.2233],
            [-42.4038, -7.1698],
            [-42.4208, -6.9672],
            [-42.6254, -6.9975],
            [-42.6041, -6.8372],
            [-42.5701, -6.7886],
            [-42.4762, -6.6658],
            [-42.3828, -6.6118],
            [-42.3468, -6.5768],
            [-42.3729, -6.5246],
            [-42.2906, -6.3966],
            [-42.2824, -6.3041],
            [-42.3926, -6.1076],
            [-42.3034, -6.0364],
            [-42.3914, -5.9739],
            [-42.3114, -5.8401],
            [-42.3524, -5.7909],
            [-42.3027, -5.6822],
            [-42.3052, -5.6544],
            [-42.2721, -5.6454],
            [-42.2359, -5.6714],
            [-42.1749, -5.6488],
            [-42.1169, -5.6692],
            [-42.0981, -5.7025],
            [-42.1054, -5.7442],
            [-41.8437, -5.819],
            [-41.7187, -5.7874],
            [-41.656, -5.9355],
            [-41.6783, -6.0329],
            [-41.5092, -6.1498],
            [-41.2591, -6.1104],
            [-40.8773, -6.0515],
            [-40.8457, -6.135],
            [-40.8522, -6.2242],
            [-40.782, -6.3166],
            [-40.8052, -6.3931],
            [-40.7921, -6.5129],
            [-40.7102, -6.6761],
            [-40.4769, -6.7328],
            [-40.4322, -6.813],
            [-40.4299, -6.9933],
            [-40.4897, -7.1187],
            [-40.5415, -7.3323],
            [-40.5485, -7.3927],
            [-40.7012, -7.4564],
            [-40.622, -7.6514],
            [-40.6736, -7.7617],
            [-40.6452, -7.7868],
            [-40.5591, -7.8148],
            [-40.5442, -7.9646],
            [-40.6031, -8.0953],
            [-40.8195, -8.3219],
            [-40.8935, -8.3573],
            [-40.9785, -8.3987],
            [-41.0074, -8.4209],
            [-41.2123, -8.6018],
            [-41.2874, -8.6608],
            [-41.4006, -8.7054],
            [-41.5179, -8.7249],
            [-41.4683, -8.5318],
            [-41.4865, -8.3681],
            [-41.6858, -8.2742],
            [-41.7494, -8.3121],
            [-41.7773, -8.1169]
          ]
        ]
      },
      "properties": { "cod_macro": "2207" }
    },
    {
      "type": "Feature",
      "geometry": {
        "type": "Polygon",
        "coordinates": [
          [
            [-42.8569, -6.6623],
            [-42.9173, -6.6387],
            [-42.8848, -6.5702],
            [-42.8882, -6.5367],
            [-42.8719, -6.5117],
            [-42.8843, -6.4969],
            [-42.8658, -6.4839],
            [-42.8295, -6.3342],
            [-42.8615, -6.2391],
            [-43.0746, -6.0574],
            [-43.082, -5.5995],
            [-42.9654, -5.4492],
            [-42.8312, -5.3523],
            [-42.7994, -5.1831],
            [-42.9524, -4.6798],
            [-42.873, -4.5817],
            [-42.88, -4.4159],
            [-42.9629, -4.3761],
            [-42.9874, -4.2284],
            [-42.8697, -4.1041],
            [-42.7906, -3.9791],
            [-42.6589, -4.0778],
            [-42.548, -4.345],
            [-42.4479, -4.3344],
            [-42.1837, -4.3829],
            [-42.1954, -4.2713],
            [-42.0103, -4.2677],
            [-42.0005, -4.3441],
            [-42.0701, -4.3848],
            [-42.0553, -4.5296],
            [-41.9218, -4.5439],
            [-41.8643, -4.6805],
            [-41.6954, -4.7659],
            [-41.5601, -4.745],
            [-41.5253, -4.8283],
            [-41.384, -4.8839],
            [-41.2332, -4.8101],
            [-41.2497, -4.8686],
            [-41.2224, -4.9362],
            [-41.1509, -4.9921],
            [-41.1375, -4.985],
            [-41.132, -5.0486],
            [-41.097, -5.0531],
            [-41.034, -5.0911],
            [-40.9256, -5.1769],
            [-40.9438, -5.4236],
            [-40.9011, -5.6159],
            [-40.9388, -5.6733],
            [-40.8802, -5.9177],
            [-40.8736, -5.9731],
            [-40.9063, -6.0465],
            [-41.2591, -6.1104],
            [-41.5092, -6.1498],
            [-41.6783, -6.0329],
            [-41.656, -5.9355],
            [-41.7187, -5.7874],
            [-41.8437, -5.819],
            [-42.1054, -5.7442],
            [-42.0981, -5.7025],
            [-42.1103, -5.6759],
            [-42.1565, -5.6517],
            [-42.1999, -5.6529],
            [-42.2277, -5.6716],
            [-42.2699, -5.6454],
            [-42.3042, -5.6535],
            [-42.3027, -5.6822],
            [-42.3524, -5.7909],
            [-42.3114, -5.8401],
            [-42.3914, -5.9739],
            [-42.3034, -6.0364],
            [-42.3926, -6.1076],
            [-42.2824, -6.3041],
            [-42.2906, -6.3966],
            [-42.3866, -6.5043],
            [-42.5314, -6.5322],
            [-42.7911, -6.5218],
            [-42.8569, -6.6623]
          ]
        ]
      },
      "properties": { "cod_macro": "2208" }
    },
    {
      "type": "Feature",
      "geometry": {
        "type": "Polygon",
        "coordinates": [
          [
            [-42.0005, -4.3441],
            [-42.0005, -4.2722],
            [-42.1954, -4.2713],
            [-42.1837, -4.3829],
            [-42.4479, -4.3344],
            [-42.548, -4.345],
            [-42.6589, -4.0778],
            [-42.7906, -3.9791],
            [-42.7813, -3.9546],
            [-42.7299, -3.9163],
            [-42.6715, -3.7916],
            [-42.6751, -3.6727],
            [-42.5033, -3.4506],
            [-42.4613, -3.4846],
            [-42.2017, -3.4313],
            [-42.0128, -3.2481],
            [-41.9234, -3.1101],
            [-41.7963, -2.9596],
            [-41.866, -2.87],
            [-41.8475, -2.7756],
            [-41.7986, -2.7498],
            [-41.5944, -2.9042],
            [-41.3983, -2.904],
            [-41.2708, -2.9712],
            [-41.2613, -3.0501],
            [-41.4235, -3.368],
            [-41.324, -3.3859],
            [-41.3417, -3.6808],
            [-41.2383, -3.7158],
            [-41.2769, -3.8256],
            [-41.2202, -3.9415],
            [-41.2567, -4.0348],
            [-41.1718, -4.0325],
            [-41.1431, -4.1242],
            [-41.1359, -4.2335],
            [-41.2293, -4.6201],
            [-41.1739, -4.6685],
            [-41.2503, -4.7566],
            [-41.2081, -4.7803],
            [-41.2332, -4.8101],
            [-41.384, -4.8839],
            [-41.5253, -4.8283],
            [-41.5601, -4.745],
            [-41.6954, -4.7659],
            [-41.8643, -4.6805],
            [-41.9218, -4.5439],
            [-42.0553, -4.5296],
            [-42.0701, -4.3848],
            [-42.0005, -4.3441]
          ]
        ]
      },
      "properties": { "cod_macro": "2209" }
    },
    {
      "type": "Feature",
      "geometry": {
        "type": "Polygon",
        "coordinates": [
          [
            [-45.3582, -10.7322],
            [-45.4324, -10.6306],
            [-45.4473, -10.5074],
            [-45.396, -10.445],
            [-45.4245, -10.4265],
            [-45.4303, -10.3595],
            [-45.5262, -10.2369],
            [-45.5675, -10.1395],
            [-45.7266, -10.1569],
            [-45.8872, -10.3405],
            [-45.9711, -10.3589],
            [-46.0124, -10.2507],
            [-45.9463, -10.2585],
            [-45.8802, -10.0586],
            [-45.8214, -9.7731],
            [-45.8419, -9.5629],
            [-45.7834, -9.4795],
            [-45.8943, -9.3416],
            [-45.9079, -9.297],
            [-45.8977, -9.1853],
            [-45.9438, -9.0151],
            [-45.9724, -8.8628],
            [-45.8919, -8.7628],
            [-45.8642, -8.7155],
            [-45.7662, -8.6095],
            [-45.6906, -8.3558],
            [-45.5837, -8.1569],
            [-45.5408, -7.8641],
            [-45.4895, -7.7863],
            [-45.4821, -7.7497],
            [-45.4701, -7.6899],
            [-45.3992, -7.6411],
            [-45.2323, -7.5491],
            [-45.1555, -7.5129],
            [-45.0492, -7.5132],
            [-44.9248, -7.4705],
            [-44.8165, -7.3609],
            [-44.7299, -7.3908],
            [-44.6627, -7.3313],
            [-44.5642, -7.2277],
            [-44.3325, -7.1086],
            [-44.2741, -7.0702],
            [-44.1163, -6.8058],
            [-43.7951, -6.7021],
            [-43.6429, -6.7166],
            [-43.4812, -6.8354],
            [-43.3492, -6.7986],
            [-43.0111, -6.76],
            [-42.9199, -6.671],
            [-42.8569, -6.6623],
            [-42.7911, -6.5218],
            [-42.5314, -6.5322],
            [-42.3866, -6.5043],
            [-42.3468, -6.5768],
            [-42.3828, -6.6118],
            [-42.4762, -6.6658],
            [-42.5701, -6.7886],
            [-42.6041, -6.8372],
            [-42.6254, -6.9975],
            [-42.4208, -6.9672],
            [-42.4038, -7.1698],
            [-42.3102, -7.2233],
            [-42.3607, -7.4177],
            [-42.2185, -7.438],
            [-42.1704, -7.5215],
            [-42.2193, -7.6295],
            [-42.2992, -7.6274],
            [-42.1609, -7.7469],
            [-42.2254, -7.906],
            [-41.8565, -8.0655],
            [-41.7773, -8.1169],
            [-41.7494, -8.3121],
            [-41.6858, -8.2742],
            [-41.4865, -8.3681],
            [-41.4683, -8.5318],
            [-41.5179, -8.7249],
            [-41.4006, -8.7054],
            [-41.4243, -8.8026],
            [-41.5458, -8.9617],
            [-41.7265, -9.0164],
            [-41.838, -9.2423],
            [-42.2307, -9.2834],
            [-42.3161, -9.3166],
            [-42.4931, -9.4949],
            [-42.5886, -9.4974],
            [-42.8206, -9.6192],
            [-42.9462, -9.5184],
            [-42.9571, -9.4324],
            [-42.9868, -9.4016],
            [-43.0569, -9.4191],
            [-43.1196, -9.3719],
            [-43.2788, -9.4246],
            [-43.3613, -9.3644],
            [-43.4227, -9.2776],
            [-43.4518, -9.2623],
            [-43.4855, -9.2653],
            [-43.5728, -9.3162],
            [-43.6711, -9.4085],
            [-43.7783, -9.4487],
            [-43.8514, -9.5521],
            [-43.842, -9.6374],
            [-43.7849, -9.7624],
            [-43.6532, -9.8391],
            [-43.709, -9.9132],
            [-43.6621, -10.0095],
            [-43.766, -10.0801],
            [-43.8373, -10.2501],
            [-43.8383, -10.3046],
            [-43.9148, -10.3842],
            [-43.9162, -10.4267],
            [-44.0235, -10.4082],
            [-44.1106, -10.5972],
            [-44.264, -10.6247],
            [-44.3368, -10.5485],
            [-44.5005, -10.6497],
            [-44.6666, -10.6823],
            [-44.6677, -10.7601],
            [-44.7881, -10.8085],
            [-44.9312, -10.9288],
            [-45.0732, -10.8404],
            [-45.2481, -10.822],
            [-45.3582, -10.7322]
          ]
        ]
      },
      "properties": { "cod_macro": "2210" }
    },
    {
      "type": "Feature",
      "geometry": {
        "type": "Polygon",
        "coordinates": [
          [
            [-38.5013, -6.1909],
            [-38.5272, -6.1934],
            [-38.5197, -6.223],
            [-38.5521, -6.2342],
            [-38.6124, -6.1704],
            [-38.6845, -6.2121],
            [-38.7267, -6.2003],
            [-38.7328, -6.1239],
            [-38.8788, -6.1478],
            [-38.9494, -6.0801],
            [-38.9761, -6.1028],
            [-38.9485, -5.9698],
            [-38.8048, -5.7887],
            [-38.9092, -5.5953],
            [-38.923, -5.3292],
            [-38.8106, -5.2229],
            [-38.6773, -5.2273],
            [-38.6257, -5.0666],
            [-38.4858, -5.0878],
            [-38.4962, -5.0044],
            [-38.4246, -4.9307],
            [-38.4381, -4.8755],
            [-38.5179, -4.8902],
            [-38.6668, -4.8694],
            [-38.5278, -4.7461],
            [-38.4495, -4.6509],
            [-38.3823, -4.5198],
            [-38.2348, -4.5743],
            [-38.0843, -4.5875],
            [-37.9633, -4.5324],
            [-37.9763, -4.4324],
            [-37.7701, -4.4013],
            [-37.6031, -4.6173],
            [-37.334, -4.6946],
            [-37.2861, -4.7432],
            [-37.2527, -4.8314],
            [-37.6403, -4.9264],
            [-37.8577, -5.3567],
            [-37.9016, -5.4998],
            [-38.082, -5.6701],
            [-38.0469, -5.7329],
            [-38.1638, -5.9454],
            [-38.3038, -6.0865],
            [-38.3662, -6.0883],
            [-38.382, -6.0528],
            [-38.4132, -6.0583],
            [-38.4473, -6.0853],
            [-38.4408, -6.0969],
            [-38.5013, -6.1909]
          ]
        ]
      },
      "properties": { "cod_macro": "2306" }
    },
    {
      "type": "Feature",
      "geometry": {
        "type": "Polygon",
        "coordinates": [
          [
            [-40.0548, -6.6113],
            [-39.995, -6.7017],
            [-40.1183, -6.8201],
            [-40.1823, -6.7592],
            [-40.2916, -6.8081],
            [-40.4322, -6.813],
            [-40.4769, -6.7328],
            [-40.7102, -6.6761],
            [-40.7921, -6.5129],
            [-40.8052, -6.3931],
            [-40.8522, -6.2242],
            [-40.8457, -6.135],
            [-40.8577, -6.1054],
            [-40.748, -6.0908],
            [-40.7465, -5.9841],
            [-40.6602, -5.8464],
            [-40.4114, -5.8112],
            [-40.2109, -5.6925],
            [-40.2289, -5.592],
            [-40.1169, -5.5467],
            [-40.0299, -5.3483],
            [-40.022, -5.1886],
            [-40.16, -5.1648],
            [-39.9976, -5.0845],
            [-39.958, -5.0258],
            [-39.9687, -4.9408],
            [-39.8922, -4.8934],
            [-39.8843, -4.7904],
            [-39.8068, -4.7078],
            [-39.7304, -4.6668],
            [-39.6856, -4.5735],
            [-39.7686, -4.5256],
            [-39.754, -4.3996],
            [-39.7345, -4.3332],
            [-39.7901, -4.1931],
            [-39.7053, -4.1046],
            [-39.6649, -4.0817],
            [-39.666, -4.0681],
            [-39.5574, -4.1013],
            [-39.5327, -4.0844],
            [-39.4922, -4.1116],
            [-39.0278, -4.0631],
            [-39.0035, -3.9918],
            [-38.9386, -4.1088],
            [-38.9947, -4.2489],
            [-39.0193, -4.2576],
            [-38.9922, -4.2611],
            [-39.1298, -4.6281],
            [-38.9651, -4.7049],
            [-38.8834, -4.709],
            [-38.7822, -4.6305],
            [-38.6892, -4.652],
            [-38.6362, -4.6994],
            [-38.5762, -4.669],
            [-38.5295, -4.6796],
            [-38.5278, -4.7461],
            [-38.6668, -4.8694],
            [-38.5179, -4.8902],
            [-38.4381, -4.8755],
            [-38.4246, -4.9307],
            [-38.4962, -5.0044],
            [-38.4858, -5.0878],
            [-38.6257, -5.0666],
            [-38.6773, -5.2273],
            [-38.8106, -5.2229],
            [-38.923, -5.3292],
            [-38.9092, -5.5953],
            [-38.8048, -5.7887],
            [-38.9485, -5.9698],
            [-38.9761, -6.1028],
            [-38.9923, -6.0198],
            [-39.1699, -5.9602],
            [-39.1822, -5.8599],
            [-39.2559, -5.7571],
            [-39.3227, -5.7835],
            [-39.4755, -5.6904],
            [-39.4321, -5.6552],
            [-39.7503, -5.5758],
            [-39.9232, -5.639],
            [-39.9519, -5.6415],
            [-40.012, -5.6244],
            [-40.036, -5.7032],
            [-40.0064, -5.7173],
            [-39.991, -5.781],
            [-39.9204, -5.8323],
            [-39.8375, -5.93],
            [-39.9056, -6.0369],
            [-39.9261, -6.1958],
            [-40.0456, -6.3005],
            [-40.0762, -6.4],
            [-40.0588, -6.4898],
            [-40.0548, -6.6113]
          ]
        ]
      },
      "properties": { "cod_macro": "2307" }
    },
    {
      "type": "Feature",
      "geometry": {
        "type": "Polygon",
        "coordinates": [
          [
            [-39.6289, -7.4256],
            [-39.6713, -7.3585],
            [-39.7413, -7.3268],
            [-39.8577, -7.3254],
            [-40.0875, -7.3831],
            [-40.263, -7.301],
            [-40.4336, -7.3672],
            [-40.5237, -7.3185],
            [-40.4897, -7.1187],
            [-40.4299, -6.9933],
            [-40.4285, -6.8643],
            [-40.2916, -6.8081],
            [-40.1823, -6.7592],
            [-40.1183, -6.8201],
            [-39.995, -6.7017],
            [-40.0548, -6.6113],
            [-40.0588, -6.4898],
            [-40.0762, -6.4],
            [-40.0456, -6.3005],
            [-39.9261, -6.1958],
            [-39.9056, -6.0369],
            [-39.8375, -5.93],
            [-39.9204, -5.8323],
            [-39.991, -5.781],
            [-40.0064, -5.7173],
            [-40.036, -5.7032],
            [-40.012, -5.6244],
            [-39.9519, -5.6415],
            [-39.9232, -5.639],
            [-39.7503, -5.5758],
            [-39.4321, -5.6552],
            [-39.4755, -5.6904],
            [-39.3227, -5.7835],
            [-39.2559, -5.7571],
            [-39.1822, -5.8599],
            [-39.1699, -5.9602],
            [-38.9923, -6.0198],
            [-38.9798, -6.1017],
            [-38.9494, -6.0801],
            [-38.8788, -6.1478],
            [-38.7328, -6.1239],
            [-38.7267, -6.2003],
            [-38.6173, -6.1696],
            [-38.5608, -6.2304],
            [-38.5197, -6.223],
            [-38.5795, -6.2796],
            [-38.566, -6.3026],
            [-38.572, -6.4041],
            [-38.6429, -6.5812],
            [-38.6527, -6.7598],
            [-38.6754, -6.8618],
            [-38.7656, -6.9495],
            [-38.7423, -6.9743],
            [-38.6698, -7.0477],
            [-38.6878, -7.1902],
            [-38.6154, -7.2302],
            [-38.5548, -7.2405],
            [-38.5348, -7.2905],
            [-38.5953, -7.4115],
            [-38.7151, -7.6219],
            [-38.8197, -7.6648],
            [-38.8814, -7.7474],
            [-39.0014, -7.8401],
            [-39.0538, -7.8193],
            [-39.1003, -7.7757],
            [-39.4717, -7.5758],
            [-39.4607, -7.4712],
            [-39.6289, -7.4256]
          ]
        ]
      },
      "properties": { "cod_macro": "2308" }
    },
    {
      "type": "Feature",
      "geometry": {
        "type": "Polygon",
        "coordinates": [
          [
            [-41.1375, -4.985],
            [-41.1509, -4.9921],
            [-41.2224, -4.9362],
            [-41.2497, -4.8686],
            [-41.2418, -4.8221],
            [-41.208, -4.7768],
            [-41.2504, -4.759],
            [-41.1739, -4.6685],
            [-41.2293, -4.6201],
            [-41.1359, -4.2335],
            [-41.1431, -4.1242],
            [-41.1718, -4.0325],
            [-41.2567, -4.0348],
            [-41.2202, -3.9415],
            [-41.2769, -3.8256],
            [-41.2383, -3.7158],
            [-41.3417, -3.6808],
            [-41.324, -3.3859],
            [-41.4235, -3.368],
            [-41.2613, -3.0501],
            [-41.2708, -2.9712],
            [-41.2606, -2.8836],
            [-41.0103, -2.8914],
            [-40.8631, -2.8562],
            [-40.6, -2.8485],
            [-40.498, -2.7843],
            [-40.1853, -2.8117],
            [-39.8964, -2.8788],
            [-39.7068, -3.0093],
            [-39.868, -3.1246],
            [-39.9413, -3.3376],
            [-40.043, -3.4757],
            [-39.9744, -3.5716],
            [-40.0149, -3.7121],
            [-39.913, -3.7208],
            [-39.8312, -3.6033],
            [-39.7131, -3.655],
            [-39.7074, -3.6891],
            [-39.6395, -3.8221],
            [-39.7208, -3.8722],
            [-39.6649, -4.0817],
            [-39.7053, -4.1046],
            [-39.7901, -4.1931],
            [-39.7345, -4.3332],
            [-39.754, -4.3996],
            [-39.7686, -4.5256],
            [-39.6856, -4.5735],
            [-39.7304, -4.6668],
            [-39.8068, -4.7078],
            [-39.8843, -4.7904],
            [-39.8922, -4.8934],
            [-39.9679, -4.9394],
            [-39.9578, -5.0254],
            [-39.9867, -5.0721],
            [-40.16, -5.1648],
            [-40.022, -5.1886],
            [-40.0299, -5.3483],
            [-40.1169, -5.5467],
            [-40.2289, -5.592],
            [-40.2109, -5.6925],
            [-40.4114, -5.8112],
            [-40.6602, -5.8464],
            [-40.7465, -5.9841],
            [-40.748, -6.0908],
            [-40.8577, -6.1054],
            [-40.8736, -6.0554],
            [-40.9075, -6.0447],
            [-40.8802, -5.9177],
            [-40.9388, -5.6733],
            [-40.9011, -5.6159],
            [-40.9438, -5.4236],
            [-40.9256, -5.1769],
            [-41.034, -5.0911],
            [-41.097, -5.0531],
            [-41.132, -5.0486],
            [-41.1375, -4.985]
          ]
        ]
      },
      "properties": { "cod_macro": "2309" }
    },
    {
      "type": "Feature",
      "geometry": {
        "type": "Polygon",
        "coordinates": [
          [
            [-39.5327, -4.0844],
            [-39.5574, -4.1013],
            [-39.666, -4.0681],
            [-39.6649, -4.0817],
            [-39.7208, -3.8722],
            [-39.6395, -3.8221],
            [-39.7074, -3.6891],
            [-39.7131, -3.655],
            [-39.8312, -3.6033],
            [-39.913, -3.7208],
            [-40.0149, -3.7121],
            [-39.9744, -3.5716],
            [-40.043, -3.4757],
            [-39.9413, -3.3376],
            [-39.868, -3.1246],
            [-39.708, -3.0139],
            [-39.6198, -3.026],
            [-39.397, -3.1768],
            [-39.2502, -3.2232],
            [-39.0487, -3.4126],
            [-38.9844, -3.4033],
            [-38.6524, -3.6822],
            [-38.4603, -3.7051],
            [-38.352, -3.8945],
            [-38.2729, -3.9447],
            [-38.0437, -4.2192],
            [-37.8164, -4.4003],
            [-37.9763, -4.4324],
            [-37.9633, -4.5324],
            [-38.0843, -4.5875],
            [-38.2348, -4.5743],
            [-38.3823, -4.5198],
            [-38.4495, -4.6509],
            [-38.5289, -4.6806],
            [-38.5796, -4.6698],
            [-38.6312, -4.7005],
            [-38.6892, -4.652],
            [-38.7822, -4.6305],
            [-38.8834, -4.709],
            [-38.9651, -4.7049],
            [-39.1298, -4.6281],
            [-38.9922, -4.2611],
            [-39.0193, -4.2576],
            [-38.9947, -4.2489],
            [-38.9386, -4.1088],
            [-39.0035, -3.9918],
            [-39.0278, -4.0631],
            [-39.4922, -4.1116],
            [-39.5327, -4.0844]
          ]
        ]
      },
      "properties": { "cod_macro": "2310" }
    },
    {
      "type": "Feature",
      "geometry": {
        "type": "Polygon",
        "coordinates": [
          [
            [-38.4521, -6.3925],
            [-38.4898, -6.3634],
            [-38.5054, -6.3565],
            [-38.566, -6.3026],
            [-38.5795, -6.2796],
            [-38.5283, -6.2392],
            [-38.5272, -6.1934],
            [-38.5013, -6.1909],
            [-38.4242, -6.0667],
            [-38.383, -6.0523],
            [-38.3662, -6.0883],
            [-38.3038, -6.0865],
            [-38.1638, -5.9454],
            [-38.0469, -5.7329],
            [-38.082, -5.6701],
            [-37.9016, -5.4998],
            [-37.8577, -5.3567],
            [-37.6403, -4.9264],
            [-37.2526, -4.8314],
            [-37.1501, -4.9493],
            [-36.9605, -4.9184],
            [-36.7156, -5.0809],
            [-36.7291, -5.175],
            [-36.5575, -5.2208],
            [-36.5374, -5.4128],
            [-36.838, -5.3922],
            [-36.8604, -5.4423],
            [-36.6997, -5.4638],
            [-36.2622, -5.6799],
            [-36.2848, -5.8593],
            [-36.5092, -5.7559],
            [-36.644, -5.7589],
            [-36.6992, -5.6958],
            [-36.7736, -5.861],
            [-36.9366, -5.9684],
            [-36.9368, -5.8659],
            [-36.9851, -5.8154],
            [-37.0097, -5.8371],
            [-37.0669, -5.9846],
            [-37.1287, -5.9564],
            [-37.1768, -6.0495],
            [-37.2538, -6.0266],
            [-37.4589, -6.145],
            [-37.7756, -6.2313],
            [-37.8862, -6.397],
            [-38.0497, -6.441],
            [-38.1355, -6.5185],
            [-38.2887, -6.5056],
            [-38.4521, -6.3925]
          ]
        ]
      },
      "properties": { "cod_macro": "2401" }
    },
    {
      "type": "Feature",
      "geometry": {
        "type": "Polygon",
        "coordinates": [
          [
            [-36.7305, -6.8354],
            [-36.835, -6.7311],
            [-36.9571, -6.7905],
            [-36.9998, -6.7077],
            [-37.1907, -6.8254],
            [-37.2837, -6.6939],
            [-37.4847, -6.71],
            [-37.4824, -6.5477],
            [-37.3969, -6.5142],
            [-37.3972, -6.4051],
            [-37.317, -6.2787],
            [-37.1657, -6.1704],
            [-37.1755, -6.0529],
            [-37.1545, -5.9926],
            [-37.1222, -5.9549],
            [-37.0669, -5.9846],
            [-37.0355, -5.8907],
            [-36.99, -5.8172],
            [-36.9774, -5.8136],
            [-36.966, -5.8463],
            [-36.9368, -5.8659],
            [-36.9366, -5.9684],
            [-36.7736, -5.861],
            [-36.6992, -5.6958],
            [-36.644, -5.7589],
            [-36.5092, -5.7559],
            [-36.2848, -5.8593],
            [-36.2622, -5.6799],
            [-36.6997, -5.4638],
            [-36.8604, -5.4423],
            [-36.838, -5.3922],
            [-36.5374, -5.4128],
            [-36.5575, -5.2208],
            [-36.7291, -5.175],
            [-36.7156, -5.0809],
            [-36.5032, -5.0618],
            [-36.1589, -5.0964],
            [-35.9791, -5.0416],
            [-35.4889, -5.1574],
            [-35.3955, -5.246],
            [-35.2596, -5.4817],
            [-35.1922, -5.7006],
            [-35.095, -6.1824],
            [-35.036, -6.2354],
            [-34.9685, -6.4872],
            [-35.1454, -6.5527],
            [-35.3308, -6.5443],
            [-35.4007, -6.4916],
            [-35.5617, -6.4926],
            [-35.6602, -6.4453],
            [-35.7634, -6.4822],
            [-35.9776, -6.4889],
            [-36.0053, -6.4811],
            [-36.0133, -6.455],
            [-36.0777, -6.4051],
            [-36.2498, -6.4374],
            [-36.2799, -6.3089],
            [-36.3576, -6.31],
            [-36.4998, -6.3582],
            [-36.5258, -6.5012],
            [-36.4359, -6.6259],
            [-36.5245, -6.5997],
            [-36.5589, -6.7091],
            [-36.5026, -6.7576],
            [-36.5698, -6.848],
            [-36.6098, -6.9368],
            [-36.6872, -6.926],
            [-36.7244, -6.9804],
            [-36.7665, -6.9359],
            [-36.7305, -6.8354]
          ]
        ]
      },
      "properties": { "cod_macro": "2402" }
    },
    {
      "type": "Feature",
      "geometry": {
        "type": "Polygon",
        "coordinates": [
          [
            [-38.3168, -7.7646],
            [-38.4095, -7.7305],
            [-38.59, -7.7557],
            [-38.6421, -7.6776],
            [-38.7151, -7.6219],
            [-38.5953, -7.4115],
            [-38.5346, -7.2938],
            [-38.552, -7.2435],
            [-38.5951, -7.2465],
            [-38.6154, -7.2302],
            [-38.6878, -7.1902],
            [-38.6698, -7.0477],
            [-38.7423, -6.9743],
            [-38.7656, -6.9495],
            [-38.6754, -6.8618],
            [-38.6527, -6.7598],
            [-38.6429, -6.5812],
            [-38.572, -6.4041],
            [-38.5054, -6.3565],
            [-38.4898, -6.3634],
            [-38.4521, -6.3925],
            [-38.2887, -6.5056],
            [-38.1355, -6.5185],
            [-38.0497, -6.441],
            [-37.8862, -6.397],
            [-37.7756, -6.2313],
            [-37.4589, -6.145],
            [-37.2538, -6.0266],
            [-37.1739, -6.048],
            [-37.1657, -6.1704],
            [-37.317, -6.2787],
            [-37.3972, -6.4051],
            [-37.3969, -6.5142],
            [-37.4824, -6.5477],
            [-37.4847, -6.71],
            [-37.2837, -6.6939],
            [-37.1907, -6.8254],
            [-36.9998, -6.7077],
            [-36.9571, -6.7905],
            [-36.835, -6.7311],
            [-36.7305, -6.8354],
            [-36.7665, -6.9343],
            [-36.7568, -6.953],
            [-36.7159, -6.9826],
            [-36.7437, -7.0257],
            [-36.8029, -7.144],
            [-37.0352, -7.1888],
            [-37.0532, -7.3795],
            [-37.1653, -7.3366],
            [-37.2342, -7.2739],
            [-37.3724, -7.3506],
            [-37.496, -7.3648],
            [-37.5331, -7.473],
            [-37.8572, -7.652],
            [-38.0771, -7.8306],
            [-38.1187, -7.8209],
            [-38.1557, -7.7802],
            [-38.2219, -7.8204],
            [-38.2868, -7.8302],
            [-38.3168, -7.7646]
          ]
        ]
      },
      "properties": { "cod_macro": "2501" }
    },
    {
      "type": "Feature",
      "geometry": {
        "type": "Polygon",
        "coordinates": [
          [
            [-37.0433, -8.2646],
            [-37.0812, -8.2664],
            [-37.1503, -8.0153],
            [-37.2196, -7.9728],
            [-37.3574, -7.975],
            [-37.3499, -7.9466],
            [-37.308, -7.915],
            [-37.1389, -7.7455],
            [-37.1979, -7.6353],
            [-37.1636, -7.5747],
            [-37.0875, -7.5183],
            [-36.9842, -7.4823],
            [-37.0212, -7.4402],
            [-37.0532, -7.3795],
            [-37.0352, -7.1888],
            [-36.8029, -7.144],
            [-36.7437, -7.0257],
            [-36.6098, -6.9368],
            [-36.5698, -6.848],
            [-36.5026, -6.7576],
            [-36.5589, -6.7091],
            [-36.5245, -6.5997],
            [-36.4359, -6.6259],
            [-36.5258, -6.5012],
            [-36.4998, -6.3582],
            [-36.3576, -6.31],
            [-36.2799, -6.3089],
            [-36.2498, -6.4374],
            [-36.0777, -6.4051],
            [-36.0133, -6.455],
            [-35.9994, -6.4835],
            [-35.8654, -6.4926],
            [-35.866, -6.6793],
            [-35.9065, -6.7855],
            [-35.8107, -6.8636],
            [-35.691, -6.8183],
            [-35.5219, -7.0295],
            [-35.4941, -7.0933],
            [-35.6277, -7.1325],
            [-35.6986, -7.2189],
            [-35.7557, -7.4723],
            [-35.6748, -7.4605],
            [-35.549, -7.4685],
            [-35.5152, -7.585],
            [-35.5317, -7.6217],
            [-35.5503, -7.6612],
            [-35.6522, -7.6964],
            [-35.7806, -7.7384],
            [-35.8721, -7.7495],
            [-35.9044, -7.7922],
            [-36.0809, -7.7791],
            [-36.2613, -7.8321],
            [-36.424, -7.8158],
            [-36.4441, -7.9153],
            [-36.6119, -7.9479],
            [-36.6286, -8.1111],
            [-36.7974, -8.1905],
            [-36.8959, -8.2408],
            [-36.9602, -8.3005],
            [-37.012, -8.294],
            [-37.0433, -8.2646]
          ]
        ]
      },
      "properties": { "cod_macro": "2502" }
    },
    {
      "type": "Feature",
      "geometry": {
        "type": "Polygon",
        "coordinates": [
          [
            [-35.4146, -7.4719],
            [-35.4504, -7.4534],
            [-35.549, -7.4685],
            [-35.6748, -7.4605],
            [-35.7557, -7.4723],
            [-35.6986, -7.2189],
            [-35.6277, -7.1325],
            [-35.4941, -7.0933],
            [-35.5219, -7.0295],
            [-35.691, -6.8183],
            [-35.8107, -6.8636],
            [-35.9065, -6.7855],
            [-35.866, -6.6793],
            [-35.8704, -6.4886],
            [-35.7634, -6.4822],
            [-35.6602, -6.4453],
            [-35.5617, -6.4926],
            [-35.4007, -6.4916],
            [-35.3308, -6.5443],
            [-35.1454, -6.5527],
            [-34.9685, -6.4872],
            [-34.9612, -6.6416],
            [-34.8653, -7.0296],
            [-34.7932, -7.1546],
            [-34.8097, -7.5134],
            [-34.914, -7.5438],
            [-35.0705, -7.3988],
            [-35.1907, -7.3979],
            [-35.335, -7.4068],
            [-35.4146, -7.4719]
          ]
        ]
      },
      "properties": { "cod_macro": "2503" }
    },
    {
      "type": "Feature",
      "geometry": {
        "type": "Polygon",
        "coordinates": [
          [
            [-40.7186, -9.4422],
            [-40.7564, -9.315],
            [-40.686, -9.2764],
            [-40.6674, -9.1591],
            [-40.8201, -9.0813],
            [-40.9192, -8.8372],
            [-41.0212, -8.8436],
            [-41.1128, -8.704],
            [-41.2815, -8.7361],
            [-41.2874, -8.6608],
            [-41.2123, -8.6018],
            [-41.0074, -8.4209],
            [-40.9785, -8.3987],
            [-40.8935, -8.3573],
            [-40.8195, -8.3219],
            [-40.6031, -8.0953],
            [-40.5442, -7.9646],
            [-40.5591, -7.8148],
            [-40.6721, -7.7648],
            [-40.6719, -7.7356],
            [-40.6338, -7.6969],
            [-40.622, -7.6514],
            [-40.7012, -7.4564],
            [-40.5485, -7.3927],
            [-40.5415, -7.3323],
            [-40.5237, -7.3185],
            [-40.4336, -7.3672],
            [-40.263, -7.301],
            [-40.0875, -7.3831],
            [-39.8577, -7.3254],
            [-39.7062, -7.3378],
            [-39.6531, -7.3723],
            [-39.6289, -7.4256],
            [-39.4607, -7.4712],
            [-39.4717, -7.5758],
            [-39.1003, -7.7757],
            [-39.0538, -7.8193],
            [-39.0014, -7.8401],
            [-38.8778, -8.0102],
            [-38.7782, -8.003],
            [-38.7044, -8.0491],
            [-38.5893, -8.1281],
            [-38.5259, -8.2375],
            [-38.6286, -8.3108],
            [-38.8125, -8.2352],
            [-38.9112, -8.3305],
            [-38.834, -8.5077],
            [-38.6268, -8.6183],
            [-38.8435, -8.6956],
            [-38.8549, -8.7845],
            [-38.9519, -8.8047],
            [-39.0376, -8.7347],
            [-39.2285, -8.7103],
            [-39.2841, -8.5659],
            [-39.4095, -8.5389],
            [-39.5952, -8.6512],
            [-39.6911, -8.6623],
            [-39.6717, -8.7776],
            [-39.893, -8.8288],
            [-39.8735, -8.934],
            [-39.958, -9.0486],
            [-40.1299, -9.1103],
            [-40.2236, -9.0567],
            [-40.2867, -9.1174],
            [-40.3389, -9.3599],
            [-40.4678, -9.4206],
            [-40.5107, -9.4072],
            [-40.5652, -9.464],
            [-40.6232, -9.4829],
            [-40.7186, -9.4422]
          ]
        ]
      },
      "properties": { "cod_macro": "2605" }
    },
    {
      "type": "Feature",
      "geometry": {
        "type": "Polygon",
        "coordinates": [
          [
            [-38.2376, -9.3298],
            [-38.2875, -9.2171],
            [-38.2876, -9.1739],
            [-38.3044, -9.0982],
            [-38.3259, -9.078],
            [-38.3235, -8.99],
            [-38.4085, -9.0385],
            [-38.5199, -8.9435],
            [-38.4733, -8.8895],
            [-38.5411, -8.8235],
            [-38.6066, -8.8897],
            [-38.6092, -8.9551],
            [-38.6449, -8.9867],
            [-38.6892, -8.9474],
            [-38.8041, -8.7892],
            [-38.8549, -8.7845],
            [-38.8435, -8.6956],
            [-38.6268, -8.6183],
            [-38.834, -8.5077],
            [-38.9112, -8.3305],
            [-38.8125, -8.2352],
            [-38.6286, -8.3108],
            [-38.5259, -8.2375],
            [-38.5893, -8.1281],
            [-38.7044, -8.0491],
            [-38.7782, -8.003],
            [-38.8778, -8.0102],
            [-38.9638, -7.8569],
            [-38.8814, -7.7474],
            [-38.8197, -7.6648],
            [-38.7437, -7.6607],
            [-38.7366, -7.6342],
            [-38.7063, -7.6219],
            [-38.6264, -7.6947],
            [-38.59, -7.7557],
            [-38.4095, -7.7305],
            [-38.3168, -7.7646],
            [-38.2998, -7.7632],
            [-38.2857, -7.8309],
            [-38.2386, -7.8307],
            [-38.1642, -7.7799],
            [-38.1392, -7.7862],
            [-38.1162, -7.8226],
            [-38.0771, -7.8306],
            [-37.8572, -7.652],
            [-37.5331, -7.473],
            [-37.496, -7.3648],
            [-37.3724, -7.3506],
            [-37.2342, -7.2739],
            [-37.1653, -7.3366],
            [-37.0212, -7.4402],
            [-36.9842, -7.4823],
            [-37.1215, -7.5361],
            [-37.1967, -7.6296],
            [-37.1389, -7.7455],
            [-37.308, -7.915],
            [-37.3499, -7.9466],
            [-37.3574, -7.975],
            [-37.2196, -7.9728],
            [-37.1503, -8.0153],
            [-37.0812, -8.2664],
            [-37.0433, -8.2646],
            [-36.9912, -8.303],
            [-36.9546, -8.2993],
            [-36.9083, -8.2531],
            [-36.927, -8.4254],
            [-36.7263, -8.6061],
            [-36.7022, -8.7239],
            [-36.7732, -8.7319],
            [-36.7769, -8.8863],
            [-36.778, -8.9274],
            [-36.8498, -8.8818],
            [-37.047, -8.921],
            [-37.1859, -8.9244],
            [-37.2475, -8.8143],
            [-37.3382, -8.8379],
            [-37.4916, -8.8476],
            [-37.4523, -8.9274],
            [-37.5022, -8.9296],
            [-37.5191, -8.9683],
            [-37.5971, -8.9691],
            [-37.6581, -8.9858],
            [-37.6719, -8.9745],
            [-37.7555, -8.8464],
            [-37.8246, -8.886],
            [-37.9057, -9.041],
            [-37.9794, -9.1484],
            [-38.0923, -9.1727],
            [-38.1736, -9.2851],
            [-38.2376, -9.3298]
          ]
        ]
      },
      "properties": { "cod_macro": "2606" }
    },
    {
      "type": "Feature",
      "geometry": {
        "type": "Polygon",
        "coordinates": [
          [
            [-35.8962, -8.8543],
            [-36.0054, -8.913],
            [-36.1255, -8.8423],
            [-36.0907, -8.7769],
            [-35.97, -8.7684],
            [-35.948, -8.6295],
            [-35.8425, -8.5762],
            [-35.8254, -8.523],
            [-35.8139, -8.5848],
            [-35.7532, -8.5826],
            [-35.5429, -8.4875],
            [-35.5968, -8.4088],
            [-35.4837, -8.2028],
            [-35.4486, -8.1713],
            [-35.4389, -8.127],
            [-35.5108, -8.0576],
            [-35.6303, -8.1041],
            [-35.8377, -8.1145],
            [-35.7567, -7.9795],
            [-35.822, -7.8595],
            [-35.8818, -7.7544],
            [-35.7806, -7.7384],
            [-35.6522, -7.6964],
            [-35.5503, -7.6612],
            [-35.5317, -7.6217],
            [-35.5152, -7.585],
            [-35.4504, -7.4534],
            [-35.4146, -7.4719],
            [-35.335, -7.4068],
            [-35.1907, -7.3979],
            [-35.0705, -7.3988],
            [-34.914, -7.5438],
            [-34.8359, -7.5457],
            [-34.8234, -7.9464],
            [-34.9449, -8.2624],
            [-34.9397, -8.3517],
            [-35.0903, -8.695],
            [-35.1527, -8.9139],
            [-35.2528, -8.8872],
            [-35.4701, -8.8131],
            [-35.7484, -8.9172],
            [-35.8962, -8.8543]
          ]
        ]
      },
      "properties": { "cod_macro": "2607" }
    },
    {
      "type": "Feature",
      "geometry": {
        "type": "Polygon",
        "coordinates": [
          [
            [-36.7618, -9.2715],
            [-36.836, -9.2886],
            [-36.9379, -9.3528],
            [-37.2471, -9.179],
            [-37.411, -9.0093],
            [-37.4999, -8.9681],
            [-37.5191, -8.9683],
            [-37.515, -8.9374],
            [-37.4521, -8.9269],
            [-37.4916, -8.8476],
            [-37.3382, -8.8379],
            [-37.2514, -8.8123],
            [-37.1859, -8.9244],
            [-37.047, -8.921],
            [-36.8498, -8.8818],
            [-36.778, -8.9274],
            [-36.7769, -8.8863],
            [-36.7732, -8.7319],
            [-36.7022, -8.7239],
            [-36.7263, -8.6061],
            [-36.927, -8.4254],
            [-36.9083, -8.2531],
            [-36.7974, -8.1905],
            [-36.6286, -8.1111],
            [-36.6119, -7.9479],
            [-36.4441, -7.9153],
            [-36.424, -7.8158],
            [-36.2613, -7.8321],
            [-36.0809, -7.7791],
            [-35.9044, -7.7922],
            [-35.822, -7.8595],
            [-35.7567, -7.9795],
            [-35.8377, -8.1145],
            [-35.6303, -8.1041],
            [-35.5108, -8.0576],
            [-35.4389, -8.127],
            [-35.4486, -8.1713],
            [-35.4837, -8.2028],
            [-35.5968, -8.4088],
            [-35.5429, -8.4875],
            [-35.7532, -8.5826],
            [-35.8139, -8.5848],
            [-35.8254, -8.523],
            [-35.8425, -8.5762],
            [-35.948, -8.6295],
            [-35.97, -8.7684],
            [-36.0907, -8.7769],
            [-36.1255, -8.8423],
            [-36.0333, -8.9084],
            [-36.1273, -8.9561],
            [-36.1043, -8.9989],
            [-36.1428, -9.0403],
            [-36.2684, -9.1039],
            [-36.2635, -9.172],
            [-36.437, -9.2121],
            [-36.605, -9.3415],
            [-36.7618, -9.2715]
          ]
        ]
      },
      "properties": { "cod_macro": "2608" }
    },
    {
      "type": "Feature",
      "geometry": {
        "type": "Polygon",
        "coordinates": [
          [
            [-37.2619, -9.8491],
            [-37.4126, -9.7616],
            [-37.5777, -9.7368],
            [-37.7095, -9.6303],
            [-37.8182, -9.5929],
            [-37.8925, -9.5398],
            [-38.0778, -9.4411],
            [-38.1945, -9.3849],
            [-38.2376, -9.3298],
            [-38.1736, -9.2851],
            [-38.0923, -9.1727],
            [-37.9786, -9.1477],
            [-37.9057, -9.041],
            [-37.8246, -8.886],
            [-37.7736, -8.853],
            [-37.7554, -8.8464],
            [-37.6719, -8.9745],
            [-37.6581, -8.9858],
            [-37.5971, -8.9691],
            [-37.5311, -8.96],
            [-37.4999, -8.9681],
            [-37.411, -9.0093],
            [-37.2471, -9.179],
            [-36.9379, -9.3528],
            [-36.836, -9.2886],
            [-36.7618, -9.2715],
            [-36.5932, -9.3608],
            [-36.5508, -9.3438],
            [-36.4684, -9.4855],
            [-36.2556, -9.5188],
            [-36.1917, -9.6001],
            [-36.3921, -9.6029],
            [-36.3588, -9.7682],
            [-36.526, -9.8032],
            [-36.4702, -9.9388],
            [-36.5109, -10.0422],
            [-36.6448, -10.0344],
            [-36.6869, -9.9655],
            [-36.77, -10.1241],
            [-36.8747, -10.0536],
            [-36.9682, -9.9869],
            [-37.0624, -9.9825],
            [-37.1625, -9.8938],
            [-37.2619, -9.8491]
          ]
        ]
      },
      "properties": { "cod_macro": "2703" }
    },
    {
      "type": "Feature",
      "geometry": {
        "type": "Polygon",
        "coordinates": [
          [
            [-36.5718, -10.3161],
            [-36.6226, -10.2553],
            [-36.7518, -10.2265],
            [-36.9122, -10.1382],
            [-36.8747, -10.0536],
            [-36.77, -10.1241],
            [-36.6869, -9.9655],
            [-36.6448, -10.0344],
            [-36.5109, -10.0422],
            [-36.4702, -9.9388],
            [-36.526, -9.8032],
            [-36.3588, -9.7682],
            [-36.3921, -9.6029],
            [-36.1917, -9.6001],
            [-36.2556, -9.5188],
            [-36.4684, -9.4855],
            [-36.5508, -9.3438],
            [-36.5932, -9.3608],
            [-36.605, -9.3415],
            [-36.437, -9.2121],
            [-36.2635, -9.172],
            [-36.2684, -9.1039],
            [-36.1428, -9.0403],
            [-36.1043, -8.9989],
            [-36.1273, -8.9561],
            [-35.9635, -8.9024],
            [-35.8962, -8.8543],
            [-35.7484, -8.9172],
            [-35.4701, -8.8131],
            [-35.2528, -8.8872],
            [-35.1519, -8.9152],
            [-35.3023, -9.1869],
            [-35.5128, -9.4395],
            [-35.6509, -9.5686],
            [-35.6961, -9.6662],
            [-35.8059, -9.7159],
            [-36.0457, -10.0751],
            [-36.2761, -10.2803],
            [-36.3889, -10.4996],
            [-36.4631, -10.4085],
            [-36.5019, -10.4311],
            [-36.5536, -10.424],
            [-36.5718, -10.3161]
          ]
        ]
      },
      "properties": { "cod_macro": "2704" }
    },
    {
      "type": "Feature",
      "geometry": {
        "type": "Polygon",
        "coordinates": [
          [
            [-37.6999, -11.5624],
            [-37.8661, -11.4271],
            [-37.8989, -11.4384],
            [-37.9999, -11.3403],
            [-37.9737, -11.1937],
            [-38.0572, -11.1721],
            [-38.1299, -11.0189],
            [-38.1806, -10.9428],
            [-38.2273, -10.916],
            [-38.245, -10.8226],
            [-38.2092, -10.7119],
            [-38.0417, -10.7007],
            [-37.9663, -10.7581],
            [-37.8328, -10.6805],
            [-37.8063, -10.6005],
            [-37.8375, -10.4011],
            [-37.7433, -10.3384],
            [-37.7687, -10.2892],
            [-37.7471, -10.2381],
            [-37.802, -10.1124],
            [-37.9128, -9.9371],
            [-38.0035, -9.9055],
            [-38.0617, -9.5909],
            [-38.0033, -9.515],
            [-37.8925, -9.5398],
            [-37.8182, -9.5929],
            [-37.7095, -9.6303],
            [-37.5777, -9.7368],
            [-37.4569, -9.7501],
            [-37.3491, -9.7898],
            [-37.2619, -9.8491],
            [-37.1625, -9.8938],
            [-37.0624, -9.9825],
            [-36.9682, -9.9869],
            [-36.9122, -10.1382],
            [-36.7518, -10.2265],
            [-36.6226, -10.2553],
            [-36.5718, -10.3161],
            [-36.5602, -10.4187],
            [-36.5085, -10.4319],
            [-36.4599, -10.4095],
            [-36.4276, -10.4335],
            [-36.3959, -10.4969],
            [-36.5924, -10.5765],
            [-36.8675, -10.7581],
            [-37.034, -10.9562],
            [-37.3248, -11.436],
            [-37.3553, -11.4437],
            [-37.4555, -11.5231],
            [-37.5815, -11.5306],
            [-37.6999, -11.5624]
          ]
        ]
      },
      "properties": { "cod_macro": "2801" }
    },
    {
      "type": "Feature",
      "geometry": {
        "type": "Polygon",
        "coordinates": [
          [
            [-39.7885, -15.3746],
            [-39.8477, -15.311],
            [-39.8956, -15.0542],
            [-39.8626, -14.9783],
            [-39.8691, -14.7919],
            [-39.7494, -14.7433],
            [-39.6966, -14.3696],
            [-39.7901, -14.3506],
            [-40.0105, -14.5315],
            [-40.5052, -14.3376],
            [-40.3879, -14.2657],
            [-40.8691, -14.0314],
            [-40.9498, -13.9063],
            [-40.9057, -13.8861],
            [-40.7148, -13.841],
            [-40.8584, -13.5825],
            [-41.0382, -13.5563],
            [-41.2204, -13.4702],
            [-41.2583, -13.4736],
            [-41.2368, -13.4612],
            [-41.127, -13.333],
            [-41.1048, -13.3189],
            [-41.0888, -13.2558],
            [-40.9183, -13.2296],
            [-40.7836, -13.3675],
            [-40.7197, -13.239],
            [-40.5848, -13.2153],
            [-40.401, -13.0663],
            [-40.1992, -13.0487],
            [-40.0654, -12.9927],
            [-39.9881, -12.9306],
            [-39.8998, -12.8746],
            [-39.8984, -12.9354],
            [-39.7672, -13.0477],
            [-39.7577, -13.1311],
            [-39.8061, -13.2321],
            [-39.7395, -13.3403],
            [-39.7473, -13.3752],
            [-39.7231, -13.4134],
            [-39.7294, -13.4895],
            [-39.4995, -13.5858],
            [-39.4719, -13.6155],
            [-39.3928, -13.623],
            [-39.3986, -13.6429],
            [-39.3546, -13.6682],
            [-39.3029, -13.4853],
            [-39.3246, -13.4393],
            [-39.3521, -13.3381],
            [-39.428, -13.3304],
            [-39.4288, -13.2982],
            [-39.3491, -13.2529],
            [-39.2986, -13.2173],
            [-39.2194, -13.2398],
            [-39.183, -13.2406],
            [-38.9899, -13.2548],
            [-38.9574, -13.2157],
            [-38.967, -13.3414],
            [-38.8912, -13.455],
            [-38.9335, -13.5554],
            [-38.8917, -13.6539],
            [-38.9715, -13.6721],
            [-38.9952, -13.802],
            [-38.9277, -13.9398],
            [-38.9892, -14.1956],
            [-38.9799, -14.2937],
            [-39.0653, -14.6829],
            [-38.9976, -14.9867],
            [-38.9931, -15.2942],
            [-38.9382, -15.6448],
            [-38.8936, -15.7667],
            [-39.2131, -15.7882],
            [-39.3869, -15.8249],
            [-39.485, -15.8392],
            [-39.5726, -15.7946],
            [-39.5309, -15.7305],
            [-39.5252, -15.6144],
            [-39.6831, -15.6178],
            [-39.8419, -15.4824],
            [-39.7923, -15.4272],
            [-39.7885, -15.3746]
          ]
        ]
      },
      "properties": { "cod_macro": "2910" }
    },
    {
      "type": "Feature",
      "geometry": {
        "type": "Polygon",
        "coordinates": [
          [
            [-42.3335, -15.0791],
            [-42.4759, -15.017],
            [-42.6265, -14.9451],
            [-42.7042, -14.8828],
            [-42.7551, -14.8464],
            [-42.8684, -14.767],
            [-42.9271, -14.7441],
            [-43.0839, -14.6983],
            [-43.104, -14.6739],
            [-43.1962, -14.6495],
            [-43.4349, -14.723],
            [-43.4697, -14.7873],
            [-43.5372, -14.7835],
            [-43.5806, -14.7508],
            [-43.6872, -14.7214],
            [-43.7199, -14.7295],
            [-43.8592, -14.6743],
            [-43.8701, -14.6128],
            [-43.8872, -14.5852],
            [-43.7832, -14.3392],
            [-43.8223, -14.323],
            [-43.9421, -14.3051],
            [-44.2406, -14.2407],
            [-44.3616, -14.2728],
            [-44.4489, -14.2258],
            [-44.4617, -14.1945],
            [-44.3796, -14.0445],
            [-44.2771, -14.0315],
            [-44.2316, -13.9427],
            [-44.1073, -13.9851],
            [-44.073, -13.8698],
            [-44.0482, -13.8664],
            [-44.028, -13.8557],
            [-44.0053, -13.8291],
            [-44.0166, -13.8259],
            [-44.0116, -13.8199],
            [-43.9572, -13.7872],
            [-43.9234, -13.8054],
            [-43.8143, -13.7084],
            [-43.5866, -13.8063],
            [-43.5568, -13.6445],
            [-43.4671, -13.5671],
            [-43.4993, -13.7334],
            [-43.4395, -13.8762],
            [-43.2413, -13.6104],
            [-43.1165, -13.3239],
            [-42.9601, -13.3341],
            [-42.9036, -13.1593],
            [-42.9807, -12.971],
            [-42.8913, -12.8893],
            [-42.8886, -12.5416],
            [-42.8254, -12.5698],
            [-42.6557, -12.5194],
            [-42.6052, -12.6582],
            [-42.5287, -12.6912],
            [-42.3535, -12.717],
            [-42.2765, -12.7116],
            [-42.2121, -12.9217],
            [-42.1124, -13.0322],
            [-42.1037, -13.1327],
            [-41.9091, -13.3114],
            [-41.7914, -13.3731],
            [-41.7077, -13.3699],
            [-41.6768, -13.3652],
            [-41.5525, -13.4093],
            [-41.4459, -13.3836],
            [-41.454, -13.2631],
            [-41.2906, -13.3225],
            [-41.1851, -13.23],
            [-41.1048, -13.3189],
            [-41.127, -13.333],
            [-41.2368, -13.4612],
            [-41.2583, -13.4736],
            [-41.2204, -13.4702],
            [-41.0382, -13.5563],
            [-40.8584, -13.5825],
            [-40.7148, -13.841],
            [-40.9057, -13.8861],
            [-40.9498, -13.9063],
            [-40.8691, -14.0314],
            [-40.3879, -14.2657],
            [-40.5052, -14.3376],
            [-40.0105, -14.5315],
            [-39.7901, -14.3506],
            [-39.6966, -14.3696],
            [-39.7494, -14.7433],
            [-39.8691, -14.7919],
            [-39.8626, -14.9783],
            [-39.8956, -15.0542],
            [-39.8477, -15.311],
            [-39.7885, -15.3746],
            [-39.7923, -15.4272],
            [-39.8419, -15.4824],
            [-39.6831, -15.6178],
            [-39.5252, -15.6144],
            [-39.5309, -15.7305],
            [-39.621, -15.774],
            [-39.647, -15.7416],
            [-39.7878, -15.8123],
            [-39.9491, -15.8971],
            [-39.8655, -15.9968],
            [-40.0662, -15.9602],
            [-40.085, -15.8971],
            [-40.1661, -15.8684],
            [-40.2311, -15.8038],
            [-40.3769, -15.8235],
            [-40.4614, -15.7532],
            [-40.5625, -15.8033],
            [-40.6449, -15.7289],
            [-40.7414, -15.6803],
            [-40.819, -15.6463],
            [-41.1425, -15.772],
            [-41.3312, -15.7447],
            [-41.3564, -15.5003],
            [-41.8007, -15.1011],
            [-41.8704, -15.1152],
            [-41.9325, -15.1745],
            [-42.0866, -15.1871],
            [-42.1733, -15.086],
            [-42.3335, -15.0791]
          ]
        ]
      },
      "properties": { "cod_macro": "2911" }
    },
    {
      "type": "Feature",
      "geometry": {
        "type": "Polygon",
        "coordinates": [
          [
            [-46.0437, -15.1181],
            [-45.975, -15.0369],
            [-45.9717, -14.9491],
            [-46.0073, -14.9258],
            [-46.0039, -14.9023],
            [-46.0253, -14.8558],
            [-46.0412, -14.8265],
            [-46.0055, -14.689],
            [-45.9753, -14.5389],
            [-46.019, -14.4721],
            [-45.9326, -14.4099],
            [-45.9954, -14.2562],
            [-46.1181, -14.1599],
            [-46.2244, -14.105],
            [-46.2201, -13.9754],
            [-46.2325, -13.8486],
            [-46.2815, -13.7951],
            [-46.2376, -13.6521],
            [-46.2495, -13.4313],
            [-46.1355, -13.3755],
            [-46.1032, -13.2575],
            [-46.3179, -13.3052],
            [-46.3291, -13.2485],
            [-46.2755, -13.0202],
            [-46.1247, -12.9598],
            [-46.1266, -12.9124],
            [-46.2056, -12.9507],
            [-46.306, -12.9391],
            [-46.2735, -12.8316],
            [-46.2758, -12.5944],
            [-46.3076, -12.5767],
            [-46.1982, -12.504],
            [-46.2726, -12.5146],
            [-46.2899, -12.3767],
            [-46.3774, -12.3528],
            [-46.4002, -12.0248],
            [-46.2822, -11.9182],
            [-46.3707, -11.8896],
            [-46.3785, -11.7485],
            [-46.3256, -11.5996],
            [-46.1572, -11.6515],
            [-46.0809, -11.624],
            [-46.3481, -11.5066],
            [-46.5241, -11.4636],
            [-46.5773, -11.36],
            [-46.5522, -11.2628],
            [-46.3416, -10.939],
            [-46.2673, -10.9348],
            [-46.1497, -10.6359],
            [-45.8709, -10.5033],
            [-45.7982, -10.3232],
            [-45.7269, -10.3125],
            [-45.702, -10.1794],
            [-45.5675, -10.1395],
            [-45.5262, -10.2369],
            [-45.5173, -10.2864],
            [-45.4266, -10.3663],
            [-45.4267, -10.4207],
            [-45.3954, -10.448],
            [-45.4473, -10.5074],
            [-45.3582, -10.7322],
            [-45.2481, -10.822],
            [-45.0732, -10.8404],
            [-44.9312, -10.9288],
            [-44.7881, -10.8085],
            [-44.6677, -10.7601],
            [-44.6666, -10.6823],
            [-44.5005, -10.6497],
            [-44.3368, -10.5485],
            [-44.264, -10.6247],
            [-44.1106, -10.5972],
            [-44.0235, -10.4082],
            [-43.9162, -10.4267],
            [-43.9159, -10.3931],
            [-43.7708, -10.3931],
            [-43.5846, -10.2482],
            [-43.2793, -10.237],
            [-42.6192, -10.5686],
            [-42.6613, -10.588],
            [-42.7031, -10.7147],
            [-42.7688, -10.81],
            [-42.8596, -10.809],
            [-42.8756, -10.8371],
            [-42.9434, -10.8818],
            [-42.9885, -10.9397],
            [-43.0513, -11.0058],
            [-43.1449, -11.1573],
            [-43.2215, -11.3694],
            [-43.2645, -11.4833],
            [-43.0568, -11.5285],
            [-42.9538, -11.6244],
            [-42.9211, -11.5789],
            [-42.7467, -11.7312],
            [-42.5944, -11.7085],
            [-42.3018, -11.7838],
            [-42.2466, -11.9468],
            [-42.0902, -12.1793],
            [-42.0889, -12.2915],
            [-42.113, -12.307],
            [-42.1241, -12.2777],
            [-42.2702, -12.3111],
            [-42.2538, -12.4081],
            [-42.3298, -12.4826],
            [-42.4256, -12.4973],
            [-42.533, -12.5468],
            [-42.6389, -12.5008],
            [-42.8254, -12.5698],
            [-42.8886, -12.5416],
            [-42.8913, -12.8893],
            [-42.9807, -12.971],
            [-42.9036, -13.1593],
            [-42.9601, -13.3341],
            [-43.1165, -13.3239],
            [-43.2413, -13.6104],
            [-43.4395, -13.8762],
            [-43.4993, -13.7334],
            [-43.4671, -13.5671],
            [-43.5568, -13.6445],
            [-43.5866, -13.8063],
            [-43.8143, -13.7084],
            [-43.9234, -13.8054],
            [-43.9572, -13.7872],
            [-44.0116, -13.8199],
            [-44.0166, -13.8259],
            [-44.0053, -13.8291],
            [-44.028, -13.8557],
            [-44.0482, -13.8664],
            [-44.073, -13.8698],
            [-44.1073, -13.9851],
            [-44.2316, -13.9427],
            [-44.2771, -14.0315],
            [-44.3796, -14.0445],
            [-44.4617, -14.1945],
            [-44.4489, -14.2258],
            [-44.4872, -14.3285],
            [-44.5656, -14.3401],
            [-44.7943, -14.4966],
            [-44.8434, -14.5808],
            [-45.0395, -14.6799],
            [-45.0828, -14.7488],
            [-45.2056, -14.7447],
            [-45.456, -14.9543],
            [-45.5667, -14.9449],
            [-45.6159, -15.0136],
            [-45.6571, -15.0273],
            [-45.6748, -15.0805],
            [-45.9187, -15.1334],
            [-45.9845, -15.196],
            [-46.0295, -15.2018],
            [-46.0771, -15.2647],
            [-46.1208, -15.1975],
            [-46.0504, -15.1677],
            [-46.0437, -15.1181]
          ]
        ]
      },
      "properties": { "cod_macro": "2912" }
    },
    {
      "type": "Feature",
      "geometry": {
        "type": "Polygon",
        "coordinates": [
          [
            [-40.4752, -10.7641],
            [-40.5072, -10.713],
            [-40.7471, -10.6336],
            [-40.9347, -10.6053],
            [-40.9221, -10.5585],
            [-40.9005, -10.5175],
            [-40.9672, -10.4514],
            [-41.0021, -10.4513],
            [-41.0383, -10.4514],
            [-41.251, -10.4279],
            [-41.2866, -10.3357],
            [-41.333, -10.3778],
            [-41.4732, -10.462],
            [-41.3815, -10.5187],
            [-41.6682, -10.8121],
            [-41.9159, -10.6428],
            [-42.0115, -10.6354],
            [-42.1597, -10.2579],
            [-42.4055, -10.1851],
            [-42.4563, -10.3004],
            [-42.4619, -10.3776],
            [-42.57, -10.4704],
            [-42.5817, -10.5375],
            [-42.6192, -10.5686],
            [-43.2793, -10.237],
            [-43.5846, -10.2482],
            [-43.7708, -10.3931],
            [-43.9159, -10.3931],
            [-43.8369, -10.3022],
            [-43.8373, -10.2501],
            [-43.766, -10.0801],
            [-43.6621, -10.0095],
            [-43.709, -9.9132],
            [-43.6532, -9.8391],
            [-43.7849, -9.7624],
            [-43.842, -9.6374],
            [-43.8505, -9.5497],
            [-43.7697, -9.4421],
            [-43.6858, -9.4178],
            [-43.579, -9.3204],
            [-43.4587, -9.2613],
            [-43.4278, -9.2726],
            [-43.3613, -9.3644],
            [-43.2788, -9.4246],
            [-43.1196, -9.3719],
            [-43.0569, -9.4191],
            [-42.9734, -9.4071],
            [-42.9462, -9.5184],
            [-42.8206, -9.6192],
            [-42.5886, -9.4974],
            [-42.4931, -9.4949],
            [-42.3161, -9.3166],
            [-42.2307, -9.2834],
            [-41.838, -9.2423],
            [-41.7265, -9.0164],
            [-41.5458, -8.9617],
            [-41.4243, -8.8026],
            [-41.3745, -8.7054],
            [-41.2815, -8.7361],
            [-41.1128, -8.704],
            [-41.0212, -8.8436],
            [-40.9192, -8.8372],
            [-40.8201, -9.0813],
            [-40.6674, -9.1591],
            [-40.686, -9.2764],
            [-40.7564, -9.315],
            [-40.7186, -9.4422],
            [-40.6281, -9.4827],
            [-40.5558, -9.4579],
            [-40.5291, -9.4139],
            [-40.4678, -9.4206],
            [-40.3389, -9.3599],
            [-40.2867, -9.1174],
            [-40.2236, -9.0567],
            [-40.1299, -9.1103],
            [-39.958, -9.0486],
            [-39.8735, -8.934],
            [-39.893, -8.8288],
            [-39.6717, -8.7776],
            [-39.6911, -8.6623],
            [-39.5952, -8.6512],
            [-39.4095, -8.5389],
            [-39.2841, -8.5659],
            [-39.2285, -8.7103],
            [-39.0376, -8.7347],
            [-38.9519, -8.8047],
            [-38.8041, -8.7892],
            [-38.6892, -8.9474],
            [-38.6537, -8.9839],
            [-38.6307, -8.9852],
            [-38.6103, -8.9573],
            [-38.5411, -8.8235],
            [-38.4733, -8.8895],
            [-38.5199, -8.9435],
            [-38.4085, -9.0385],
            [-38.3235, -8.99],
            [-38.3259, -9.078],
            [-38.3044, -9.0982],
            [-38.2876, -9.1739],
            [-38.2875, -9.2171],
            [-38.2395, -9.3271],
            [-38.1945, -9.3849],
            [-38.0778, -9.4411],
            [-37.9979, -9.4993],
            [-38.0617, -9.5909],
            [-38.0035, -9.9055],
            [-37.9128, -9.9371],
            [-37.802, -10.1124],
            [-37.7471, -10.2381],
            [-37.7687, -10.2892],
            [-37.793, -10.2469],
            [-37.8363, -10.2296],
            [-38.018, -10.1235],
            [-38.1066, -10.2156],
            [-38.2204, -10.2208],
            [-38.4876, -10.3222],
            [-38.5823, -10.2824],
            [-38.882, -10.2701],
            [-39.0774, -10.3805],
            [-39.2355, -10.1943],
            [-39.5257, -10.1884],
            [-39.7374, -10.0644],
            [-39.7393, -10.349],
            [-39.7729, -10.5503],
            [-39.6276, -10.915],
            [-39.7183, -10.9656],
            [-39.952, -10.8914],
            [-40.0081, -10.9166],
            [-40.0245, -10.9809],
            [-39.9902, -11.1626],
            [-40.2477, -10.9106],
            [-40.2416, -10.847],
            [-40.4752, -10.7641]
          ]
        ]
      },
      "properties": { "cod_macro": "2913" }
    },
    {
      "type": "Feature",
      "geometry": {
        "type": "Polygon",
        "coordinates": [
          [
            [-38.4888, -12.4122],
            [-38.5208, -12.2593],
            [-38.6123, -12.1664],
            [-38.733, -12.1554],
            [-38.6577, -12.0533],
            [-38.7099, -11.9601],
            [-38.6049, -11.9045],
            [-38.5421, -11.7545],
            [-38.6742, -11.6929],
            [-38.7741, -11.3564],
            [-38.8723, -11.3462],
            [-38.9456, -11.0517],
            [-39.0792, -11.0429],
            [-39.1151, -11.0177],
            [-38.9649, -10.8388],
            [-38.9738, -10.7863],
            [-38.7333, -10.7177],
            [-38.7867, -10.6334],
            [-38.6221, -10.4386],
            [-38.579, -10.3334],
            [-38.5823, -10.2824],
            [-38.4876, -10.3222],
            [-38.2204, -10.2208],
            [-38.1066, -10.2156],
            [-38.018, -10.1235],
            [-37.8363, -10.2296],
            [-37.793, -10.2469],
            [-37.7433, -10.3384],
            [-37.8375, -10.4011],
            [-37.8063, -10.6005],
            [-37.8328, -10.6805],
            [-37.9663, -10.7581],
            [-38.0417, -10.7007],
            [-38.2092, -10.7119],
            [-38.245, -10.8226],
            [-38.2273, -10.916],
            [-38.1806, -10.9428],
            [-38.1299, -11.0189],
            [-38.0572, -11.1721],
            [-37.9737, -11.1937],
            [-37.9999, -11.3403],
            [-37.8989, -11.4384],
            [-37.8661, -11.4271],
            [-37.6999, -11.5624],
            [-37.5815, -11.5306],
            [-37.4555, -11.5231],
            [-37.3411, -11.4423],
            [-37.5348, -11.7721],
            [-37.5208, -11.7263],
            [-37.7135, -11.6327],
            [-37.7485, -11.6786],
            [-37.7926, -11.7304],
            [-37.8652, -11.7604],
            [-37.7434, -11.8931],
            [-37.7215, -12.0184],
            [-37.7017, -12.0631],
            [-37.6857, -12.099],
            [-37.8933, -12.4082],
            [-37.8946, -12.3805],
            [-37.9514, -12.403],
            [-38.0798, -12.4554],
            [-38.1742, -12.2612],
            [-38.2764, -12.2809],
            [-38.3899, -12.4029],
            [-38.4888, -12.4122]
          ]
        ]
      },
      "properties": { "cod_macro": "2914" }
    },
    {
      "type": "Feature",
      "geometry": {
        "type": "MultiPolygon",
        "coordinates": [
          [
            [
              [-39.3986, -13.6429],
              [-39.3928, -13.623],
              [-39.4719, -13.6155],
              [-39.4995, -13.5858],
              [-39.7294, -13.4895],
              [-39.7231, -13.4134],
              [-39.7473, -13.3752],
              [-39.7395, -13.3403],
              [-39.8061, -13.2321],
              [-39.7577, -13.1311],
              [-39.7672, -13.0477],
              [-39.8984, -12.9354],
              [-39.8998, -12.8746],
              [-39.7973, -12.7049],
              [-39.7918, -12.5576],
              [-39.6195, -12.5981],
              [-39.5296, -12.5857],
              [-39.417, -12.616],
              [-39.3227, -12.548],
              [-39.0885, -12.4957],
              [-39.0672, -12.4529],
              [-39.008, -12.4718],
              [-38.89, -12.5063],
              [-38.8341, -12.4921],
              [-38.8274, -12.3967],
              [-38.7952, -12.3695],
              [-38.7423, -12.4732],
              [-38.6115, -12.4968],
              [-38.4888, -12.4122],
              [-38.3899, -12.4029],
              [-38.2764, -12.2809],
              [-38.1742, -12.2612],
              [-38.0798, -12.4554],
              [-37.9514, -12.403],
              [-37.8946, -12.3805],
              [-37.8933, -12.4082],
              [-38.0015, -12.578],
              [-38.3527, -12.9568],
              [-38.4687, -13.0149],
              [-38.6433, -13.0153],
              [-38.9085, -13.2131],
              [-38.9574, -13.2157],
              [-38.9899, -13.2548],
              [-39.183, -13.2406],
              [-39.2194, -13.2398],
              [-39.2986, -13.2173],
              [-39.3491, -13.2529],
              [-39.4288, -13.2982],
              [-39.428, -13.3304],
              [-39.3521, -13.3381],
              [-39.3246, -13.4393],
              [-39.3029, -13.4853],
              [-39.3457, -13.5383],
              [-39.3568, -13.6687],
              [-39.3986, -13.6429]
            ]
          ],
          [
            [
              [-37.7215, -12.0184],
              [-37.7434, -11.8931],
              [-37.8659, -11.7636],
              [-37.7926, -11.7304],
              [-37.7485, -11.6786],
              [-37.7135, -11.6327],
              [-37.5208, -11.7263],
              [-37.6857, -12.099],
              [-37.7017, -12.0631],
              [-37.7215, -12.0184]
            ]
          ]
        ]
      },
      "properties": { "cod_macro": "2915" }
    },
    {
      "type": "Feature",
      "geometry": {
        "type": "Polygon",
        "coordinates": [
          [
            [-40.2224, -17.9804],
            [-40.2635, -17.922],
            [-40.1741, -17.8516],
            [-40.2208, -17.7372],
            [-40.3467, -17.612],
            [-40.4145, -17.6101],
            [-40.5206, -17.4448],
            [-40.6235, -17.406],
            [-40.5478, -17.2837],
            [-40.5714, -17.0639],
            [-40.485, -16.879],
            [-40.2816, -16.9012],
            [-40.2578, -16.8065],
            [-40.3455, -16.7873],
            [-40.313, -16.6754],
            [-40.2341, -16.5579],
            [-40.0692, -16.4607],
            [-39.8568, -16.1138],
            [-39.9148, -16],
            [-39.8655, -15.9968],
            [-39.9491, -15.8971],
            [-39.7878, -15.8123],
            [-39.647, -15.7416],
            [-39.621, -15.774],
            [-39.5726, -15.7946],
            [-39.485, -15.8392],
            [-39.3869, -15.8249],
            [-39.2131, -15.7882],
            [-38.8936, -15.7667],
            [-38.8528, -15.8494],
            [-39.0111, -16.2458],
            [-39.0617, -16.4341],
            [-39.2211, -17.3018],
            [-39.1939, -17.5824],
            [-39.1356, -17.6895],
            [-39.2711, -17.8664],
            [-39.4688, -17.9712],
            [-39.6742, -18.3247],
            [-40.2224, -17.9804]
          ]
        ]
      },
      "properties": { "cod_macro": "2916" }
    },
    {
      "type": "Feature",
      "geometry": {
        "type": "Polygon",
        "coordinates": [
          [
            [-41.6768, -13.3652],
            [-41.7077, -13.3699],
            [-41.7914, -13.3731],
            [-41.9091, -13.3114],
            [-42.1037, -13.1327],
            [-42.1124, -13.0322],
            [-42.2121, -12.9217],
            [-42.2699, -12.7174],
            [-42.2972, -12.7035],
            [-42.3535, -12.717],
            [-42.5287, -12.6912],
            [-42.6052, -12.6582],
            [-42.6389, -12.5008],
            [-42.533, -12.5468],
            [-42.4256, -12.4973],
            [-42.3298, -12.4826],
            [-42.312, -12.4085],
            [-42.2503, -12.4032],
            [-42.2702, -12.3111],
            [-42.1241, -12.2777],
            [-42.0986, -12.2916],
            [-42.0398, -12.2911],
            [-42.0318, -12.2303],
            [-41.9681, -12.2659],
            [-41.9665, -12.2218],
            [-41.9676, -12.087],
            [-41.9826, -12.0444],
            [-41.9439, -12.0146],
            [-42.0215, -11.8152],
            [-41.3549, -12.1684],
            [-41.4557, -11.9696],
            [-41.3916, -11.7704],
            [-41.2494, -11.814],
            [-41.2555, -11.9024],
            [-41.0999, -11.9568],
            [-41.1094, -11.9449],
            [-41.0249, -12.0022],
            [-40.9205, -12.0144],
            [-40.8776, -11.9736],
            [-40.7951, -11.9621],
            [-40.7303, -11.9998],
            [-40.5778, -11.8983],
            [-40.6221, -11.8377],
            [-40.4844, -11.8246],
            [-40.3832, -11.6441],
            [-40.3534, -11.6758],
            [-40.3638, -11.8279],
            [-40.0155, -11.8324],
            [-39.9073, -11.7163],
            [-39.9686, -11.4909],
            [-39.7715, -11.4663],
            [-39.8486, -11.3503],
            [-39.9553, -11.2487],
            [-39.953, -11.1569],
            [-40.0245, -10.9809],
            [-40.0081, -10.9166],
            [-39.952, -10.8914],
            [-39.7183, -10.9656],
            [-39.6276, -10.915],
            [-39.7729, -10.5503],
            [-39.7393, -10.349],
            [-39.7374, -10.0644],
            [-39.5257, -10.1884],
            [-39.2355, -10.1943],
            [-39.0774, -10.3805],
            [-38.882, -10.2701],
            [-38.5791, -10.3068],
            [-38.579, -10.3334],
            [-38.6221, -10.4386],
            [-38.7867, -10.6334],
            [-38.7333, -10.7177],
            [-38.9738, -10.7863],
            [-38.9649, -10.8388],
            [-39.1152, -11.0181],
            [-39.0792, -11.0429],
            [-38.9456, -11.0517],
            [-38.8723, -11.3462],
            [-38.7741, -11.3564],
            [-38.6742, -11.6929],
            [-38.5421, -11.7545],
            [-38.6049, -11.9045],
            [-38.7099, -11.9601],
            [-38.6577, -12.0533],
            [-38.733, -12.1554],
            [-38.6123, -12.1664],
            [-38.5208, -12.2593],
            [-38.539, -12.3923],
            [-38.6115, -12.4968],
            [-38.7423, -12.4732],
            [-38.7952, -12.3695],
            [-38.8274, -12.3967],
            [-38.8341, -12.4921],
            [-38.89, -12.5063],
            [-39.008, -12.4718],
            [-39.0672, -12.4529],
            [-39.0885, -12.4957],
            [-39.3227, -12.548],
            [-39.417, -12.616],
            [-39.5296, -12.5857],
            [-39.6195, -12.5981],
            [-39.7918, -12.5576],
            [-39.7973, -12.7049],
            [-39.8998, -12.8746],
            [-39.9881, -12.9306],
            [-40.0654, -12.9927],
            [-40.1992, -13.0487],
            [-40.401, -13.0663],
            [-40.5848, -13.2153],
            [-40.7197, -13.239],
            [-40.7836, -13.3675],
            [-40.9183, -13.2296],
            [-41.0888, -13.2558],
            [-41.1851, -13.23],
            [-41.2906, -13.3225],
            [-41.454, -13.2631],
            [-41.4459, -13.3836],
            [-41.5525, -13.4093],
            [-41.6768, -13.3652]
          ]
        ]
      },
      "properties": { "cod_macro": "2917" }
    },
    {
      "type": "Feature",
      "geometry": {
        "type": "Polygon",
        "coordinates": [
          [
            [-42.0889, -12.2915],
            [-42.0902, -12.1793],
            [-42.2466, -11.9468],
            [-42.3018, -11.7838],
            [-42.5944, -11.7085],
            [-42.7467, -11.7312],
            [-42.9211, -11.5789],
            [-42.9538, -11.6244],
            [-43.0568, -11.5285],
            [-43.2647, -11.4824],
            [-43.2215, -11.3694],
            [-43.1449, -11.1573],
            [-43.0513, -11.0058],
            [-42.9885, -10.9397],
            [-42.9434, -10.8818],
            [-42.8756, -10.8371],
            [-42.8596, -10.809],
            [-42.785, -10.8188],
            [-42.7483, -10.7865],
            [-42.7031, -10.7147],
            [-42.6613, -10.588],
            [-42.5872, -10.5451],
            [-42.57, -10.4704],
            [-42.4645, -10.3822],
            [-42.4563, -10.3004],
            [-42.4055, -10.1851],
            [-42.1597, -10.2579],
            [-42.0115, -10.6354],
            [-41.9159, -10.6428],
            [-41.6682, -10.8121],
            [-41.3815, -10.5187],
            [-41.4732, -10.462],
            [-41.333, -10.3778],
            [-41.2866, -10.3357],
            [-41.251, -10.4279],
            [-41.0383, -10.4514],
            [-41.0021, -10.4513],
            [-40.9672, -10.4514],
            [-40.9005, -10.5175],
            [-40.9221, -10.5585],
            [-40.9347, -10.6053],
            [-40.7471, -10.6336],
            [-40.5072, -10.713],
            [-40.4752, -10.7641],
            [-40.2416, -10.847],
            [-40.2477, -10.9106],
            [-39.9902, -11.1626],
            [-39.953, -11.1569],
            [-39.9553, -11.2487],
            [-39.8486, -11.3503],
            [-39.7715, -11.4663],
            [-39.9686, -11.4909],
            [-39.9073, -11.7163],
            [-40.0155, -11.8324],
            [-40.3638, -11.8279],
            [-40.3534, -11.6758],
            [-40.3832, -11.6441],
            [-40.4844, -11.8246],
            [-40.622, -11.8376],
            [-40.5778, -11.8983],
            [-40.7303, -11.9998],
            [-40.7951, -11.9621],
            [-40.8776, -11.9736],
            [-40.9205, -12.0144],
            [-41.0249, -12.0022],
            [-41.1094, -11.9449],
            [-41.0999, -11.9568],
            [-41.2233, -11.9187],
            [-41.2564, -11.9006],
            [-41.2494, -11.814],
            [-41.3916, -11.7704],
            [-41.4557, -11.9696],
            [-41.3549, -12.1684],
            [-42.0215, -11.8152],
            [-41.9439, -12.0146],
            [-41.9826, -12.0444],
            [-41.9676, -12.087],
            [-41.9665, -12.2218],
            [-41.9681, -12.2659],
            [-42.0318, -12.2303],
            [-42.0398, -12.2911],
            [-42.0889, -12.2915]
          ]
        ]
      },
      "properties": { "cod_macro": "2918" }
    },
    {
      "type": "Feature",
      "geometry": {
        "type": "Polygon",
        "coordinates": [
          [
            [-45.2794, -22.3114],
            [-45.3744, -22.2696],
            [-45.3749, -22.1412],
            [-45.3545, -22.0973],
            [-45.4586, -22.0819],
            [-45.4531, -22.0419],
            [-45.4783, -21.988],
            [-45.6186, -22.0188],
            [-45.7122, -21.9716],
            [-45.726, -21.7613],
            [-45.7051, -21.678],
            [-45.6861, -21.6564],
            [-45.66, -21.4633],
            [-45.6966, -21.346],
            [-45.6004, -21.3154],
            [-45.6123, -21.2069],
            [-45.5948, -21.1443],
            [-45.9218, -21.0391],
            [-45.9283, -20.9997],
            [-45.8951, -20.9217],
            [-45.9395, -20.9295],
            [-45.9461, -20.8961],
            [-45.8922, -20.8576],
            [-45.839, -20.8654],
            [-45.788, -20.8357],
            [-45.698, -20.8978],
            [-45.6794, -20.8615],
            [-45.658, -20.8744],
            [-45.5391, -20.9364],
            [-45.3944, -21.0778],
            [-45.2556, -21.0854],
            [-45.2839, -21.1121],
            [-45.212, -21.0686],
            [-45.0588, -20.9755],
            [-44.9497, -21.109],
            [-44.9259, -21.1243],
            [-44.9143, -21.1451],
            [-44.8047, -21.2228],
            [-44.6909, -21.217],
            [-44.5113, -21.3541],
            [-44.4385, -21.5067],
            [-44.5451, -21.6512],
            [-44.5703, -21.6545],
            [-44.5723, -21.7727],
            [-44.5461, -21.7683],
            [-44.4567, -21.7957],
            [-44.4089, -21.9739],
            [-44.4292, -22.0335],
            [-44.4303, -22.1154],
            [-44.5503, -22.132],
            [-44.6661, -22.3202],
            [-44.8021, -22.3923],
            [-44.8715, -22.4241],
            [-45.0284, -22.4632],
            [-45.1028, -22.4899],
            [-45.2001, -22.393],
            [-45.2157, -22.3356],
            [-45.2794, -22.3114]
          ]
        ]
      },
      "properties": { "cod_macro": "3101" }
    },
    {
      "type": "Feature",
      "geometry": {
        "type": "Polygon",
        "coordinates": [
          [
            [-44.5703, -21.6545],
            [-44.5451, -21.6512],
            [-44.4385, -21.5067],
            [-44.5113, -21.3541],
            [-44.6909, -21.217],
            [-44.8047, -21.2228],
            [-44.9143, -21.1451],
            [-44.9259, -21.1243],
            [-44.9497, -21.109],
            [-44.9701, -21.043],
            [-44.8659, -20.9552],
            [-44.5611, -20.8039],
            [-44.4333, -20.7734],
            [-44.3572, -20.6081],
            [-44.3, -20.6036],
            [-44.3149, -20.5819],
            [-44.3037, -20.5522],
            [-44.2753, -20.5351],
            [-44.2319, -20.5372],
            [-44.1928, -20.5347],
            [-43.9991, -20.4968],
            [-43.9044, -20.4171],
            [-43.7985, -20.5043],
            [-43.6875, -20.4315],
            [-43.5851, -20.494],
            [-43.6013, -20.5841],
            [-43.4585, -20.6323],
            [-43.301, -20.4943],
            [-43.2509, -20.5478],
            [-43.1407, -20.5717],
            [-43.1581, -20.6423],
            [-43.1643, -20.6607],
            [-43.1696, -20.6897],
            [-43.2664, -20.8035],
            [-43.3028, -20.8185],
            [-43.2728, -20.9284],
            [-43.231, -21.0446],
            [-43.4521, -21.1751],
            [-43.3759, -21.2615],
            [-43.4083, -21.3307],
            [-43.5565, -21.3066],
            [-43.7076, -21.4029],
            [-43.649, -21.4966],
            [-43.7101, -21.5821],
            [-43.8071, -21.5215],
            [-43.8763, -21.6825],
            [-43.9564, -21.6345],
            [-44.0713, -21.7305],
            [-44.2208, -21.5668],
            [-44.2149, -21.5809],
            [-44.2672, -21.5952],
            [-44.3342, -21.598],
            [-44.4018, -21.6282],
            [-44.3989, -21.7043],
            [-44.449, -21.7501],
            [-44.4687, -21.7695],
            [-44.5461, -21.7683],
            [-44.5723, -21.7727],
            [-44.5703, -21.6545]
          ]
        ]
      },
      "properties": { "cod_macro": "3102" }
    },
    {
      "type": "Feature",
      "geometry": {
        "type": "Polygon",
        "coordinates": [
          [
            [-44.374, -20.4649],
            [-44.4428, -20.3601],
            [-44.42, -20.2534],
            [-44.3377, -20.1199],
            [-44.4457, -20.1477],
            [-44.4771, -20.0805],
            [-44.5424, -19.9675],
            [-44.4465, -19.7889],
            [-44.4721, -19.7076],
            [-44.5131, -19.6352],
            [-44.5677, -19.6025],
            [-44.5836, -19.5566],
            [-44.5601, -19.5306],
            [-44.61, -19.5274],
            [-44.6516, -19.5568],
            [-44.6831, -19.553],
            [-44.7219, -19.5705],
            [-44.7544, -19.6065],
            [-44.835, -19.4897],
            [-44.9797, -19.4555],
            [-45.1177, -19.2626],
            [-45.1628, -19.2217],
            [-45.3658, -19.3604],
            [-45.4738, -19.3179],
            [-45.6231, -19.3558],
            [-45.7768, -19.2612],
            [-45.8376, -19.3482],
            [-45.839, -19.3129],
            [-45.6846, -18.9352],
            [-45.6718, -18.8475],
            [-45.6479, -18.8493],
            [-45.7021, -18.7606],
            [-45.6155, -18.5724],
            [-45.6323, -18.4202],
            [-45.514, -18.3181],
            [-45.4079, -18.3179],
            [-45.3174, -18.2193],
            [-45.2269, -18.1502],
            [-45.2479, -18.1347],
            [-45.2318, -18.1082],
            [-45.1801, -18.0305],
            [-45.1164, -17.9308],
            [-45.0993, -17.9631],
            [-45.0209, -18.0052],
            [-44.964, -18.0851],
            [-44.8743, -18.0967],
            [-44.8476, -18.13],
            [-44.8027, -18.1306],
            [-44.7899, -18.1499],
            [-44.7495, -18.1518],
            [-44.6952, -18.0736],
            [-44.5539, -17.9455],
            [-44.5259, -18.0026],
            [-44.4741, -18.0782],
            [-44.3845, -17.9309],
            [-44.3004, -17.9075],
            [-44.2979, -17.8109],
            [-44.0859, -17.8551],
            [-43.9564, -17.5553],
            [-43.894, -17.609],
            [-43.8654, -17.7615],
            [-43.8045, -17.8885],
            [-43.8221, -18.0288],
            [-44.0884, -18.2204],
            [-43.9537, -18.377],
            [-43.8613, -18.3899],
            [-43.9259, -18.5016],
            [-44.0685, -18.5675],
            [-44.0519, -18.5916],
            [-44.0211, -18.677],
            [-43.9402, -18.6285],
            [-43.7959, -18.7673],
            [-43.7135, -18.9763],
            [-43.5154, -19.1589],
            [-43.4659, -19.1693],
            [-43.3441, -19.099],
            [-43.1912, -19.2423],
            [-43.1258, -19.237],
            [-43.1215, -19.2202],
            [-43.1176, -19.198],
            [-43.1824, -19.1394],
            [-43.3176, -19.087],
            [-43.2924, -18.8665],
            [-43.1359, -18.423],
            [-43.1677, -18.3383],
            [-43.2257, -18.2991],
            [-43.273, -18.2525],
            [-43.2427, -18.1931],
            [-43.1941, -18.2165],
            [-43.0757, -18.068],
            [-42.9803, -18.1536],
            [-42.9102, -18.121],
            [-42.93, -18.1823],
            [-42.9457, -18.2223],
            [-42.912, -18.2901],
            [-42.8791, -18.2762],
            [-42.8661, -18.2942],
            [-42.8689, -18.364],
            [-42.8875, -18.3934],
            [-42.9192, -18.3934],
            [-42.9141, -18.4595],
            [-42.9134, -18.5487],
            [-42.9104, -18.578],
            [-42.8858, -18.6356],
            [-42.8396, -18.676],
            [-42.8208, -18.6693],
            [-42.803, -18.6156],
            [-42.761, -18.6335],
            [-42.7062, -18.6612],
            [-42.5719, -18.7039],
            [-42.6328, -18.7568],
            [-42.6419, -18.7933],
            [-42.5473, -18.8464],
            [-42.5954, -18.9622],
            [-42.6797, -18.9529],
            [-42.7246, -18.9137],
            [-42.7761, -18.9757],
            [-42.8064, -19.0828],
            [-42.7975, -19.1684],
            [-42.7429, -19.229],
            [-42.7267, -19.3219],
            [-42.7652, -19.3929],
            [-42.8741, -19.4259],
            [-42.8903, -19.4632],
            [-42.979, -19.5247],
            [-43.0165, -19.4359],
            [-43.0578, -19.4262],
            [-43.0456, -19.5634],
            [-43.0235, -19.5586],
            [-43.0064, -19.5779],
            [-43.0053, -19.6361],
            [-42.9694, -19.6966],
            [-42.9244, -19.6999],
            [-42.8921, -19.7325],
            [-42.8061, -19.7858],
            [-42.8432, -19.8442],
            [-42.8426, -19.8623],
            [-42.8527, -19.8736],
            [-42.7774, -19.9585],
            [-42.7375, -20.001],
            [-42.7879, -20.0291],
            [-42.9024, -20.0463],
            [-42.9717, -20.0179],
            [-43.0414, -20.0377],
            [-43.1306, -20.0593],
            [-43.2359, -20.0453],
            [-43.2631, -20.0645],
            [-43.3114, -20.0958],
            [-43.3367, -20.1093],
            [-43.2982, -20.2172],
            [-43.1628, -20.1772],
            [-43.1583, -20.2752],
            [-43.1469, -20.3145],
            [-43.1584, -20.3455],
            [-43.1528, -20.3762],
            [-43.1818, -20.4247],
            [-43.2137, -20.4576],
            [-43.301, -20.4943],
            [-43.4585, -20.6323],
            [-43.6013, -20.5841],
            [-43.5851, -20.494],
            [-43.6875, -20.4315],
            [-43.7985, -20.5043],
            [-43.9044, -20.4171],
            [-43.9991, -20.4968],
            [-44.1928, -20.5347],
            [-44.2319, -20.5372],
            [-44.2551, -20.5281],
            [-44.303, -20.5516],
            [-44.3156, -20.5855],
            [-44.3465, -20.5416],
            [-44.374, -20.4649]
          ]
        ]
      },
      "properties": { "cod_macro": "3103" }
    },
    {
      "type": "Feature",
      "geometry": {
        "type": "Polygon",
        "coordinates": [
          [
            [-43.1176, -19.198],
            [-43.1215, -19.2202],
            [-43.1258, -19.237],
            [-43.1912, -19.2423],
            [-43.3441, -19.099],
            [-43.4659, -19.1693],
            [-43.5154, -19.1589],
            [-43.7135, -18.9763],
            [-43.7959, -18.7673],
            [-43.9402, -18.6285],
            [-44.0211, -18.677],
            [-44.0519, -18.5916],
            [-44.0685, -18.5675],
            [-43.9259, -18.5016],
            [-43.8613, -18.3899],
            [-43.9537, -18.377],
            [-44.0884, -18.2204],
            [-43.8221, -18.0288],
            [-43.7499, -17.8807],
            [-43.6769, -17.8307],
            [-43.6098, -17.7367],
            [-43.5645, -17.5458],
            [-43.4598, -17.5564],
            [-43.1973, -17.4055],
            [-43.1867, -17.2894],
            [-43.005, -17.1933],
            [-42.9241, -17.0398],
            [-42.7948, -17.0191],
            [-42.7331, -16.8268],
            [-42.3996, -16.6409],
            [-42.4363, -16.4946],
            [-42.2663, -16.4683],
            [-42.1968, -16.4615],
            [-42.1054, -16.4371],
            [-42.0821, -16.4448],
            [-42.0195, -16.4919],
            [-42.0431, -16.5836],
            [-41.9018, -16.6767],
            [-41.9158, -16.7718],
            [-41.7131, -16.8884],
            [-41.674, -16.9871],
            [-41.9597, -17.0729],
            [-41.9798, -17.1898],
            [-42.0209, -17.1891],
            [-42.0782, -17.1963],
            [-42.0861, -17.3797],
            [-42.177, -17.4161],
            [-42.3273, -17.6367],
            [-42.2996, -17.7288],
            [-42.3741, -17.7664],
            [-42.4683, -17.8124],
            [-42.5154, -17.9341],
            [-42.5683, -17.9864],
            [-42.6939, -18.068],
            [-42.6951, -18.1567],
            [-42.7232, -18.1934],
            [-42.7433, -18.2085],
            [-42.7279, -18.2846],
            [-42.7545, -18.3243],
            [-42.7848, -18.3475],
            [-42.8262, -18.3414],
            [-42.8669, -18.357],
            [-42.8661, -18.3642],
            [-42.8672, -18.365],
            [-42.8694, -18.3643],
            [-42.8707, -18.2851],
            [-42.8858, -18.276],
            [-42.9115, -18.2904],
            [-42.9255, -18.2469],
            [-42.9457, -18.2343],
            [-42.93, -18.1823],
            [-42.9102, -18.121],
            [-42.9803, -18.1536],
            [-43.0757, -18.068],
            [-43.1941, -18.2165],
            [-43.2427, -18.1931],
            [-43.273, -18.2525],
            [-43.2257, -18.2991],
            [-43.1677, -18.3383],
            [-43.1359, -18.423],
            [-43.2924, -18.8665],
            [-43.3176, -19.087],
            [-43.1824, -19.1394],
            [-43.1176, -19.198]
          ]
        ]
      },
      "properties": { "cod_macro": "3104" }
    },
    {
      "type": "Feature",
      "geometry": {
        "type": "Polygon",
        "coordinates": [
          [
            [-45.3944, -21.0778],
            [-45.5391, -20.9364],
            [-45.658, -20.8744],
            [-45.6755, -20.8043],
            [-45.7337, -20.7347],
            [-45.7916, -20.7157],
            [-45.7563, -20.5742],
            [-45.7131, -20.5217],
            [-45.8349, -20.3579],
            [-45.8733, -20.2243],
            [-46.0254, -20.3551],
            [-46.0763, -20.3317],
            [-46.1577, -20.2932],
            [-46.3844, -20.0139],
            [-46.5655, -19.996],
            [-46.5995, -19.9938],
            [-46.5821, -19.8952],
            [-46.461, -19.8843],
            [-46.3187, -19.8726],
            [-46.3344, -19.81],
            [-46.1374, -19.8094],
            [-46.1331, -19.6803],
            [-46.0098, -19.6557],
            [-45.8842, -19.4887],
            [-45.8735, -19.3833],
            [-45.8376, -19.3482],
            [-45.7768, -19.2612],
            [-45.6231, -19.3558],
            [-45.4738, -19.3179],
            [-45.3658, -19.3604],
            [-45.1628, -19.2217],
            [-45.1177, -19.2626],
            [-44.9797, -19.4555],
            [-44.835, -19.4897],
            [-44.7544, -19.6065],
            [-44.7122, -19.6041],
            [-44.7141, -19.5657],
            [-44.5793, -19.5262],
            [-44.5579, -19.5367],
            [-44.5834, -19.5571],
            [-44.546, -19.5862],
            [-44.5677, -19.6025],
            [-44.5131, -19.6352],
            [-44.4721, -19.7076],
            [-44.4465, -19.7889],
            [-44.5424, -19.9675],
            [-44.4771, -20.0805],
            [-44.4457, -20.1477],
            [-44.3377, -20.1199],
            [-44.42, -20.2534],
            [-44.4428, -20.3601],
            [-44.374, -20.4649],
            [-44.326, -20.5039],
            [-44.3465, -20.5418],
            [-44.2995, -20.6025],
            [-44.3179, -20.6146],
            [-44.3572, -20.6081],
            [-44.4333, -20.7734],
            [-44.5611, -20.8039],
            [-44.8659, -20.9552],
            [-44.9954, -21.0416],
            [-45.0588, -20.9755],
            [-45.212, -21.0686],
            [-45.2839, -21.1121],
            [-45.2556, -21.0854],
            [-45.3944, -21.0778]
          ]
        ]
      },
      "properties": { "cod_macro": "3105" }
    },
    {
      "type": "Feature",
      "geometry": {
        "type": "Polygon",
        "coordinates": [
          [
            [-42.3154, -18.987],
            [-42.3554, -18.9605],
            [-42.4533, -18.9401],
            [-42.5277, -18.9449],
            [-42.5473, -18.8464],
            [-42.6419, -18.7933],
            [-42.6328, -18.7568],
            [-42.5719, -18.7039],
            [-42.7062, -18.6612],
            [-42.761, -18.6335],
            [-42.803, -18.6156],
            [-42.8222, -18.6714],
            [-42.8513, -18.675],
            [-42.9104, -18.578],
            [-42.9134, -18.5487],
            [-42.9141, -18.4595],
            [-42.9192, -18.3934],
            [-42.8839, -18.3909],
            [-42.8669, -18.357],
            [-42.8262, -18.3414],
            [-42.7848, -18.3475],
            [-42.7545, -18.3243],
            [-42.7279, -18.2846],
            [-42.7433, -18.2085],
            [-42.7232, -18.1934],
            [-42.6951, -18.1567],
            [-42.6939, -18.068],
            [-42.5683, -17.9864],
            [-42.5154, -17.9341],
            [-42.4683, -17.8124],
            [-42.3741, -17.7664],
            [-42.1776, -18.0012],
            [-42.0593, -18.1054],
            [-42.0887, -18.2113],
            [-42.0516, -18.3631],
            [-42.0507, -18.3808],
            [-42.061, -18.3968],
            [-41.9803, -18.3939],
            [-41.699, -18.3445],
            [-41.6278, -18.4347],
            [-41.5833, -18.535],
            [-41.5397, -18.5815],
            [-41.3657, -18.4991],
            [-41.281, -18.4502],
            [-41.0206, -18.4586],
            [-41.0529, -18.6312],
            [-40.9415, -18.6893],
            [-40.94, -18.7703],
            [-40.9639, -18.8412],
            [-41.2325, -18.7973],
            [-41.0169, -18.9746],
            [-41.0539, -19.0689],
            [-40.944, -19.144],
            [-40.9077, -19.3088],
            [-40.9682, -19.4257],
            [-41.0467, -19.4874],
            [-41.0369, -19.5705],
            [-41.1086, -19.6395],
            [-41.1911, -19.7459],
            [-41.1641, -19.8064],
            [-41.1757, -19.8394],
            [-41.228, -19.905],
            [-41.2445, -19.9373],
            [-41.2997, -19.9041],
            [-41.2905, -19.8842],
            [-41.393, -19.7492],
            [-41.3813, -19.5883],
            [-41.4666, -19.5078],
            [-41.5051, -19.4983],
            [-41.5381, -19.4879],
            [-41.5907, -19.466],
            [-41.6096, -19.4395],
            [-41.6367, -19.4171],
            [-41.7803, -19.4965],
            [-41.9594, -19.3437],
            [-42.0043, -19.3861],
            [-42.1531, -19.3252],
            [-42.2324, -19.156],
            [-42.1356, -19.0363],
            [-42.1971, -18.9824],
            [-42.3154, -18.987]
          ]
        ]
      },
      "properties": { "cod_macro": "3106" }
    },
    {
      "type": "Feature",
      "geometry": {
        "type": "Polygon",
        "coordinates": [
          [
            [-44.4332, -22.2514],
            [-44.5887, -22.3203],
            [-44.622, -22.3319],
            [-44.6661, -22.3202],
            [-44.5503, -22.132],
            [-44.4303, -22.1154],
            [-44.4292, -22.0335],
            [-44.4089, -21.9739],
            [-44.4567, -21.7957],
            [-44.4687, -21.7695],
            [-44.449, -21.7501],
            [-44.3989, -21.7043],
            [-44.4018, -21.6282],
            [-44.3342, -21.598],
            [-44.2672, -21.5952],
            [-44.2149, -21.5809],
            [-44.2208, -21.5668],
            [-44.0713, -21.7305],
            [-43.9564, -21.6345],
            [-43.8763, -21.6825],
            [-43.8071, -21.5215],
            [-43.7101, -21.5821],
            [-43.649, -21.4966],
            [-43.7076, -21.4029],
            [-43.5565, -21.3066],
            [-43.4083, -21.3307],
            [-43.3759, -21.2615],
            [-43.4521, -21.1751],
            [-43.231, -21.0446],
            [-43.2728, -20.9284],
            [-43.3028, -20.8185],
            [-43.2664, -20.8035],
            [-43.162, -20.7299],
            [-43.0698, -20.726],
            [-43.0369, -20.9294],
            [-42.9673, -20.9754],
            [-42.9538, -20.9677],
            [-42.9331, -20.9476],
            [-42.8861, -20.8248],
            [-42.6618, -20.7558],
            [-42.495, -20.7674],
            [-42.4696, -20.6902],
            [-42.3771, -20.5976],
            [-42.4207, -20.3507],
            [-42.3451, -20.3947],
            [-42.3194, -20.547],
            [-42.3072, -20.536],
            [-42.289, -20.5548],
            [-42.241, -20.4778],
            [-42.2142, -20.4678],
            [-42.2082, -20.4313],
            [-42.1355, -20.4689],
            [-42.0916, -20.4926],
            [-41.9864, -20.4817],
            [-41.915, -20.4882],
            [-41.8045, -20.5434],
            [-41.8566, -20.7477],
            [-41.9267, -20.8388],
            [-41.9544, -20.8653],
            [-42.0231, -20.9251],
            [-42.0938, -20.9356],
            [-42.0799, -21.0351],
            [-42.2081, -21.1782],
            [-42.1897, -21.2505],
            [-42.2921, -21.4592],
            [-42.2546, -21.487],
            [-42.3691, -21.6195],
            [-42.2694, -21.717],
            [-42.8814, -21.9593],
            [-43.0631, -22.088],
            [-43.1547, -22.0775],
            [-43.1696, -22.0218],
            [-43.3483, -22.0021],
            [-43.4482, -22.0671],
            [-43.7657, -22.0622],
            [-44.2352, -22.2664],
            [-44.4332, -22.2514]
          ]
        ]
      },
      "properties": { "cod_macro": "3107" }
    },
    {
      "type": "Feature",
      "geometry": {
        "type": "Polygon",
        "coordinates": [
          [
            [-45.0209, -18.0052],
            [-45.0993, -17.9631],
            [-45.1164, -17.9308],
            [-45.2415, -17.9759],
            [-45.3402, -17.9366],
            [-45.4449, -17.9178],
            [-45.4518, -17.8658],
            [-45.3823, -17.5802],
            [-45.4206, -17.4844],
            [-45.5363, -17.3743],
            [-45.4716, -17.2033],
            [-45.4462, -17.1479],
            [-45.4912, -17.0934],
            [-45.5293, -17.0985],
            [-45.5306, -17.0752],
            [-45.5521, -17.0817],
            [-45.5426, -17.0594],
            [-45.5615, -17.0608],
            [-45.5473, -17.0483],
            [-45.5584, -17.0407],
            [-45.5103, -17.033],
            [-45.5031, -16.9779],
            [-45.5202, -16.9391],
            [-45.5972, -16.9053],
            [-45.7519, -16.8584],
            [-45.778, -16.8314],
            [-45.8578, -16.7652],
            [-46.016, -16.637],
            [-45.9512, -16.5533],
            [-45.7804, -16.465],
            [-45.6997, -16.3618],
            [-45.6735, -16.1968],
            [-45.6921, -16.1513],
            [-45.7191, -16.1484],
            [-45.8325, -16.1523],
            [-45.9008, -16.1129],
            [-45.8057, -16.0621],
            [-45.778, -15.952],
            [-45.6244, -15.7487],
            [-45.5861, -15.7184],
            [-45.5154, -15.7576],
            [-45.3924, -15.863],
            [-45.3206, -15.8801],
            [-45.2256, -15.8435],
            [-45.2564, -15.7436],
            [-45.0942, -15.5868],
            [-45.2314, -15.5106],
            [-45.257, -15.3752],
            [-45.4346, -15.3174],
            [-45.49, -15.0985],
            [-45.6198, -15.0221],
            [-45.5667, -14.9449],
            [-45.456, -14.9543],
            [-45.2056, -14.7447],
            [-45.0828, -14.7488],
            [-45.0395, -14.6799],
            [-44.8434, -14.5808],
            [-44.7943, -14.4966],
            [-44.5656, -14.3401],
            [-44.4872, -14.3285],
            [-44.3616, -14.2728],
            [-44.2406, -14.2407],
            [-43.9421, -14.3051],
            [-43.8223, -14.323],
            [-43.784, -14.3372],
            [-43.8748, -14.5245],
            [-43.8872, -14.5852],
            [-43.8701, -14.6128],
            [-43.8592, -14.6743],
            [-43.7199, -14.7295],
            [-43.6872, -14.7214],
            [-43.5806, -14.7508],
            [-43.5372, -14.7835],
            [-43.4697, -14.7873],
            [-43.4349, -14.723],
            [-43.1962, -14.6495],
            [-43.104, -14.6739],
            [-43.0839, -14.6983],
            [-42.9271, -14.7441],
            [-42.8684, -14.767],
            [-42.7551, -14.8464],
            [-42.7042, -14.8828],
            [-42.6265, -14.9451],
            [-42.4759, -15.017],
            [-42.3335, -15.0791],
            [-42.1733, -15.086],
            [-42.0866, -15.1871],
            [-41.9325, -15.1745],
            [-41.8704, -15.1152],
            [-41.8034, -15.0997],
            [-41.3643, -15.493],
            [-41.4446, -15.4867],
            [-41.4758, -15.5147],
            [-41.5229, -15.5278],
            [-41.5297, -15.5165],
            [-41.5883, -15.5209],
            [-41.6355, -15.5133],
            [-41.6855, -15.5222],
            [-41.7079, -15.6129],
            [-41.5931, -15.6397],
            [-41.6322, -15.7363],
            [-41.6666, -15.7946],
            [-41.6505, -15.8191],
            [-41.6045, -15.7928],
            [-41.6425, -15.8801],
            [-41.6154, -15.949],
            [-41.71, -16.0564],
            [-41.7177, -16.1029],
            [-41.6818, -16.1109],
            [-41.6906, -16.1603],
            [-41.7661, -16.1852],
            [-41.802, -16.1686],
            [-41.7883, -16.1539],
            [-41.9325, -16.2814],
            [-41.8952, -16.3628],
            [-41.952, -16.403],
            [-41.9878, -16.3988],
            [-41.9892, -16.3819],
            [-42.0776, -16.381],
            [-42.0937, -16.3883],
            [-42.1968, -16.4615],
            [-42.2663, -16.4683],
            [-42.4363, -16.4946],
            [-42.3996, -16.6409],
            [-42.7331, -16.8268],
            [-42.7948, -17.0191],
            [-42.9241, -17.0398],
            [-43.005, -17.1933],
            [-43.1867, -17.2894],
            [-43.1973, -17.4055],
            [-43.4598, -17.5564],
            [-43.5645, -17.5458],
            [-43.6098, -17.7367],
            [-43.6769, -17.8307],
            [-43.7499, -17.8807],
            [-43.8045, -17.8885],
            [-43.8654, -17.7615],
            [-43.894, -17.609],
            [-43.9564, -17.5553],
            [-44.0859, -17.8551],
            [-44.2979, -17.8109],
            [-44.3004, -17.9075],
            [-44.3845, -17.9309],
            [-44.4741, -18.0782],
            [-44.5259, -18.0026],
            [-44.5539, -17.9455],
            [-44.6952, -18.0736],
            [-44.7514, -18.1522],
            [-44.8458, -18.1308],
            [-44.8743, -18.0967],
            [-44.964, -18.0851],
            [-45.0209, -18.0052]
          ]
        ]
      },
      "properties": { "cod_macro": "3108" }
    },
    {
      "type": "Feature",
      "geometry": {
        "type": "Polygon",
        "coordinates": [
          [
            [-46.2258, -19.4244],
            [-46.391, -19.4015],
            [-46.4962, -19.3137],
            [-46.6143, -19.3141],
            [-46.776, -19.3032],
            [-46.8969, -19.2706],
            [-46.8571, -19.1846],
            [-46.8122, -19.1576],
            [-46.7724, -19.0963],
            [-46.7533, -19.002],
            [-46.7502, -18.9401],
            [-46.8022, -18.8321],
            [-46.8081, -18.7974],
            [-46.8644, -18.7294],
            [-46.7951, -18.5576],
            [-46.8885, -18.4866],
            [-46.9935, -18.2844],
            [-46.92, -18.2634],
            [-46.9833, -18.2272],
            [-47.0349, -18.2124],
            [-47.1031, -18.1524],
            [-47.1832, -18.0005],
            [-47.223, -17.9928],
            [-47.2669, -18.0018],
            [-47.297, -18.0091],
            [-47.3726, -17.8298],
            [-47.3137, -17.699],
            [-47.2808, -17.6476],
            [-47.2648, -17.6116],
            [-47.2826, -17.5786],
            [-47.3338, -17.5219],
            [-47.4004, -17.5118],
            [-47.5146, -17.461],
            [-47.5216, -17.4259],
            [-47.5145, -17.375],
            [-47.4416, -17.3484],
            [-47.3618, -17.1851],
            [-47.2827, -17.1441],
            [-47.2467, -17.082],
            [-47.1836, -17.0369],
            [-47.1515, -16.9977],
            [-47.158, -16.9399],
            [-47.1819, -16.9013],
            [-47.2509, -16.6648],
            [-47.4132, -16.5742],
            [-47.4544, -16.4646],
            [-47.3655, -16.3299],
            [-47.3527, -16.1328],
            [-47.3113, -16.0881],
            [-47.2173, -16.0144],
            [-47.1428, -15.9263],
            [-47.135, -15.9494],
            [-46.8096, -15.8843],
            [-46.8549, -15.6183],
            [-46.9487, -15.5578],
            [-46.9293, -15.4399],
            [-46.8357, -15.3251],
            [-46.9409, -15.2307],
            [-46.8443, -15.0091],
            [-46.6281, -15.0895],
            [-46.5036, -15.0534],
            [-46.5663, -14.7884],
            [-46.5103, -14.7383],
            [-46.469, -14.7082],
            [-46.3222, -14.8146],
            [-46.3193, -14.9004],
            [-46.1756, -14.9494],
            [-46.1457, -14.9265],
            [-46.1203, -14.9201],
            [-46.0039, -14.9023],
            [-46.0073, -14.9258],
            [-45.9661, -14.9656],
            [-45.9755, -15.0389],
            [-46.0437, -15.1181],
            [-46.1207, -15.1952],
            [-46.0771, -15.2647],
            [-46.0295, -15.2018],
            [-45.9845, -15.196],
            [-45.9187, -15.1334],
            [-45.6748, -15.0805],
            [-45.6435, -15.0167],
            [-45.5365, -15.0324],
            [-45.49, -15.0985],
            [-45.4346, -15.3174],
            [-45.257, -15.3752],
            [-45.2314, -15.5106],
            [-45.0942, -15.5868],
            [-45.2564, -15.7436],
            [-45.2256, -15.8435],
            [-45.3206, -15.8801],
            [-45.3924, -15.863],
            [-45.5154, -15.7576],
            [-45.5861, -15.7184],
            [-45.7362, -15.8854],
            [-45.7427, -15.9205],
            [-45.7874, -15.9754],
            [-45.8057, -16.0621],
            [-45.9008, -16.1129],
            [-45.8325, -16.1523],
            [-45.7191, -16.1484],
            [-45.6921, -16.1513],
            [-45.6735, -16.1968],
            [-45.6997, -16.3618],
            [-45.7804, -16.465],
            [-45.9512, -16.5533],
            [-46.016, -16.637],
            [-45.8578, -16.7652],
            [-45.778, -16.8314],
            [-45.7519, -16.8584],
            [-45.5972, -16.9053],
            [-45.5665, -16.9401],
            [-45.5206, -16.9389],
            [-45.5049, -16.9609],
            [-45.5112, -17.0359],
            [-45.5487, -17.0317],
            [-45.5618, -17.0604],
            [-45.5522, -17.0812],
            [-45.5267, -17.0776],
            [-45.5293, -17.0985],
            [-45.4912, -17.0934],
            [-45.4462, -17.1479],
            [-45.4716, -17.2033],
            [-45.5363, -17.3743],
            [-45.4206, -17.4844],
            [-45.3823, -17.5802],
            [-45.4518, -17.8658],
            [-45.4449, -17.9178],
            [-45.3402, -17.9366],
            [-45.2415, -17.9759],
            [-45.1801, -18.0305],
            [-45.2318, -18.1082],
            [-45.2479, -18.1347],
            [-45.2269, -18.1502],
            [-45.3174, -18.2193],
            [-45.4083, -18.3181],
            [-45.514, -18.3181],
            [-45.6323, -18.4202],
            [-45.6155, -18.5724],
            [-45.7021, -18.7606],
            [-45.6479, -18.8493],
            [-45.6718, -18.8475],
            [-45.6846, -18.9352],
            [-45.839, -19.3129],
            [-45.8735, -19.3833],
            [-45.8842, -19.4887],
            [-46.0098, -19.6557],
            [-46.0617, -19.6566],
            [-46.0692, -19.6324],
            [-46.1062, -19.6117],
            [-46.1406, -19.5514],
            [-46.1341, -19.5009],
            [-46.1341, -19.4613],
            [-46.2258, -19.4244]
          ]
        ]
      },
      "properties": { "cod_macro": "3109" }
    },
    {
      "type": "Feature",
      "geometry": {
        "type": "Polygon",
        "coordinates": [
          [
            [-43.0369, -20.9294],
            [-43.0698, -20.726],
            [-43.162, -20.7299],
            [-43.1696, -20.6897],
            [-43.1643, -20.6607],
            [-43.1581, -20.6423],
            [-43.1407, -20.5717],
            [-43.2509, -20.5478],
            [-43.2137, -20.4576],
            [-43.1818, -20.4247],
            [-43.1528, -20.3762],
            [-43.1584, -20.3455],
            [-43.1469, -20.3145],
            [-43.1583, -20.2752],
            [-43.1628, -20.1772],
            [-43.2982, -20.2172],
            [-43.3367, -20.1093],
            [-43.3114, -20.0958],
            [-43.2631, -20.0645],
            [-43.2359, -20.0453],
            [-43.1306, -20.0593],
            [-43.0414, -20.0377],
            [-42.9717, -20.0179],
            [-42.9024, -20.0463],
            [-42.7879, -20.0291],
            [-42.7375, -20.001],
            [-42.7774, -19.9585],
            [-42.7657, -19.8591],
            [-42.4766, -19.9092],
            [-42.4373, -19.8545],
            [-42.3529, -19.9288],
            [-42.159, -19.9582],
            [-42.0755, -19.9371],
            [-42.0148, -19.916],
            [-41.9736, -19.8804],
            [-41.78, -19.814],
            [-41.8404, -19.6878],
            [-41.8112, -19.5801],
            [-41.6519, -19.5289],
            [-41.6367, -19.4171],
            [-41.6096, -19.4395],
            [-41.5907, -19.466],
            [-41.5381, -19.4879],
            [-41.5051, -19.4983],
            [-41.4666, -19.5078],
            [-41.3813, -19.5883],
            [-41.393, -19.7492],
            [-41.2905, -19.8842],
            [-41.2997, -19.9041],
            [-41.32, -19.98],
            [-41.4111, -20.2074],
            [-41.7568, -20.2069],
            [-41.7763, -20.2864],
            [-41.8595, -20.3728],
            [-41.7994, -20.4773],
            [-41.915, -20.4882],
            [-41.9864, -20.4817],
            [-42.0916, -20.4926],
            [-42.1355, -20.4689],
            [-42.2074, -20.4312],
            [-42.2141, -20.4676],
            [-42.2588, -20.5002],
            [-42.2769, -20.5479],
            [-42.2893, -20.5547],
            [-42.3075, -20.5359],
            [-42.3187, -20.5475],
            [-42.3451, -20.3947],
            [-42.4207, -20.3507],
            [-42.3771, -20.5976],
            [-42.4696, -20.6902],
            [-42.495, -20.7674],
            [-42.6618, -20.7558],
            [-42.8861, -20.8248],
            [-42.9331, -20.9476],
            [-42.9538, -20.9677],
            [-42.9673, -20.9754],
            [-43.0369, -20.9294]
          ],
          [
            [-42.3121, -20.0086],
            [-42.324, -20.0542],
            [-42.2099, -20.0894],
            [-42.1973, -20.0023],
            [-42.2791, -19.9651],
            [-42.2855, -19.982],
            [-42.2617, -19.9965],
            [-42.3121, -20.0086]
          ]
        ]
      },
      "properties": { "cod_macro": "3110" }
    },
    {
      "type": "Feature",
      "geometry": {
        "type": "Polygon",
        "coordinates": [
          [
            [-41.5397, -18.5815],
            [-41.5833, -18.535],
            [-41.6278, -18.4347],
            [-41.699, -18.3445],
            [-41.9803, -18.3939],
            [-42.061, -18.3968],
            [-42.0507, -18.3808],
            [-42.0516, -18.3631],
            [-42.0887, -18.2113],
            [-42.0593, -18.1054],
            [-42.1776, -18.0012],
            [-42.2816, -17.8516],
            [-42.2996, -17.7288],
            [-42.3273, -17.6367],
            [-42.177, -17.4161],
            [-42.0861, -17.3797],
            [-42.0782, -17.1963],
            [-42.0209, -17.1891],
            [-41.9798, -17.1898],
            [-41.9597, -17.0729],
            [-41.674, -16.9871],
            [-41.7131, -16.8884],
            [-41.9158, -16.7718],
            [-41.9018, -16.6767],
            [-42.0431, -16.5836],
            [-42.0196, -16.4914],
            [-42.1054, -16.4371],
            [-42.1011, -16.4046],
            [-42.0883, -16.3835],
            [-42.0274, -16.3773],
            [-41.9511, -16.4027],
            [-41.8952, -16.3628],
            [-41.9325, -16.2814],
            [-41.7883, -16.1539],
            [-41.8015, -16.169],
            [-41.7542, -16.1858],
            [-41.6871, -16.1549],
            [-41.6953, -16.135],
            [-41.6826, -16.1077],
            [-41.7179, -16.1024],
            [-41.71, -16.0564],
            [-41.6154, -15.949],
            [-41.6425, -15.8801],
            [-41.6045, -15.7928],
            [-41.6505, -15.8191],
            [-41.6666, -15.7946],
            [-41.6322, -15.7363],
            [-41.5931, -15.6397],
            [-41.7079, -15.6129],
            [-41.6855, -15.5222],
            [-41.6355, -15.5133],
            [-41.5883, -15.5209],
            [-41.5036, -15.5268],
            [-41.413, -15.4815],
            [-41.3564, -15.5003],
            [-41.3312, -15.7447],
            [-41.1425, -15.772],
            [-40.819, -15.6463],
            [-40.7414, -15.6803],
            [-40.6449, -15.7289],
            [-40.5625, -15.8033],
            [-40.4614, -15.7532],
            [-40.3769, -15.8235],
            [-40.2311, -15.8038],
            [-40.1661, -15.8684],
            [-40.085, -15.8971],
            [-40.0662, -15.9602],
            [-39.9148, -16],
            [-39.8568, -16.1138],
            [-40.0692, -16.4607],
            [-40.2341, -16.5579],
            [-40.313, -16.6754],
            [-40.3455, -16.7873],
            [-40.2578, -16.8065],
            [-40.2816, -16.9012],
            [-40.485, -16.879],
            [-40.5714, -17.0639],
            [-40.5478, -17.2837],
            [-40.6235, -17.406],
            [-40.5206, -17.4448],
            [-40.4145, -17.6101],
            [-40.3467, -17.612],
            [-40.2208, -17.7372],
            [-40.1741, -17.8516],
            [-40.2635, -17.922],
            [-40.2224, -17.9804],
            [-40.527, -17.8919],
            [-40.6262, -17.9911],
            [-40.7258, -18.0012],
            [-40.9028, -17.9877],
            [-40.7733, -18.1076],
            [-41.0561, -18.1666],
            [-41.1589, -18.3082],
            [-41.1625, -18.3908],
            [-41.281, -18.4502],
            [-41.3657, -18.4991],
            [-41.5397, -18.5815]
          ]
        ]
      },
      "properties": { "cod_macro": "3111" }
    },
    {
      "type": "Feature",
      "geometry": {
        "type": "Polygon",
        "coordinates": [
          [
            [-49.2287, -20.3034],
            [-49.2992, -20.1671],
            [-49.2483, -19.9996],
            [-49.3565, -19.9867],
            [-49.5035, -19.9199],
            [-49.6344, -19.9319],
            [-49.7825, -19.9245],
            [-49.9622, -19.9202],
            [-50.0972, -19.8755],
            [-50.3457, -19.8676],
            [-50.4171, -19.8011],
            [-50.5779, -19.8164],
            [-50.6613, -19.909],
            [-50.9691, -20.0364],
            [-51.0005, -20.0854],
            [-50.9995, -19.9064],
            [-51.0459, -19.7291],
            [-50.9876, -19.5895],
            [-50.9244, -19.5809],
            [-50.9633, -19.4836],
            [-50.8264, -19.4713],
            [-50.8686, -19.4339],
            [-50.8746, -19.41],
            [-50.8189, -19.2917],
            [-50.7465, -19.2399],
            [-50.7404, -19.2132],
            [-50.6548, -19.2276],
            [-50.6472, -19.2142],
            [-50.612, -19.2329],
            [-50.5784, -19.2228],
            [-50.5038, -19.2489],
            [-50.2757, -19.247],
            [-50.1749, -19.3002],
            [-50.2169, -19.5718],
            [-50.1609, -19.6251],
            [-50.0909, -19.7695],
            [-50.02, -19.7274],
            [-49.9849, -19.6943],
            [-49.9205, -19.7266],
            [-49.8343, -19.6026],
            [-49.6427, -19.6771],
            [-49.4903, -19.6585],
            [-49.4373, -19.525],
            [-49.1112, -19.6024],
            [-49.0669, -19.5716],
            [-48.844, -19.5905],
            [-48.6901, -19.5341],
            [-48.4945, -19.5294],
            [-48.418, -19.4568],
            [-48.3669, -19.4165],
            [-48.3087, -19.2841],
            [-48.1871, -19.1485],
            [-47.958, -19.3365],
            [-47.886, -19.1064],
            [-47.8342, -19.1569],
            [-47.7879, -19.2541],
            [-47.7798, -19.4958],
            [-47.686, -19.5671],
            [-47.6323, -19.4925],
            [-47.6459, -19.1607],
            [-47.4883, -19.1057],
            [-47.4322, -19.1189],
            [-47.3132, -19.1692],
            [-47.1425, -19.1877],
            [-47.0344, -19.2121],
            [-47.0105, -19.236],
            [-46.9956, -19.2515],
            [-46.9811, -19.2723],
            [-46.8969, -19.2706],
            [-46.776, -19.3032],
            [-46.6143, -19.3141],
            [-46.4962, -19.3137],
            [-46.391, -19.4015],
            [-46.2258, -19.4244],
            [-46.1341, -19.4613],
            [-46.1341, -19.5009],
            [-46.0666, -19.6377],
            [-46.1331, -19.6803],
            [-46.1374, -19.8094],
            [-46.3344, -19.81],
            [-46.3187, -19.8726],
            [-46.461, -19.8843],
            [-46.5821, -19.8952],
            [-46.5995, -19.9938],
            [-46.7554, -20.0245],
            [-46.9836, -20.1958],
            [-47.1092, -20.2038],
            [-47.0939, -20.2824],
            [-47.1763, -20.2406],
            [-47.2311, -20.2192],
            [-47.2618, -20.1599],
            [-47.4442, -20.028],
            [-47.4251, -20.0133],
            [-47.4705, -19.9607],
            [-47.5838, -19.9967],
            [-47.8562, -19.9905],
            [-47.8955, -20.1253],
            [-47.976, -20.0354],
            [-48.1055, -20.1464],
            [-48.2348, -20.0283],
            [-48.2177, -20.1253],
            [-48.3171, -20.1133],
            [-48.7313, -20.1494],
            [-48.8554, -20.1801],
            [-48.8949, -20.4418],
            [-48.9689, -20.3937],
            [-48.9618, -20.2633],
            [-48.9809, -20.1822],
            [-49.0004, -20.1607],
            [-49.0675, -20.1547],
            [-49.1224, -20.2735],
            [-49.1703, -20.3065],
            [-49.2287, -20.3034]
          ]
        ]
      },
      "properties": { "cod_macro": "3112" }
    },
    {
      "type": "Feature",
      "geometry": {
        "type": "Polygon",
        "coordinates": [
          [
            [-50.1609, -19.6251],
            [-50.2169, -19.5718],
            [-50.1749, -19.3002],
            [-50.2757, -19.247],
            [-50.5038, -19.2489],
            [-50.5784, -19.2228],
            [-50.612, -19.2329],
            [-50.6472, -19.2142],
            [-50.6548, -19.2276],
            [-50.7404, -19.2132],
            [-50.7342, -19.1877],
            [-50.5878, -19.1399],
            [-50.4434, -18.8941],
            [-50.3756, -18.8115],
            [-50.3063, -18.6955],
            [-50.1643, -18.6644],
            [-50.0201, -18.5994],
            [-49.7848, -18.6422],
            [-49.4931, -18.4943],
            [-49.3851, -18.6461],
            [-49.1263, -18.3843],
            [-49.077, -18.4168],
            [-48.9332, -18.3055],
            [-48.8164, -18.3797],
            [-48.5614, -18.3239],
            [-48.3105, -18.3867],
            [-48.2705, -18.3294],
            [-47.9792, -18.476],
            [-47.9143, -18.4666],
            [-47.8319, -18.4498],
            [-47.779, -18.4241],
            [-47.7571, -18.3966],
            [-47.6482, -18.3407],
            [-47.6102, -18.3139],
            [-47.5882, -18.2264],
            [-47.5369, -18.195],
            [-47.4501, -18.1589],
            [-47.4075, -18.1318],
            [-47.3576, -18.0852],
            [-47.2669, -18.0018],
            [-47.223, -17.9928],
            [-47.1832, -18.0005],
            [-47.1031, -18.1524],
            [-47.0349, -18.2124],
            [-46.9833, -18.2272],
            [-46.92, -18.2634],
            [-46.9935, -18.2844],
            [-46.8885, -18.4866],
            [-46.7951, -18.5576],
            [-46.8644, -18.7294],
            [-46.8081, -18.7974],
            [-46.8022, -18.8321],
            [-46.7502, -18.9401],
            [-46.7533, -19.002],
            [-46.7724, -19.0963],
            [-46.8122, -19.1576],
            [-46.8571, -19.1846],
            [-46.9811, -19.2723],
            [-46.9956, -19.2515],
            [-47.0105, -19.236],
            [-47.0344, -19.2121],
            [-47.1425, -19.1877],
            [-47.3132, -19.1692],
            [-47.4322, -19.1189],
            [-47.4883, -19.1057],
            [-47.6459, -19.1607],
            [-47.6323, -19.4925],
            [-47.686, -19.5671],
            [-47.7798, -19.4958],
            [-47.7879, -19.2541],
            [-47.8342, -19.1569],
            [-47.886, -19.1064],
            [-47.958, -19.3365],
            [-48.1871, -19.1485],
            [-48.3087, -19.2841],
            [-48.3669, -19.4165],
            [-48.418, -19.4568],
            [-48.4945, -19.5294],
            [-48.6901, -19.5341],
            [-48.844, -19.5905],
            [-49.0669, -19.5716],
            [-49.1112, -19.6024],
            [-49.4373, -19.525],
            [-49.4903, -19.6585],
            [-49.6427, -19.6771],
            [-49.8343, -19.6026],
            [-49.9205, -19.7266],
            [-49.9849, -19.6943],
            [-50.02, -19.7274],
            [-50.0909, -19.7695],
            [-50.1609, -19.6251]
          ]
        ]
      },
      "properties": { "cod_macro": "3113" }
    },
    {
      "type": "Feature",
      "geometry": {
        "type": "MultiPolygon",
        "coordinates": [
          [
            [
              [-42.4373, -19.8545],
              [-42.4766, -19.9092],
              [-42.7657, -19.8591],
              [-42.8527, -19.8736],
              [-42.8426, -19.8623],
              [-42.8432, -19.8442],
              [-42.8061, -19.7858],
              [-42.8921, -19.7325],
              [-42.9244, -19.6999],
              [-42.9694, -19.6966],
              [-43.0053, -19.6361],
              [-43.0454, -19.5639],
              [-43.0442, -19.5164],
              [-43.0641, -19.4673],
              [-43.0572, -19.4254],
              [-43.0165, -19.4359],
              [-42.979, -19.5247],
              [-42.8903, -19.4632],
              [-42.7794, -19.4028],
              [-42.7274, -19.3316],
              [-42.7429, -19.229],
              [-42.7975, -19.1684],
              [-42.8064, -19.0828],
              [-42.7761, -18.9757],
              [-42.7246, -18.9137],
              [-42.6797, -18.9529],
              [-42.5954, -18.9622],
              [-42.5277, -18.9449],
              [-42.4533, -18.9401],
              [-42.3554, -18.9605],
              [-42.3154, -18.987],
              [-42.1971, -18.9824],
              [-42.1356, -19.0363],
              [-42.2324, -19.156],
              [-42.1531, -19.3252],
              [-42.0043, -19.3861],
              [-41.9594, -19.3437],
              [-41.7803, -19.4965],
              [-41.6519, -19.5289],
              [-41.8112, -19.5801],
              [-41.8404, -19.6878],
              [-41.78, -19.814],
              [-41.9736, -19.8804],
              [-42.0148, -19.916],
              [-42.0755, -19.9371],
              [-42.159, -19.9582],
              [-42.3529, -19.9288],
              [-42.4373, -19.8545]
            ]
          ],
          [
            [
              [-42.3121, -20.0086],
              [-42.2796, -19.9654],
              [-42.1983, -19.9993],
              [-42.2115, -20.0902],
              [-42.3238, -20.0546],
              [-42.3121, -20.0086]
            ]
          ]
        ]
      },
      "properties": { "cod_macro": "3114" }
    },
    {
      "type": "Feature",
      "geometry": {
        "type": "Polygon",
        "coordinates": [
          [
            [-46.145, -22.8572],
            [-46.2585, -22.8906],
            [-46.2689, -22.876],
            [-46.295, -22.8978],
            [-46.3153, -22.8868],
            [-46.3449, -22.9052],
            [-46.3778, -22.8792],
            [-46.3738, -22.8171],
            [-46.3345, -22.7603],
            [-46.4527, -22.7276],
            [-46.3931, -22.663],
            [-46.4337, -22.5746],
            [-46.4263, -22.5476],
            [-46.5307, -22.4709],
            [-46.6609, -22.366],
            [-46.6759, -22.3693],
            [-46.7053, -22.2958],
            [-46.7008, -22.0952],
            [-46.6648, -22.0689],
            [-46.6756, -22.0224],
            [-46.6738, -21.9111],
            [-46.6216, -21.6755],
            [-46.4845, -21.6926],
            [-46.4832, -21.7118],
            [-46.4656, -21.7293],
            [-46.4122, -21.7292],
            [-46.1502, -21.8344],
            [-46.0951, -21.8784],
            [-45.9576, -21.9252],
            [-45.8753, -21.8476],
            [-45.7316, -21.8055],
            [-45.7122, -21.9716],
            [-45.6186, -22.0188],
            [-45.4803, -21.9872],
            [-45.49, -22.0082],
            [-45.4529, -22.0427],
            [-45.4586, -22.0819],
            [-45.3545, -22.0973],
            [-45.3749, -22.1412],
            [-45.3744, -22.2696],
            [-45.2794, -22.3114],
            [-45.2157, -22.3356],
            [-45.2001, -22.393],
            [-45.1028, -22.4899],
            [-45.178, -22.5499],
            [-45.2602, -22.5821],
            [-45.333, -22.6176],
            [-45.4739, -22.5889],
            [-45.5844, -22.6517],
            [-45.7428, -22.6592],
            [-45.7281, -22.7237],
            [-45.7303, -22.7986],
            [-45.7549, -22.7929],
            [-45.8098, -22.8294],
            [-45.8639, -22.8687],
            [-45.9118, -22.8163],
            [-46.008, -22.8895],
            [-46.0952, -22.8944],
            [-46.1391, -22.9228],
            [-46.145, -22.8572]
          ]
        ]
      },
      "properties": { "cod_macro": "3115" }
    },
    {
      "type": "Feature",
      "geometry": {
        "type": "Polygon",
        "coordinates": [
          [
            [-46.8421, -21.3891],
            [-47.0115, -21.4223],
            [-46.9973, -21.3512],
            [-47.0523, -21.2465],
            [-47.0993, -21.2142],
            [-47.1478, -20.9725],
            [-47.24, -20.8853],
            [-47.1692, -20.7034],
            [-47.1153, -20.7072],
            [-47.1511, -20.522],
            [-47.2928, -20.4477],
            [-47.2982, -20.3484],
            [-47.2307, -20.2184],
            [-47.1763, -20.2406],
            [-47.0939, -20.2824],
            [-47.1092, -20.2038],
            [-46.9836, -20.1958],
            [-46.7554, -20.0245],
            [-46.5655, -19.996],
            [-46.3844, -20.0139],
            [-46.1577, -20.2932],
            [-46.0763, -20.3317],
            [-46.0254, -20.3551],
            [-45.8733, -20.2243],
            [-45.8349, -20.3579],
            [-45.7131, -20.5217],
            [-45.7563, -20.5742],
            [-45.7916, -20.7157],
            [-45.7337, -20.7347],
            [-45.6734, -20.8146],
            [-45.6897, -20.8971],
            [-45.7371, -20.8645],
            [-45.7462, -20.8757],
            [-45.7883, -20.8357],
            [-45.8839, -20.8542],
            [-45.9443, -20.8915],
            [-45.9395, -20.9295],
            [-45.8951, -20.9217],
            [-45.9283, -20.9997],
            [-45.9218, -21.0391],
            [-45.5948, -21.1443],
            [-45.6123, -21.2069],
            [-45.6004, -21.3154],
            [-45.6966, -21.346],
            [-45.66, -21.4633],
            [-45.6861, -21.6564],
            [-45.7051, -21.678],
            [-45.726, -21.7613],
            [-45.8753, -21.8476],
            [-45.9576, -21.9252],
            [-46.0951, -21.8784],
            [-46.1502, -21.8344],
            [-46.4122, -21.7292],
            [-46.4656, -21.7293],
            [-46.4832, -21.7118],
            [-46.4845, -21.6926],
            [-46.5182, -21.6128],
            [-46.5191, -21.449],
            [-46.6667, -21.3613],
            [-46.7587, -21.3788],
            [-46.7918, -21.3737],
            [-46.8421, -21.3891]
          ]
        ]
      },
      "properties": { "cod_macro": "3116" }
    },
    {
      "type": "Feature",
      "geometry": {
        "type": "Polygon",
        "coordinates": [
          [
            [-40.9792, -21.28],
            [-41.092, -21.2182],
            [-41.1906, -21.2488],
            [-41.6126, -21.157],
            [-41.7052, -21.1095],
            [-41.71, -20.991],
            [-41.7224, -20.9233],
            [-41.7817, -20.7976],
            [-41.8139, -20.8055],
            [-41.8058, -20.7975],
            [-41.8279, -20.7971],
            [-41.8566, -20.7477],
            [-41.8045, -20.5434],
            [-41.7994, -20.4773],
            [-41.8595, -20.3728],
            [-41.7763, -20.2864],
            [-41.7585, -20.2082],
            [-41.666, -20.207],
            [-41.6881, -20.3377],
            [-41.6204, -20.2697],
            [-41.4966, -20.28],
            [-41.3438, -20.2006],
            [-41.3277, -20.4975],
            [-41.2357, -20.4875],
            [-41.2254, -20.4613],
            [-41.1664, -20.4459],
            [-41.1196, -20.4251],
            [-41.1013, -20.4337],
            [-40.8123, -20.4828],
            [-40.7362, -20.4666],
            [-40.7023, -20.5365],
            [-40.6766, -20.5661],
            [-40.6478, -20.6276],
            [-40.5684, -20.7854],
            [-40.7547, -20.8587],
            [-40.8584, -21.1276],
            [-40.9792, -21.28]
          ]
        ]
      },
      "properties": { "cod_macro": "3205" }
    },
    {
      "type": "Feature",
      "geometry": {
        "type": "Polygon",
        "coordinates": [
          [
            [-40.6478, -20.6276],
            [-40.6766, -20.5661],
            [-40.7023, -20.5365],
            [-40.7362, -20.4666],
            [-40.8123, -20.4828],
            [-41.1013, -20.4337],
            [-41.1196, -20.4251],
            [-41.1664, -20.4459],
            [-41.2254, -20.4613],
            [-41.2357, -20.4875],
            [-41.3277, -20.4975],
            [-41.3438, -20.2006],
            [-41.4966, -20.28],
            [-41.6204, -20.2697],
            [-41.6881, -20.3377],
            [-41.6706, -20.2158],
            [-41.4111, -20.2074],
            [-41.32, -19.98],
            [-41.2445, -19.9373],
            [-41.228, -19.905],
            [-41.1757, -19.8394],
            [-41.1641, -19.8064],
            [-41.1242, -19.773],
            [-41.1155, -19.7945],
            [-40.9958, -19.804],
            [-40.9387, -19.6179],
            [-40.8341, -19.5687],
            [-40.857, -19.5866],
            [-40.7797, -19.6335],
            [-40.7748, -19.8139],
            [-40.7464, -19.8311],
            [-40.7072, -19.8153],
            [-40.5186, -19.7446],
            [-40.5167, -19.6776],
            [-40.4187, -19.6413],
            [-40.2577, -19.5996],
            [-40.1837, -19.5612],
            [-40.1092, -19.5537],
            [-39.9117, -19.687],
            [-40.03, -19.7833],
            [-40.1589, -20.0359],
            [-40.2298, -20.2948],
            [-40.3136, -20.3911],
            [-40.4234, -20.6364],
            [-40.5709, -20.7652],
            [-40.6478, -20.6276]
          ]
        ]
      },
      "properties": { "cod_macro": "3207" }
    },
    {
      "type": "Feature",
      "geometry": {
        "type": "Polygon",
        "coordinates": [
          [
            [-40.7797, -19.6335],
            [-40.857, -19.5866],
            [-40.8341, -19.5687],
            [-40.9387, -19.6179],
            [-40.9958, -19.804],
            [-41.1155, -19.7945],
            [-41.1242, -19.773],
            [-41.1911, -19.7459],
            [-41.1086, -19.6395],
            [-41.0369, -19.5705],
            [-41.0467, -19.4874],
            [-40.9682, -19.4257],
            [-40.9077, -19.3088],
            [-40.944, -19.144],
            [-41.0539, -19.0689],
            [-41.0169, -18.9746],
            [-41.2325, -18.7973],
            [-40.9639, -18.8412],
            [-40.94, -18.7703],
            [-40.9415, -18.6893],
            [-41.0529, -18.6312],
            [-41.0206, -18.4586],
            [-41.1821, -18.4393],
            [-41.1625, -18.3908],
            [-41.1589, -18.3082],
            [-41.0561, -18.1666],
            [-40.7733, -18.1076],
            [-40.9028, -17.9877],
            [-40.7258, -18.0012],
            [-40.6262, -17.9911],
            [-40.527, -17.8919],
            [-40.2224, -17.9804],
            [-39.6666, -18.3315],
            [-39.7239, -18.4945],
            [-39.7433, -18.9307],
            [-39.6965, -19.3669],
            [-39.8166, -19.6548],
            [-39.9117, -19.687],
            [-40.0855, -19.5653],
            [-40.1667, -19.5531],
            [-40.2577, -19.5996],
            [-40.4187, -19.6413],
            [-40.5167, -19.6776],
            [-40.5186, -19.7446],
            [-40.7072, -19.8153],
            [-40.7296, -19.829],
            [-40.7611, -19.8277],
            [-40.7743, -19.6976],
            [-40.7565, -19.6524],
            [-40.7797, -19.6335]
          ]
        ]
      },
      "properties": { "cod_macro": "3209" }
    },
    {
      "type": "Feature",
      "geometry": {
        "type": "MultiPolygon",
        "coordinates": [
          [
            [
              [-44.7772, -23.3385],
              [-44.8071, -23.2835],
              [-44.8267, -23.2916],
              [-44.872, -23.249],
              [-44.7919, -22.9819],
              [-44.6073, -22.8852],
              [-44.4182, -22.8481],
              [-44.2401, -22.7927],
              [-44.1614, -22.6783],
              [-44.2074, -22.612],
              [-44.3704, -22.5897],
              [-44.4097, -22.5884],
              [-44.4315, -22.5987],
              [-44.4649, -22.616],
              [-44.5086, -22.6409],
              [-44.535, -22.6381],
              [-44.5263, -22.6193],
              [-44.6402, -22.6081],
              [-44.7339, -22.4329],
              [-44.8021, -22.3923],
              [-44.622, -22.3319],
              [-44.5887, -22.3203],
              [-44.4332, -22.2514],
              [-44.2352, -22.2664],
              [-43.7657, -22.0622],
              [-43.4482, -22.0671],
              [-43.3483, -22.0021],
              [-43.1696, -22.0218],
              [-43.1547, -22.0775],
              [-43.0631, -22.088],
              [-42.8814, -21.9593],
              [-42.2694, -21.717],
              [-42.3691, -21.6195],
              [-42.2546, -21.487],
              [-42.2921, -21.4592],
              [-42.1897, -21.2505],
              [-42.2081, -21.1782],
              [-42.0799, -21.0351],
              [-42.0938, -20.9356],
              [-42.0231, -20.9251],
              [-41.9544, -20.8653],
              [-41.9267, -20.8388],
              [-41.8279, -20.7971],
              [-41.8058, -20.7975],
              [-41.8139, -20.8055],
              [-41.7817, -20.7976],
              [-41.7224, -20.9233],
              [-41.71, -20.991],
              [-41.7052, -21.1095],
              [-41.6126, -21.157],
              [-41.1906, -21.2488],
              [-41.092, -21.2182],
              [-40.9792, -21.28],
              [-40.9614, -21.3608],
              [-41.0733, -21.5168],
              [-41.0123, -21.621],
              [-40.9875, -22.0061],
              [-41.2115, -22.1357],
              [-41.4938, -22.2154],
              [-41.7647, -22.3538],
              [-41.9978, -22.6093],
              [-41.908, -22.7782],
              [-42.0287, -22.8984],
              [-42.0199, -22.9714],
              [-42.3613, -22.9355],
              [-42.6047, -22.9338],
              [-42.9177, -22.9749],
              [-43.1353, -22.938],
              [-43.0262, -22.7435],
              [-43.0846, -22.677],
              [-43.2786, -22.7805],
              [-43.1837, -22.9862],
              [-43.4456, -23.0229],
              [-43.5518, -23.0762],
              [-43.8419, -22.9017],
              [-44.0793, -22.9567],
              [-44.1526, -23.041],
              [-44.3029, -23.0023],
              [-44.3648, -22.9242],
              [-44.6952, -23.099],
              [-44.6923, -23.2521],
              [-44.5603, -23.2264],
              [-44.5726, -23.3461],
              [-44.7772, -23.3385]
            ]
          ],
          [
            [
              [-44.1305, -23.186],
              [-44.2532, -23.2055],
              [-44.2592, -23.0987],
              [-44.1305, -23.186]
            ]
          ],
          [
            [
              [-44.0047, -23.0733],
              [-43.9129, -23.0209],
              [-43.8063, -23.0613],
              [-44.0047, -23.0733]
            ]
          ]
        ]
      },
      "properties": { "cod_macro": "3312" }
    },
    {
      "type": "Feature",
      "geometry": {
        "type": "Polygon",
        "coordinates": [
          [
            [-49.3614, -23.7595],
            [-49.4707, -23.7709],
            [-49.5492, -23.704],
            [-49.6171, -23.6396],
            [-49.6002, -23.5356],
            [-49.6128, -23.5083],
            [-49.5904, -23.3828],
            [-49.6217, -23.3319],
            [-49.5605, -23.259],
            [-49.5734, -23.1386],
            [-49.4733, -23.1491],
            [-49.3611, -22.9936],
            [-49.3091, -22.885],
            [-49.3621, -22.8894],
            [-49.3535, -22.6388],
            [-49.5063, -22.5124],
            [-49.5662, -22.5757],
            [-49.6285, -22.4692],
            [-49.4228, -22.2937],
            [-49.5621, -22.1453],
            [-49.5564, -22.1298],
            [-49.6955, -22.0445],
            [-49.4049, -21.8442],
            [-49.4313, -21.7794],
            [-49.5273, -21.8528],
            [-49.6507, -21.8551],
            [-49.7344, -21.9406],
            [-49.8094, -21.8903],
            [-49.8363, -21.7591],
            [-49.9627, -21.938],
            [-50.1533, -21.7859],
            [-50.2737, -21.7151],
            [-50.2076, -21.6868],
            [-49.9933, -21.5909],
            [-49.8686, -21.4595],
            [-49.8166, -21.3156],
            [-49.7718, -21.3062],
            [-49.5872, -21.3764],
            [-49.4955, -21.4942],
            [-49.4226, -21.5416],
            [-49.3383, -21.5475],
            [-49.3121, -21.6163],
            [-49.2663, -21.6639],
            [-49.2172, -21.6733],
            [-49.1642, -21.6474],
            [-49.1052, -21.7507],
            [-49.0441, -21.7742],
            [-48.9878, -21.832],
            [-48.8306, -21.8904],
            [-48.6884, -21.9126],
            [-48.564, -22.0051],
            [-48.5443, -22.0345],
            [-48.3958, -22.112],
            [-48.3874, -22.1596],
            [-48.2448, -22.1779],
            [-48.1047, -22.1801],
            [-47.9931, -22.116],
            [-47.9055, -22.2307],
            [-47.954, -22.3981],
            [-47.9825, -22.4554],
            [-47.9948, -22.4938],
            [-48.0936, -22.4987],
            [-48.126, -22.49],
            [-48.1395, -22.4913],
            [-48.1743, -22.4993],
            [-48.2075, -22.5025],
            [-48.2394, -22.5203],
            [-48.2105, -22.6181],
            [-48.0987, -22.6888],
            [-48.0839, -22.7239],
            [-48.032, -22.8257],
            [-48.0031, -22.8658],
            [-47.9926, -22.8955],
            [-47.8668, -22.8607],
            [-47.8267, -22.9422],
            [-47.7476, -23.0017],
            [-47.79, -23.0429],
            [-47.8064, -23.1051],
            [-47.8139, -23.1233],
            [-47.8171, -23.1526],
            [-47.9793, -23.1888],
            [-48.2112, -23.3032],
            [-48.299, -23.2573],
            [-48.335, -23.2835],
            [-48.3637, -23.2917],
            [-48.4017, -23.2866],
            [-48.4915, -23.2607],
            [-48.6475, -23.3291],
            [-48.6092, -23.5919],
            [-48.781, -23.6428],
            [-48.9252, -23.6264],
            [-48.9765, -23.623],
            [-49.0328, -23.6776],
            [-49.1963, -23.7132],
            [-49.3375, -23.7493],
            [-49.3614, -23.7595]
          ]
        ]
      },
      "properties": { "cod_macro": "3518" }
    },
    {
      "type": "Feature",
      "geometry": {
        "type": "Polygon",
        "coordinates": [
          [
            [-48.8519, -24.675],
            [-48.9909, -24.6552],
            [-49.0644, -24.686],
            [-49.3054, -24.6736],
            [-49.316, -24.5555],
            [-49.2007, -24.3444],
            [-49.3054, -24.2514],
            [-49.3366, -24.1376],
            [-49.43, -24.0885],
            [-49.4634, -24.0274],
            [-49.4806, -24.0062],
            [-49.5168, -23.9701],
            [-49.5211, -23.9461],
            [-49.557, -23.9227],
            [-49.5853, -23.8904],
            [-49.4707, -23.7709],
            [-49.3614, -23.7595],
            [-49.3375, -23.7493],
            [-49.1963, -23.7132],
            [-49.0328, -23.6776],
            [-48.9765, -23.623],
            [-48.9252, -23.6264],
            [-48.781, -23.6428],
            [-48.6092, -23.5919],
            [-48.6475, -23.3291],
            [-48.4915, -23.2607],
            [-48.4017, -23.2866],
            [-48.3637, -23.2917],
            [-48.335, -23.2835],
            [-48.299, -23.2573],
            [-48.2112, -23.3032],
            [-47.9793, -23.1888],
            [-47.8171, -23.1526],
            [-47.8139, -23.1233],
            [-47.8064, -23.1051],
            [-47.79, -23.0429],
            [-47.7476, -23.0017],
            [-47.8267, -22.9422],
            [-47.7631, -22.9027],
            [-47.7012, -22.9187],
            [-47.6291, -23.0437],
            [-47.5929, -23.0764],
            [-47.4185, -23.1687],
            [-47.3208, -23.1244],
            [-47.2603, -23.1468],
            [-47.2454, -23.1828],
            [-47.191, -23.2461],
            [-47.1613, -23.3077],
            [-47.0817, -23.3813],
            [-47.0878, -23.3532],
            [-47.0103, -23.4455],
            [-47.0181, -23.4833],
            [-47.0132, -23.5364],
            [-47.0061, -23.5544],
            [-47.0299, -23.5681],
            [-47.0412, -23.6106],
            [-47.0848, -23.6672],
            [-47.0622, -23.6825],
            [-47.0625, -23.7086],
            [-47.0333, -23.7375],
            [-47.0151, -23.8145],
            [-47.0287, -23.8462],
            [-47.0385, -23.8353],
            [-47.1173, -23.8411],
            [-47.2085, -23.9649],
            [-47.2, -24.0006],
            [-47.2535, -24.0241],
            [-47.4773, -24.0813],
            [-47.6728, -24.0412],
            [-47.7247, -24.1181],
            [-47.8585, -24.1226],
            [-47.9505, -24.1201],
            [-48.0088, -24.1354],
            [-48.0597, -24.1834],
            [-48.3182, -24.3137],
            [-48.4107, -24.2676],
            [-48.4551, -24.295],
            [-48.5233, -24.3198],
            [-48.608, -24.3387],
            [-48.5441, -24.3342],
            [-48.5361, -24.3474],
            [-48.5018, -24.348],
            [-48.4899, -24.3771],
            [-48.5207, -24.4069],
            [-48.5163, -24.4196],
            [-48.5496, -24.4405],
            [-48.6546, -24.4561],
            [-48.7892, -24.5582],
            [-48.7798, -24.5907],
            [-48.753, -24.5888],
            [-48.7322, -24.6403],
            [-48.8108, -24.675],
            [-48.8273, -24.6545],
            [-48.8519, -24.675]
          ]
        ]
      },
      "properties": { "cod_macro": "3519" }
    },
    {
      "type": "Feature",
      "geometry": {
        "type": "Polygon",
        "coordinates": [
          [
            [-48.0574, -25.2183],
            [-48.1569, -25.1447],
            [-48.2503, -24.9774],
            [-48.2973, -25.0235],
            [-48.3241, -25.0367],
            [-48.3786, -24.997],
            [-48.474, -25.0126],
            [-48.5286, -25.1008],
            [-48.6008, -25.0105],
            [-48.5167, -24.7802],
            [-48.5308, -24.7384],
            [-48.6605, -24.7068],
            [-48.7038, -24.6804],
            [-48.7787, -24.6967],
            [-48.8108, -24.675],
            [-48.7308, -24.6372],
            [-48.7535, -24.5883],
            [-48.7892, -24.5582],
            [-48.6546, -24.4561],
            [-48.5496, -24.4405],
            [-48.4933, -24.3875],
            [-48.5136, -24.3383],
            [-48.608, -24.3387],
            [-48.5233, -24.3198],
            [-48.4551, -24.295],
            [-48.4107, -24.2676],
            [-48.3182, -24.3137],
            [-48.0597, -24.1834],
            [-48.0088, -24.1354],
            [-47.9505, -24.1201],
            [-47.8585, -24.1226],
            [-47.7247, -24.1181],
            [-47.6728, -24.0412],
            [-47.4773, -24.0813],
            [-47.2535, -24.0241],
            [-47.1394, -24.0142],
            [-47.1071, -23.9938],
            [-47.0197, -24.0583],
            [-46.8828, -23.985],
            [-46.7547, -23.9728],
            [-46.6929, -23.9835],
            [-46.6502, -24.0015],
            [-46.5762, -23.957],
            [-46.4449, -23.828],
            [-46.3165, -23.802],
            [-46.258, -23.7662],
            [-46.1261, -23.7129],
            [-45.9765, -23.694],
            [-45.9151, -23.6656],
            [-45.8311, -23.6516],
            [-45.8302, -23.6747],
            [-45.7949, -23.7157],
            [-45.8424, -23.7582],
            [-46.1284, -23.8441],
            [-46.183, -23.9915],
            [-46.3247, -24.0216],
            [-46.3577, -23.971],
            [-46.8164, -24.202],
            [-47.0019, -24.3356],
            [-47.0084, -24.4145],
            [-47.227, -24.5713],
            [-47.5919, -24.7779],
            [-47.9095, -25.0529],
            [-47.9139, -25.1592],
            [-48.0574, -25.2183]
          ]
        ]
      },
      "properties": { "cod_macro": "3520" }
    },
    {
      "type": "Feature",
      "geometry": {
        "type": "Polygon",
        "coordinates": [
          [
            [-46.7547, -23.9728],
            [-46.8061, -23.9396],
            [-46.7768, -23.8931],
            [-46.7803, -23.8407],
            [-46.802, -23.8072],
            [-46.7927, -23.6472],
            [-46.8067, -23.5839],
            [-46.7471, -23.5204],
            [-46.7699, -23.4577],
            [-46.8249, -23.4041],
            [-46.7356, -23.3881],
            [-46.6991, -23.424],
            [-46.6773, -23.4152],
            [-46.6328, -23.4286],
            [-46.6007, -23.3887],
            [-46.5439, -23.3578],
            [-46.5373, -23.3694],
            [-46.5669, -23.4162],
            [-46.5591, -23.5071],
            [-46.5034, -23.4773],
            [-46.4108, -23.4704],
            [-46.3818, -23.4721],
            [-46.3773, -23.5896],
            [-46.4232, -23.6448],
            [-46.5846, -23.6452],
            [-46.6356, -23.691],
            [-46.6162, -23.8627],
            [-46.6502, -24.0015],
            [-46.6929, -23.9835],
            [-46.7547, -23.9728]
          ]
        ]
      },
      "properties": { "cod_macro": "3521" }
    },
    {
      "type": "Feature",
      "geometry": {
        "type": "Polygon",
        "coordinates": [
          [
            [-46.9895, -23.6026],
            [-46.997, -23.5794],
            [-47.0061, -23.5544],
            [-47.0132, -23.5364],
            [-47.0181, -23.4833],
            [-47.0103, -23.4455],
            [-47.0429, -23.3523],
            [-46.9347, -23.3644],
            [-46.9283, -23.3896],
            [-46.7699, -23.4577],
            [-46.7471, -23.5204],
            [-46.8067, -23.5839],
            [-46.8173, -23.5819],
            [-46.9895, -23.6026]
          ]
        ]
      },
      "properties": { "cod_macro": "3522" }
    },
    {
      "type": "Feature",
      "geometry": {
        "type": "Polygon",
        "coordinates": [
          [
            [-47.0197, -24.0583],
            [-47.1071, -23.9938],
            [-47.1394, -24.0142],
            [-47.2, -24.0006],
            [-47.2085, -23.9649],
            [-47.1592, -23.9346],
            [-47.1164, -23.8404],
            [-47.0382, -23.8353],
            [-47.0287, -23.8462],
            [-47.0151, -23.8145],
            [-47.0333, -23.7375],
            [-47.0491, -23.7325],
            [-47.0823, -23.6536],
            [-47.0601, -23.6416],
            [-47.0313, -23.5824],
            [-46.997, -23.5794],
            [-46.9895, -23.6026],
            [-46.8173, -23.5819],
            [-46.7927, -23.6472],
            [-46.802, -23.8072],
            [-46.7803, -23.8407],
            [-46.7768, -23.8931],
            [-46.8061, -23.9396],
            [-46.8828, -23.985],
            [-47.0197, -24.0583]
          ]
        ]
      },
      "properties": { "cod_macro": "3523" }
    },
    {
      "type": "Feature",
      "geometry": {
        "type": "Polygon",
        "coordinates": [
          [
            [-46.9283, -23.3896],
            [-46.9347, -23.3644],
            [-46.8675, -23.2779],
            [-46.8024, -23.257],
            [-46.5154, -23.2375],
            [-46.4708, -23.2827],
            [-46.4451, -23.359],
            [-46.5497, -23.3568],
            [-46.6317, -23.4282],
            [-46.6988, -23.4241],
            [-46.7216, -23.3962],
            [-46.7641, -23.3849],
            [-46.9283, -23.3896]
          ]
        ]
      },
      "properties": { "cod_macro": "3524" }
    },
    {
      "type": "Feature",
      "geometry": {
        "type": "Polygon",
        "coordinates": [
          [
            [-46.3237, -23.7042],
            [-46.3583, -23.6605],
            [-46.3773, -23.5896],
            [-46.3818, -23.4721],
            [-46.4108, -23.4704],
            [-46.5555, -23.51],
            [-46.5707, -23.457],
            [-46.5667, -23.4155],
            [-46.5363, -23.3636],
            [-46.4451, -23.359],
            [-46.4013, -23.2893],
            [-46.3569, -23.2726],
            [-46.3114, -23.2273],
            [-46.308, -23.1983],
            [-46.2822, -23.1834],
            [-46.2287, -23.1893],
            [-46.1531, -23.2353],
            [-46.099, -23.326],
            [-46.0413, -23.3844],
            [-45.9912, -23.4175],
            [-45.9684, -23.4755],
            [-45.7884, -23.5092],
            [-45.7461, -23.5661],
            [-45.6948, -23.6308],
            [-45.8302, -23.6747],
            [-45.8311, -23.6516],
            [-45.9151, -23.6656],
            [-45.9765, -23.694],
            [-46.1261, -23.7129],
            [-46.258, -23.7662],
            [-46.2945, -23.7488],
            [-46.3237, -23.7042]
          ]
        ]
      },
      "properties": { "cod_macro": "3525" }
    },
    {
      "type": "Feature",
      "geometry": {
        "type": "MultiPolygon",
        "coordinates": [
          [
            [
              [-45.8424, -23.7582],
              [-45.7949, -23.7157],
              [-45.6948, -23.6308],
              [-45.7461, -23.5661],
              [-45.7884, -23.5092],
              [-45.9684, -23.4755],
              [-45.9912, -23.4175],
              [-46.0413, -23.3844],
              [-46.099, -23.326],
              [-46.1531, -23.2353],
              [-46.2287, -23.1893],
              [-46.2054, -23.085],
              [-46.1263, -23.0091],
              [-46.0516, -22.9678],
              [-46.0507, -22.897],
              [-46.0077, -22.8894],
              [-45.9123, -22.8164],
              [-45.8885, -22.876],
              [-45.8639, -22.8687],
              [-45.8098, -22.8294],
              [-45.7549, -22.7929],
              [-45.7303, -22.7986],
              [-45.7281, -22.7237],
              [-45.7428, -22.6592],
              [-45.5844, -22.6517],
              [-45.4739, -22.5889],
              [-45.333, -22.6176],
              [-45.2602, -22.5821],
              [-45.178, -22.5499],
              [-45.0284, -22.4632],
              [-44.8715, -22.4241],
              [-44.7339, -22.4329],
              [-44.6402, -22.6081],
              [-44.5263, -22.6193],
              [-44.535, -22.6381],
              [-44.5086, -22.6409],
              [-44.4649, -22.616],
              [-44.4315, -22.5987],
              [-44.4097, -22.5884],
              [-44.3704, -22.5897],
              [-44.2074, -22.612],
              [-44.1614, -22.6783],
              [-44.2401, -22.7927],
              [-44.4182, -22.8481],
              [-44.6073, -22.8852],
              [-44.7919, -22.9819],
              [-44.872, -23.249],
              [-44.8267, -23.2916],
              [-44.8071, -23.2835],
              [-44.7772, -23.3385],
              [-44.908, -23.3341],
              [-45.1691, -23.4928],
              [-45.211, -23.5827],
              [-45.2976, -23.5722],
              [-45.4305, -23.6827],
              [-45.3961, -23.8091],
              [-45.5143, -23.8422],
              [-45.5602, -23.7925],
              [-45.8424, -23.7582]
            ]
          ],
          [
            [
              [-45.2698, -23.8758],
              [-45.4281, -23.9412],
              [-45.4619, -23.8881],
              [-45.3665, -23.811],
              [-45.3336, -23.7226],
              [-45.2298, -23.7763],
              [-45.2698, -23.8758]
            ]
          ]
        ]
      },
      "properties": { "cod_macro": "3526" }
    },
    {
      "type": "Feature",
      "geometry": {
        "type": "Polygon",
        "coordinates": [
          [
            [-47.0878, -23.3532],
            [-47.0817, -23.3813],
            [-47.1613, -23.3077],
            [-47.191, -23.2461],
            [-47.1069, -23.2145],
            [-47.0843, -23.0897],
            [-46.9972, -23.1167],
            [-46.9173, -23.045],
            [-46.8425, -23.0997],
            [-46.7239, -23.0283],
            [-46.6704, -22.9294],
            [-46.7607, -22.8366],
            [-46.6151, -22.7574],
            [-46.5885, -22.4897],
            [-46.5307, -22.4709],
            [-46.4263, -22.5476],
            [-46.4337, -22.5746],
            [-46.3931, -22.663],
            [-46.4527, -22.7276],
            [-46.3345, -22.7603],
            [-46.3621, -22.7899],
            [-46.3842, -22.87],
            [-46.3563, -22.9003],
            [-46.3146, -22.8868],
            [-46.2961, -22.8982],
            [-46.2669, -22.8757],
            [-46.2382, -22.8942],
            [-46.145, -22.8572],
            [-46.1391, -22.9228],
            [-46.0837, -22.8916],
            [-46.0443, -22.9053],
            [-46.052, -22.9683],
            [-46.1263, -23.0091],
            [-46.2054, -23.085],
            [-46.2631, -23.188],
            [-46.3077, -23.198],
            [-46.3115, -23.2274],
            [-46.4183, -23.3164],
            [-46.4397, -23.2734],
            [-46.4708, -23.2827],
            [-46.5154, -23.2375],
            [-46.8024, -23.257],
            [-46.8675, -23.2779],
            [-47.0878, -23.3532]
          ]
        ]
      },
      "properties": { "cod_macro": "3527" }
    },
    {
      "type": "Feature",
      "geometry": {
        "type": "Polygon",
        "coordinates": [
          [
            [-47.2454, -23.1828],
            [-47.2603, -23.1468],
            [-47.3006, -23.0295],
            [-47.3873, -22.9557],
            [-47.4411, -22.8895],
            [-47.4489, -22.8458],
            [-47.479, -22.8597],
            [-47.5305, -22.8438],
            [-47.4965, -22.7821],
            [-47.5039, -22.7303],
            [-47.465, -22.7356],
            [-47.2804, -22.6925],
            [-47.2365, -22.5201],
            [-47.1101, -22.4647],
            [-47.136, -22.4699],
            [-47.0838, -22.2998],
            [-47.1676, -22.2836],
            [-47.2049, -22.2816],
            [-47.2303, -22.2568],
            [-47.2045, -22.2048],
            [-47.2162, -21.976],
            [-47.3104, -21.8727],
            [-47.3303, -21.7266],
            [-47.3376, -21.6692],
            [-47.3806, -21.6498],
            [-47.3503, -21.5645],
            [-47.2149, -21.427],
            [-47.1449, -21.2944],
            [-47.1276, -21.3288],
            [-47.0551, -21.264],
            [-46.9973, -21.3512],
            [-47.0115, -21.4223],
            [-46.8421, -21.3891],
            [-46.7918, -21.3737],
            [-46.7587, -21.3788],
            [-46.6667, -21.3613],
            [-46.5191, -21.449],
            [-46.5182, -21.6128],
            [-46.6216, -21.6755],
            [-46.6738, -21.9111],
            [-46.6756, -22.0224],
            [-46.6648, -22.0689],
            [-46.7008, -22.0952],
            [-46.7053, -22.2958],
            [-46.6759, -22.3693],
            [-46.6609, -22.366],
            [-46.5885, -22.4897],
            [-46.6151, -22.7574],
            [-46.7607, -22.8366],
            [-46.6704, -22.9294],
            [-46.7239, -23.0283],
            [-46.8425, -23.0997],
            [-46.9173, -23.045],
            [-46.9972, -23.1167],
            [-47.0843, -23.0897],
            [-47.1303, -23.2031],
            [-47.2454, -23.1828]
          ]
        ]
      },
      "properties": { "cod_macro": "3528" }
    },
    {
      "type": "Feature",
      "geometry": {
        "type": "Polygon",
        "coordinates": [
          [
            [-47.7012, -22.9187],
            [-47.7631, -22.9027],
            [-47.8668, -22.8607],
            [-47.9926, -22.8955],
            [-48.0031, -22.8658],
            [-48.032, -22.8257],
            [-48.0839, -22.7239],
            [-48.0987, -22.6888],
            [-48.2105, -22.6181],
            [-48.2394, -22.5203],
            [-48.2075, -22.5025],
            [-48.1743, -22.4993],
            [-48.1395, -22.4913],
            [-48.126, -22.49],
            [-48.0936, -22.4987],
            [-47.9948, -22.4938],
            [-47.9825, -22.4554],
            [-47.954, -22.3981],
            [-47.9055, -22.2307],
            [-47.8308, -22.1482],
            [-47.7526, -22.0899],
            [-47.6756, -22.0131],
            [-47.5749, -22.0177],
            [-47.5436, -21.9797],
            [-47.4982, -21.917],
            [-47.4054, -21.9146],
            [-47.3964, -21.8571],
            [-47.332, -21.8425],
            [-47.3104, -21.8727],
            [-47.2162, -21.976],
            [-47.2045, -22.2048],
            [-47.2303, -22.2568],
            [-47.2049, -22.2816],
            [-47.1676, -22.2836],
            [-47.0838, -22.2998],
            [-47.136, -22.4699],
            [-47.1101, -22.4647],
            [-47.2365, -22.5201],
            [-47.2804, -22.6925],
            [-47.465, -22.7356],
            [-47.4905, -22.7243],
            [-47.5103, -22.7363],
            [-47.493, -22.7535],
            [-47.4952, -22.7758],
            [-47.5305, -22.8457],
            [-47.4773, -22.8597],
            [-47.4489, -22.8458],
            [-47.4411, -22.8895],
            [-47.3873, -22.9557],
            [-47.3006, -23.0295],
            [-47.3208, -23.1244],
            [-47.4185, -23.1687],
            [-47.5929, -23.0764],
            [-47.6291, -23.0437],
            [-47.7012, -22.9187]
          ]
        ]
      },
      "properties": { "cod_macro": "3529" }
    },
    {
      "type": "Feature",
      "geometry": {
        "type": "Polygon",
        "coordinates": [
          [
            [-48.3358, -21.3852],
            [-48.4268, -21.3187],
            [-48.4785, -21.3318],
            [-48.5441, -21.3525],
            [-48.605, -21.314],
            [-48.6408, -21.2412],
            [-48.6955, -21.2209],
            [-48.7244, -21.1898],
            [-48.7275, -21.1639],
            [-48.6407, -21.1391],
            [-48.5977, -21.1431],
            [-48.5668, -21.0762],
            [-48.7601, -20.945],
            [-49.0931, -20.8109],
            [-49.1192, -20.601],
            [-49.2196, -20.4719],
            [-49.1111, -20.4248],
            [-49.1207, -20.2705],
            [-49.0718, -20.1615],
            [-49.0245, -20.1511],
            [-48.9841, -20.1737],
            [-48.9618, -20.2633],
            [-48.9704, -20.3898],
            [-48.8949, -20.4418],
            [-48.8554, -20.1801],
            [-48.7313, -20.1494],
            [-48.3171, -20.1133],
            [-48.2177, -20.1253],
            [-48.2348, -20.0283],
            [-48.1055, -20.1464],
            [-47.976, -20.0354],
            [-47.8955, -20.1253],
            [-47.8562, -19.9905],
            [-47.5838, -19.9967],
            [-47.4683, -19.9614],
            [-47.4244, -20.0153],
            [-47.4442, -20.028],
            [-47.4387, -20.0511],
            [-47.257, -20.1662],
            [-47.2311, -20.2192],
            [-47.2982, -20.3484],
            [-47.2928, -20.4477],
            [-47.1511, -20.522],
            [-47.1153, -20.7072],
            [-47.1692, -20.7034],
            [-47.24, -20.8853],
            [-47.1478, -20.9725],
            [-47.0993, -21.2142],
            [-47.0523, -21.2465],
            [-47.1276, -21.3288],
            [-47.1449, -21.2944],
            [-47.2149, -21.427],
            [-47.3503, -21.5645],
            [-47.3806, -21.6498],
            [-47.3376, -21.6692],
            [-47.3303, -21.7266],
            [-47.3659, -21.7785],
            [-47.5085, -21.8076],
            [-47.5699, -21.7843],
            [-47.5879, -21.7345],
            [-47.7682, -21.6915],
            [-47.8306, -21.6695],
            [-47.834, -21.6144],
            [-47.8535, -21.5974],
            [-47.9908, -21.5956],
            [-48.103, -21.4535],
            [-48.1141, -21.4201],
            [-48.2862, -21.4365],
            [-48.3358, -21.3852]
          ]
        ]
      },
      "properties": { "cod_macro": "3530" }
    },
    {
      "type": "Feature",
      "geometry": {
        "type": "Polygon",
        "coordinates": [
          [
            [-50.5023, -20.7236],
            [-50.5118, -20.6228],
            [-50.5175, -20.5366],
            [-50.6448, -20.5065],
            [-50.7249, -20.5268],
            [-50.8078, -20.5468],
            [-50.8413, -20.5333],
            [-50.9025, -20.5389],
            [-50.9316, -20.5548],
            [-50.9663, -20.5492],
            [-50.9986, -20.4144],
            [-51.1094, -20.2801],
            [-51.0589, -20.2352],
            [-50.9691, -20.0364],
            [-50.6613, -19.909],
            [-50.5779, -19.8164],
            [-50.4171, -19.8011],
            [-50.3457, -19.8676],
            [-50.0972, -19.8755],
            [-49.9622, -19.9202],
            [-49.7825, -19.9245],
            [-49.6344, -19.9319],
            [-49.5035, -19.9199],
            [-49.3565, -19.9867],
            [-49.2483, -19.9996],
            [-49.2992, -20.1671],
            [-49.2287, -20.3034],
            [-49.1836, -20.3147],
            [-49.1207, -20.2705],
            [-49.1111, -20.4248],
            [-49.2196, -20.4719],
            [-49.1192, -20.601],
            [-49.0931, -20.8109],
            [-48.7601, -20.945],
            [-48.5668, -21.0762],
            [-48.5977, -21.1431],
            [-48.6407, -21.1391],
            [-48.7287, -21.1649],
            [-48.6963, -21.2204],
            [-48.6408, -21.2412],
            [-48.6193, -21.2869],
            [-48.6526, -21.2992],
            [-48.7137, -21.3975],
            [-48.7231, -21.4195],
            [-48.9027, -21.3711],
            [-49.1801, -21.5911],
            [-49.2405, -21.6215],
            [-49.2133, -21.6711],
            [-49.2386, -21.6708],
            [-49.2714, -21.6604],
            [-49.3115, -21.6172],
            [-49.3383, -21.5475],
            [-49.4201, -21.5426],
            [-49.4903, -21.499],
            [-49.5872, -21.3764],
            [-49.7718, -21.3062],
            [-49.9211, -21.2259],
            [-50.091, -21.2203],
            [-50.1513, -21.1399],
            [-50.0329, -20.9784],
            [-50.0621, -20.9393],
            [-50.1121, -20.8763],
            [-50.2906, -20.8357],
            [-50.2962, -20.7128],
            [-50.4187, -20.7091],
            [-50.4329, -20.8002],
            [-50.5023, -20.7236]
          ]
        ]
      },
      "properties": { "cod_macro": "3531" }
    },
    {
      "type": "Feature",
      "geometry": {
        "type": "Polygon",
        "coordinates": [
          [
            [-52.5849, -22.5659],
            [-52.7017, -22.6277],
            [-52.8154, -22.597],
            [-52.9247, -22.5656],
            [-53.0878, -22.6584],
            [-53.0144, -22.5207],
            [-52.7458, -22.3433],
            [-52.4877, -22.2172],
            [-52.3454, -22.062],
            [-52.3088, -21.9519],
            [-52.1906, -21.8461],
            [-52.1029, -21.7453],
            [-52.062, -21.5033],
            [-51.9287, -21.4558],
            [-51.8485, -21.2666],
            [-51.8796, -21.1994],
            [-51.7897, -21.1021],
            [-51.7725, -21.0511],
            [-51.6995, -21.0882],
            [-51.6588, -21.1696],
            [-51.5762, -21.1892],
            [-51.3852, -21.2843],
            [-51.2879, -21.3136],
            [-51.3119, -21.3668],
            [-51.3189, -21.4505],
            [-51.305, -21.5334],
            [-51.3547, -21.6357],
            [-51.2666, -21.6693],
            [-51.2492, -21.7828],
            [-51.1118, -21.8886],
            [-50.6689, -22.0284],
            [-50.4852, -22.1522],
            [-50.5585, -22.2953],
            [-50.6875, -22.3086],
            [-50.695, -22.3999],
            [-50.8388, -22.4355],
            [-50.8268, -22.649],
            [-50.9234, -22.6433],
            [-50.934, -22.7263],
            [-51.0576, -22.7661],
            [-51.2283, -22.716],
            [-51.2652, -22.6677],
            [-51.4464, -22.653],
            [-51.5596, -22.6972],
            [-51.7182, -22.669],
            [-51.7357, -22.6243],
            [-51.8686, -22.6304],
            [-51.9405, -22.5673],
            [-52.1488, -22.5493],
            [-52.1567, -22.6447],
            [-52.2504, -22.6154],
            [-52.433, -22.6072],
            [-52.5066, -22.6335],
            [-52.5849, -22.5659]
          ]
        ]
      },
      "properties": { "cod_macro": "3532" }
    },
    {
      "type": "Feature",
      "geometry": {
        "type": "Polygon",
        "coordinates": [
          [
            [-50.793, -22.8944],
            [-50.934, -22.7263],
            [-50.9234, -22.6433],
            [-50.8268, -22.649],
            [-50.8388, -22.4355],
            [-50.695, -22.3999],
            [-50.6875, -22.3086],
            [-50.5585, -22.2953],
            [-50.4852, -22.1522],
            [-50.6689, -22.0284],
            [-51.1118, -21.8886],
            [-51.2492, -21.7828],
            [-51.2666, -21.6693],
            [-51.3547, -21.6357],
            [-51.305, -21.5334],
            [-51.3187, -21.4818],
            [-51.312, -21.3677],
            [-51.2856, -21.3183],
            [-51.2378, -21.3268],
            [-51.0927, -21.371],
            [-50.9249, -21.4414],
            [-50.8176, -21.5633],
            [-50.7823, -21.5674],
            [-50.6325, -21.6566],
            [-50.4573, -21.6873],
            [-50.3488, -21.7097],
            [-50.1533, -21.7859],
            [-49.9627, -21.938],
            [-49.8363, -21.7591],
            [-49.8094, -21.8903],
            [-49.7344, -21.9406],
            [-49.6507, -21.8551],
            [-49.5273, -21.8528],
            [-49.4313, -21.7794],
            [-49.4049, -21.8442],
            [-49.6955, -22.0445],
            [-49.5564, -22.1298],
            [-49.5621, -22.1453],
            [-49.4228, -22.2937],
            [-49.6285, -22.4692],
            [-49.5662, -22.5757],
            [-49.5063, -22.5124],
            [-49.3535, -22.6388],
            [-49.3621, -22.8894],
            [-49.3091, -22.885],
            [-49.3611, -22.9936],
            [-49.4733, -23.1491],
            [-49.5734, -23.1386],
            [-49.5605, -23.259],
            [-49.6271, -23.2818],
            [-49.6783, -23.1651],
            [-49.7402, -23.0992],
            [-49.9116, -23.0511],
            [-49.962, -22.9233],
            [-50.0675, -22.9275],
            [-50.2375, -22.9541],
            [-50.4303, -22.9464],
            [-50.793, -22.8944]
          ]
        ]
      },
      "properties": { "cod_macro": "3533" }
    },
    {
      "type": "Feature",
      "geometry": {
        "type": "Polygon",
        "coordinates": [
          [
            [-46.6162, -23.8627],
            [-46.6356, -23.691],
            [-46.5846, -23.6452],
            [-46.5796, -23.5992],
            [-46.4465, -23.6441],
            [-46.4227, -23.6446],
            [-46.3849, -23.6151],
            [-46.3583, -23.6605],
            [-46.3237, -23.7042],
            [-46.2945, -23.7488],
            [-46.3165, -23.802],
            [-46.4449, -23.828],
            [-46.5762, -23.957],
            [-46.6162, -23.8627]
          ]
        ]
      },
      "properties": { "cod_macro": "3534" }
    },
    {
      "type": "Feature",
      "geometry": {
        "type": "Polygon",
        "coordinates": [
          [
            [-48.3958, -22.112],
            [-48.5443, -22.0345],
            [-48.564, -22.0051],
            [-48.6884, -21.9126],
            [-48.8306, -21.8904],
            [-48.9878, -21.832],
            [-49.0441, -21.7742],
            [-49.1052, -21.7507],
            [-49.1801, -21.5911],
            [-48.9027, -21.3711],
            [-48.7231, -21.4195],
            [-48.7137, -21.3975],
            [-48.6526, -21.2992],
            [-48.6193, -21.2869],
            [-48.5773, -21.3397],
            [-48.5377, -21.3541],
            [-48.4785, -21.3318],
            [-48.4268, -21.3187],
            [-48.3358, -21.3852],
            [-48.2862, -21.4365],
            [-48.1141, -21.4201],
            [-48.103, -21.4535],
            [-47.9908, -21.5956],
            [-47.8535, -21.5974],
            [-47.834, -21.6144],
            [-47.8306, -21.6695],
            [-47.7682, -21.6915],
            [-47.5879, -21.7345],
            [-47.5699, -21.7843],
            [-47.5085, -21.8076],
            [-47.3659, -21.7785],
            [-47.3431, -21.8401],
            [-47.3973, -21.8582],
            [-47.4053, -21.9146],
            [-47.4981, -21.917],
            [-47.5436, -21.9797],
            [-47.5749, -22.0177],
            [-47.6756, -22.0131],
            [-47.7526, -22.0899],
            [-47.8308, -22.1482],
            [-47.9931, -22.116],
            [-48.1047, -22.1801],
            [-48.2448, -22.1779],
            [-48.3874, -22.1596],
            [-48.3958, -22.112]
          ]
        ]
      },
      "properties": { "cod_macro": "3535" }
    },
    {
      "type": "Feature",
      "geometry": {
        "type": "Polygon",
        "coordinates": [
          [
            [-50.6325, -21.6566],
            [-50.7823, -21.5674],
            [-50.8176, -21.5633],
            [-50.9249, -21.4414],
            [-51.0927, -21.371],
            [-51.2378, -21.3268],
            [-51.3852, -21.2843],
            [-51.5762, -21.1892],
            [-51.6588, -21.1696],
            [-51.6995, -21.0882],
            [-51.7725, -21.0511],
            [-51.7222, -20.9768],
            [-51.6135, -20.8901],
            [-51.6349, -20.7548],
            [-51.5002, -20.5682],
            [-51.4093, -20.4596],
            [-51.3214, -20.3396],
            [-51.0946, -20.2853],
            [-50.9986, -20.4144],
            [-50.9577, -20.558],
            [-50.9025, -20.5389],
            [-50.8413, -20.5333],
            [-50.8078, -20.5468],
            [-50.7249, -20.5268],
            [-50.6448, -20.5065],
            [-50.5175, -20.5366],
            [-50.5118, -20.6228],
            [-50.5023, -20.7236],
            [-50.4329, -20.8002],
            [-50.4187, -20.7091],
            [-50.2962, -20.7128],
            [-50.2906, -20.8357],
            [-50.1121, -20.8763],
            [-50.0621, -20.9393],
            [-50.0329, -20.9784],
            [-50.1513, -21.1399],
            [-50.091, -21.2203],
            [-49.9211, -21.2259],
            [-49.8166, -21.3156],
            [-49.8686, -21.4595],
            [-49.9933, -21.5909],
            [-50.2076, -21.6868],
            [-50.3488, -21.7097],
            [-50.4573, -21.6873],
            [-50.6325, -21.6566]
          ]
        ]
      },
      "properties": { "cod_macro": "3536" }
    },
    {
      "type": "Feature",
      "geometry": {
        "type": "MultiPolygon",
        "coordinates": [
          [
            [
              [-51.7647, -25.0381],
              [-52.0777, -24.9974],
              [-52.0833, -25.0177],
              [-52.152, -24.9653],
              [-52.0946, -24.8115],
              [-52.0771, -24.7711],
              [-51.9515, -24.7613],
              [-51.9243, -24.7914],
              [-51.7322, -24.8894],
              [-51.7775, -24.9678],
              [-51.7647, -25.0381]
            ]
          ],
          [
            [
              [-52.1165, -24.7784],
              [-52.1198, -24.7868],
              [-52.3763, -24.7555],
              [-52.3945, -24.7302],
              [-52.3689, -24.7068],
              [-52.3709, -24.693],
              [-52.3318, -24.6862],
              [-52.2972, -24.6643],
              [-52.1058, -24.6463],
              [-52.0687, -24.7173],
              [-52.1165, -24.7784]
            ]
          ],
          [
            [
              [-51.7164, -24.6041],
              [-51.7747, -24.5205],
              [-51.8159, -24.4704],
              [-51.8321, -24.4943],
              [-51.8596, -24.4916],
              [-51.8777, -24.5944],
              [-51.9471, -24.6005],
              [-51.9767, -24.6207],
              [-51.9988, -24.5928],
              [-52.0358, -24.5425],
              [-52.0275, -24.5076],
              [-52.0375, -24.444],
              [-52.0427, -24.4084],
              [-51.9595, -24.2598],
              [-51.9393, -23.8821],
              [-51.9963, -23.7906],
              [-51.9163, -23.7241],
              [-51.937, -23.6831],
              [-51.9231, -23.6622],
              [-51.9127, -23.6718],
              [-51.7987, -23.6419],
              [-51.6455, -23.5766],
              [-51.6062, -23.4851],
              [-51.6902, -23.3777],
              [-51.6062, -23.2806],
              [-51.59, -23.1226],
              [-51.7947, -23.0058],
              [-51.7146, -22.9263],
              [-51.7717, -22.7737],
              [-51.7182, -22.669],
              [-51.5596, -22.6972],
              [-51.4464, -22.653],
              [-51.2652, -22.6677],
              [-51.2283, -22.716],
              [-51.0576, -22.7661],
              [-50.8887, -22.7965],
              [-50.793, -22.8944],
              [-50.4303, -22.9464],
              [-50.2375, -22.9541],
              [-50.0675, -22.9275],
              [-49.962, -22.9233],
              [-49.9116, -23.0511],
              [-49.7402, -23.0992],
              [-49.6783, -23.1651],
              [-49.6217, -23.3319],
              [-49.5904, -23.3828],
              [-49.6128, -23.5083],
              [-49.6002, -23.5356],
              [-49.6171, -23.6396],
              [-49.5492, -23.704],
              [-49.5853, -23.8904],
              [-49.557, -23.9227],
              [-49.5857, -23.9608],
              [-49.609, -23.9954],
              [-49.6331, -24.0313],
              [-49.6427, -24.0781],
              [-49.7559, -24.0791],
              [-49.8307, -23.9274],
              [-49.9598, -23.853],
              [-49.9716, -23.9675],
              [-50.157, -23.9397],
              [-50.2526, -23.9778],
              [-50.2472, -23.9628],
              [-50.3836, -23.8592],
              [-50.4642, -23.9597],
              [-50.5378, -23.9239],
              [-50.6975, -24.0032],
              [-50.7432, -24.006],
              [-50.731, -23.9369],
              [-50.9372, -23.8188],
              [-51.0659, -23.9178],
              [-51.0954, -23.9773],
              [-51.0864, -24.0739],
              [-51.1725, -24.0804],
              [-51.1667, -24.0983],
              [-51.3492, -24.1147],
              [-51.3578, -24.1583],
              [-51.0956, -24.2886],
              [-51.1165, -24.2985],
              [-51.0779, -24.3523],
              [-51.1783, -24.5795],
              [-51.0628, -24.6885],
              [-51.0675, -24.8164],
              [-50.9712, -24.8534],
              [-50.9859, -24.9667],
              [-51.0588, -24.9519],
              [-51.1489, -24.8092],
              [-51.4101, -24.7563],
              [-51.5055, -24.5752],
              [-51.7164, -24.6041]
            ]
          ]
        ]
      },
      "properties": { "cod_macro": "4105" }
    },
    {
      "type": "Feature",
      "geometry": {
        "type": "Polygon",
        "coordinates": [
          [
            [-53.2021, -24.3412],
            [-53.2472, -24.329],
            [-53.2748, -24.3377],
            [-53.2833, -24.1649],
            [-53.3647, -24.2527],
            [-53.4811, -24.2181],
            [-53.5918, -24.2415],
            [-53.709, -24.1791],
            [-53.8655, -24.191],
            [-53.9477, -24.12],
            [-53.991, -24.0678],
            [-53.9638, -24.014],
            [-54.0558, -24.0365],
            [-54.169, -23.999],
            [-54.1297, -23.9821],
            [-54.0805, -23.7809],
            [-53.9866, -23.4648],
            [-53.7755, -23.3751],
            [-53.6366, -23.125],
            [-53.6346, -23.0007],
            [-53.5419, -22.8862],
            [-53.3595, -22.7796],
            [-53.1935, -22.7253],
            [-53.1052, -22.6219],
            [-53.0878, -22.6584],
            [-52.9247, -22.5656],
            [-52.8154, -22.597],
            [-52.7083, -22.6281],
            [-52.5849, -22.5659],
            [-52.5027, -22.6346],
            [-52.2504, -22.6154],
            [-52.1567, -22.6447],
            [-52.1488, -22.5493],
            [-51.9405, -22.5673],
            [-51.8686, -22.6304],
            [-51.7357, -22.6243],
            [-51.7717, -22.7737],
            [-51.7146, -22.9263],
            [-51.7947, -23.0058],
            [-51.59, -23.1226],
            [-51.6062, -23.2806],
            [-51.6902, -23.3777],
            [-51.6062, -23.4851],
            [-51.6455, -23.5766],
            [-51.7987, -23.6419],
            [-51.9127, -23.6718],
            [-51.9231, -23.6622],
            [-51.937, -23.6831],
            [-51.9163, -23.7241],
            [-51.9963, -23.7906],
            [-51.9393, -23.8821],
            [-51.9595, -24.2598],
            [-52.0427, -24.4084],
            [-52.0375, -24.444],
            [-52.0275, -24.5076],
            [-52.0358, -24.5425],
            [-52.075, -24.5692],
            [-52.0795, -24.5908],
            [-52.2972, -24.6643],
            [-52.3318, -24.6862],
            [-52.3709, -24.693],
            [-52.3689, -24.7068],
            [-52.439, -24.73],
            [-52.6312, -24.9151],
            [-52.6574, -24.8953],
            [-52.7435, -24.8812],
            [-52.9833, -24.667],
            [-53.066, -24.6491],
            [-53.1635, -24.4904],
            [-53.2021, -24.3412]
          ]
        ]
      },
      "properties": { "cod_macro": "4106" }
    },
    {
      "type": "Feature",
      "geometry": {
        "type": "Polygon",
        "coordinates": [
          [
            [-51.5529, -26.4134],
            [-51.5771, -26.2937],
            [-51.7764, -26.2559],
            [-51.7385, -26.0491],
            [-51.7408, -25.9943],
            [-51.9574, -25.9871],
            [-52.0332, -25.947],
            [-52.1434, -25.8908],
            [-52.1681, -25.8279],
            [-52.2001, -25.7678],
            [-52.5397, -25.6436],
            [-52.5385, -25.6984],
            [-52.6278, -25.655],
            [-52.7264, -25.6194],
            [-52.7851, -25.567],
            [-52.7654, -25.5558],
            [-52.7651, -25.5132],
            [-52.7676, -25.4824],
            [-52.7533, -25.4727],
            [-52.7335, -25.4142],
            [-52.716, -25.4015],
            [-52.6929, -25.2745],
            [-52.7742, -25.23],
            [-52.6912, -25.1643],
            [-52.6002, -25.0139],
            [-52.6629, -24.9565],
            [-52.6312, -24.9151],
            [-52.439, -24.73],
            [-52.3945, -24.7302],
            [-52.3763, -24.7555],
            [-52.1198, -24.7868],
            [-52.1165, -24.7784],
            [-52.0687, -24.7173],
            [-52.1058, -24.6463],
            [-52.0795, -24.5908],
            [-52.075, -24.5692],
            [-51.9988, -24.5928],
            [-51.9767, -24.6207],
            [-51.9471, -24.6005],
            [-51.8777, -24.5944],
            [-51.8596, -24.4916],
            [-51.8321, -24.4943],
            [-51.8159, -24.4704],
            [-51.7747, -24.5205],
            [-51.7164, -24.6041],
            [-51.5055, -24.5752],
            [-51.4101, -24.7563],
            [-51.1489, -24.8092],
            [-51.0588, -24.9519],
            [-51.0092, -24.9719],
            [-51.0022, -24.9598],
            [-50.9852, -24.9662],
            [-50.9712, -24.8534],
            [-51.0675, -24.8164],
            [-51.0628, -24.6885],
            [-51.1783, -24.5795],
            [-51.0779, -24.3523],
            [-51.1165, -24.2985],
            [-51.0956, -24.2886],
            [-51.3578, -24.1583],
            [-51.3492, -24.1147],
            [-51.1667, -24.0983],
            [-51.1725, -24.0804],
            [-51.0864, -24.0739],
            [-51.0954, -23.9773],
            [-51.0659, -23.9178],
            [-50.9372, -23.8188],
            [-50.731, -23.9369],
            [-50.7432, -24.006],
            [-50.6975, -24.0032],
            [-50.5378, -23.9239],
            [-50.4642, -23.9597],
            [-50.3836, -23.8592],
            [-50.2472, -23.9628],
            [-50.2526, -23.9778],
            [-50.157, -23.9397],
            [-49.9716, -23.9675],
            [-49.9598, -23.853],
            [-49.8307, -23.9274],
            [-49.7559, -24.0791],
            [-49.6427, -24.0781],
            [-49.6331, -24.0313],
            [-49.609, -23.9954],
            [-49.5857, -23.9608],
            [-49.5211, -23.9461],
            [-49.5168, -23.9701],
            [-49.4806, -24.0062],
            [-49.4634, -24.0274],
            [-49.43, -24.0885],
            [-49.3366, -24.1376],
            [-49.3054, -24.2514],
            [-49.2007, -24.3444],
            [-49.316, -24.5555],
            [-49.3054, -24.6736],
            [-49.0644, -24.686],
            [-48.9909, -24.6552],
            [-48.8519, -24.675],
            [-48.8273, -24.6545],
            [-48.7787, -24.6967],
            [-48.7038, -24.6804],
            [-48.6605, -24.7068],
            [-48.5308, -24.7384],
            [-48.5167, -24.7802],
            [-48.6008, -25.0105],
            [-48.5286, -25.1008],
            [-48.474, -25.0126],
            [-48.3786, -24.997],
            [-48.3241, -25.0367],
            [-48.2973, -25.0235],
            [-48.2503, -24.9774],
            [-48.1569, -25.1447],
            [-48.0574, -25.2183],
            [-48.0239, -25.2291],
            [-48.3199, -25.5866],
            [-48.4316, -25.6429],
            [-48.6094, -25.9841],
            [-48.6337, -25.9777],
            [-49.0413, -26.004],
            [-49.0717, -26.0004],
            [-49.175, -26.0001],
            [-49.4963, -26.2214],
            [-49.6346, -26.209],
            [-49.6337, -26.1899],
            [-49.87, -26.0333],
            [-50.0109, -26.0133],
            [-50.1803, -26.079],
            [-50.2512, -26.0305],
            [-50.3243, -26.1353],
            [-50.4438, -26.0343],
            [-50.5702, -26.002],
            [-50.7506, -26.2245],
            [-50.9016, -26.2893],
            [-50.999, -26.2311],
            [-51.2072, -26.2963],
            [-51.251, -26.3744],
            [-51.3005, -26.4179],
            [-51.2148, -26.5694],
            [-51.2834, -26.6536],
            [-51.4353, -26.6882],
            [-51.5529, -26.4134]
          ],
          [
            [-52.0946, -24.8115],
            [-52.152, -24.9653],
            [-52.0833, -25.0177],
            [-52.0777, -24.9974],
            [-51.7647, -25.0381],
            [-51.7775, -24.9678],
            [-51.7322, -24.8894],
            [-51.9243, -24.7914],
            [-51.9515, -24.7613],
            [-52.0771, -24.7711],
            [-52.0946, -24.8115]
          ]
        ]
      },
      "properties": { "cod_macro": "4107" }
    },
    {
      "type": "Feature",
      "geometry": {
        "type": "Polygon",
        "coordinates": [
          [
            [-54.169, -23.999],
            [-54.0558, -24.0365],
            [-53.9638, -24.014],
            [-53.991, -24.0678],
            [-53.9477, -24.12],
            [-53.8655, -24.191],
            [-53.709, -24.1791],
            [-53.5918, -24.2415],
            [-53.4811, -24.2181],
            [-53.3647, -24.2527],
            [-53.2833, -24.1649],
            [-53.2748, -24.3377],
            [-53.2472, -24.329],
            [-53.2021, -24.3412],
            [-53.1635, -24.4904],
            [-53.066, -24.6491],
            [-52.9833, -24.667],
            [-52.7435, -24.8812],
            [-52.6574, -24.8953],
            [-52.6629, -24.9565],
            [-52.6002, -25.0139],
            [-52.6912, -25.1643],
            [-52.7742, -25.23],
            [-52.6929, -25.2745],
            [-52.716, -25.4015],
            [-52.7335, -25.4142],
            [-52.7533, -25.4727],
            [-52.7676, -25.4824],
            [-52.7651, -25.5132],
            [-52.7654, -25.5558],
            [-52.7851, -25.567],
            [-52.7264, -25.6194],
            [-52.6278, -25.655],
            [-52.5385, -25.6984],
            [-52.5397, -25.6436],
            [-52.2001, -25.7678],
            [-52.1681, -25.8279],
            [-52.1434, -25.8908],
            [-52.0332, -25.947],
            [-51.9574, -25.9871],
            [-51.7408, -25.9943],
            [-51.7385, -26.0491],
            [-51.7764, -26.2559],
            [-51.5771, -26.2937],
            [-51.5529, -26.4134],
            [-51.5109, -26.5811],
            [-51.631, -26.5878],
            [-51.6662, -26.5638],
            [-51.6942, -26.5812],
            [-51.7345, -26.5724],
            [-51.7894, -26.5887],
            [-51.8144, -26.5776],
            [-51.8735, -26.5994],
            [-52.0088, -26.5666],
            [-52.1667, -26.465],
            [-52.2298, -26.467],
            [-52.7378, -26.3422],
            [-53.0932, -26.392],
            [-53.3761, -26.2416],
            [-53.5535, -26.2926],
            [-53.628, -26.2633],
            [-53.8367, -25.9702],
            [-53.8196, -25.8164],
            [-53.8911, -25.6229],
            [-54.0798, -25.5581],
            [-54.1101, -25.4955],
            [-54.2537, -25.5964],
            [-54.387, -25.5981],
            [-54.4352, -25.6969],
            [-54.5935, -25.5922],
            [-54.6202, -25.456],
            [-54.4245, -25.1581],
            [-54.4635, -25.0569],
            [-54.3899, -24.7773],
            [-54.3311, -24.6905],
            [-54.3265, -24.4652],
            [-54.2582, -24.3659],
            [-54.3398, -24.1227],
            [-54.2862, -24.0682],
            [-54.169, -23.999]
          ]
        ]
      },
      "properties": { "cod_macro": "4108" }
    },
    {
      "type": "Feature",
      "geometry": {
        "type": "Polygon",
        "coordinates": [
          [
            [-50.1143, -29.2576],
            [-50.0512, -29.3241],
            [-50.041, -29.3551],
            [-50.123, -29.282],
            [-50.1287, -29.3036],
            [-50.1396, -29.1922],
            [-50.0933, -29.2128],
            [-50.1127, -29.24],
            [-50.0838, -29.2154],
            [-50.047, -29.2172],
            [-50.084, -29.2138],
            [-50.0913, -29.2198],
            [-50.0997, -29.1598],
            [-50.0572, -29.1579],
            [-50.0934, -29.1679],
            [-50.0152, -29.1867],
            [-50.0288, -29.1719],
            [-49.9626, -29.1175],
            [-49.9687, -28.9221],
            [-49.9321, -28.8722],
            [-49.9506, -28.8021],
            [-49.9217, -28.7455],
            [-49.8392, -28.6665],
            [-49.7789, -28.6295],
            [-49.7574, -28.6154],
            [-49.647, -28.5986],
            [-49.6452, -28.5423],
            [-49.5627, -28.4678],
            [-49.5671, -28.414],
            [-49.546, -28.3451],
            [-49.5484, -28.2728],
            [-49.55, -28.2397],
            [-49.4323, -28.1139],
            [-49.4041, -28.0803],
            [-49.3533, -28.001],
            [-49.3078, -27.941],
            [-49.1579, -27.964],
            [-49.1468, -28.0041],
            [-49.0347, -28.0353],
            [-48.6669, -28.1177],
            [-48.674, -28.2549],
            [-48.8127, -28.6055],
            [-48.9746, -28.6715],
            [-49.2443, -28.8451],
            [-49.4344, -29.0091],
            [-49.7129, -29.3256],
            [-49.7397, -29.2999],
            [-49.8432, -29.278],
            [-49.8678, -29.2253],
            [-49.9627, -29.1989],
            [-50.1143, -29.2576]
          ]
        ]
      },
      "properties": { "cod_macro": "4210" }
    },
    {
      "type": "Feature",
      "geometry": {
        "type": "Polygon",
        "coordinates": [
          [
            [-50.3211, -26.7649],
            [-50.6646, -26.5001],
            [-50.856, -26.5606],
            [-51.0093, -26.4952],
            [-50.9854, -26.4049],
            [-51.2015, -26.4271],
            [-51.251, -26.3744],
            [-51.2072, -26.2963],
            [-50.999, -26.2311],
            [-50.9016, -26.2893],
            [-50.7506, -26.2245],
            [-50.5702, -26.002],
            [-50.4438, -26.0343],
            [-50.3243, -26.1353],
            [-50.2512, -26.0305],
            [-50.1803, -26.079],
            [-50.0109, -26.0133],
            [-49.87, -26.0333],
            [-49.6337, -26.1899],
            [-49.6346, -26.209],
            [-49.4963, -26.2214],
            [-49.175, -26.0001],
            [-49.0717, -26.0004],
            [-49.0413, -26.004],
            [-48.6337, -25.9777],
            [-48.5888, -26.1545],
            [-48.493, -26.2184],
            [-48.6654, -26.5817],
            [-48.6819, -26.7184],
            [-48.8007, -26.7132],
            [-48.8171, -26.6385],
            [-48.8418, -26.6268],
            [-48.8797, -26.6417],
            [-48.8854, -26.6582],
            [-48.9179, -26.645],
            [-48.937, -26.6936],
            [-49.0362, -26.7725],
            [-49.0182, -26.6846],
            [-49.1074, -26.6588],
            [-49.2706, -26.6147],
            [-49.366, -26.4906],
            [-49.5492, -26.5246],
            [-49.6176, -26.7038],
            [-49.6924, -26.6982],
            [-49.7491, -26.7855],
            [-49.8281, -26.7073],
            [-49.8961, -26.6026],
            [-49.9555, -26.5451],
            [-50.1304, -26.5616],
            [-50.086, -26.81],
            [-50.2545, -26.8631],
            [-50.2811, -26.8358],
            [-50.3282, -26.8381],
            [-50.3432, -26.8201],
            [-50.3211, -26.7649]
          ]
        ]
      },
      "properties": { "cod_macro": "4211" }
    },
    {
      "type": "Feature",
      "geometry": {
        "type": "Polygon",
        "coordinates": [
          [
            [-53.6182, -27.1873],
            [-53.6501, -27.1788],
            [-53.7437, -27.1924],
            [-53.7729, -27.1477],
            [-53.8148, -27.1759],
            [-53.8251, -27.1743],
            [-53.8371, -27.1684],
            [-53.8287, -27.146],
            [-53.7981, -27.145],
            [-53.8242, -27.1337],
            [-53.8046, -27.1227],
            [-53.8046, -27.0825],
            [-53.7602, -27.0645],
            [-53.7375, -26.9744],
            [-53.6714, -26.8961],
            [-53.7439, -26.6816],
            [-53.71, -26.3877],
            [-53.628, -26.2633],
            [-53.5535, -26.2926],
            [-53.3761, -26.2416],
            [-53.0932, -26.392],
            [-52.7378, -26.3422],
            [-52.2298, -26.467],
            [-52.1667, -26.465],
            [-52.0088, -26.5666],
            [-51.8735, -26.5994],
            [-51.846, -26.6604],
            [-51.6787, -26.8184],
            [-51.8035, -26.8654],
            [-51.847, -26.9489],
            [-52.0717, -26.9418],
            [-52.3136, -26.9756],
            [-52.3518, -26.9705],
            [-52.3909, -27.0905],
            [-52.4654, -27.1309],
            [-52.4384, -27.1826],
            [-52.4019, -27.1906],
            [-52.4832, -27.2672],
            [-52.6332, -27.2655],
            [-52.8426, -27.2102],
            [-52.9293, -27.2041],
            [-52.9698, -27.2162],
            [-53.0026, -27.1976],
            [-53.0175, -27.099],
            [-53.0767, -27.1078],
            [-53.0775, -27.1631],
            [-53.2417, -27.1716],
            [-53.2943, -27.1356],
            [-53.3481, -27.12],
            [-53.5044, -27.1356],
            [-53.4931, -27.2035],
            [-53.6182, -27.1873]
          ]
        ]
      },
      "properties": { "cod_macro": "4213" }
    },
    {
      "type": "Feature",
      "geometry": {
        "type": "Polygon",
        "coordinates": [
          [
            [-48.6669, -28.1177],
            [-49.0347, -28.0353],
            [-49.1468, -28.0041],
            [-49.1579, -27.964],
            [-49.3078, -27.941],
            [-49.2807, -27.8734],
            [-49.4688, -27.7507],
            [-49.4729, -27.5658],
            [-49.3227, -27.5888],
            [-49.3112, -27.3966],
            [-49.2007, -27.2932],
            [-49.0376, -27.2719],
            [-48.7708, -27.1343],
            [-48.7495, -27.1483],
            [-48.6843, -27.195],
            [-48.5392, -27.2991],
            [-48.5263, -27.4083],
            [-48.3586, -27.4402],
            [-48.6008, -27.8583],
            [-48.5978, -28.0301],
            [-48.6669, -28.1177]
          ]
        ]
      },
      "properties": { "cod_macro": "4214" }
    },
    {
      "type": "Feature",
      "geometry": {
        "type": "Polygon",
        "coordinates": [
          [
            [-48.7495, -27.1483],
            [-48.7708, -27.1343],
            [-48.7891, -27.0971],
            [-48.8648, -26.9099],
            [-49.0217, -26.789],
            [-49.0362, -26.7725],
            [-48.937, -26.6936],
            [-48.9178, -26.6449],
            [-48.8854, -26.6582],
            [-48.8796, -26.6417],
            [-48.8341, -26.6294],
            [-48.8081, -26.6576],
            [-48.8007, -26.7132],
            [-48.6819, -26.7184],
            [-48.5844, -26.7836],
            [-48.6435, -26.9034],
            [-48.5691, -27.0092],
            [-48.6019, -27.2204],
            [-48.6843, -27.195],
            [-48.7495, -27.1483]
          ]
        ]
      },
      "properties": { "cod_macro": "4215" }
    },
    {
      "type": "Feature",
      "geometry": {
        "type": "Polygon",
        "coordinates": [
          [
            [-49.7788, -27.5861],
            [-49.8258, -27.55],
            [-49.8922, -27.4971],
            [-49.9452, -27.4245],
            [-49.9879, -27.404],
            [-50.0177, -27.398],
            [-50.0442, -27.3353],
            [-50.024, -27.3442],
            [-50.0084, -27.3191],
            [-50.199, -27.2372],
            [-50.2584, -27.2327],
            [-50.2667, -27.1976],
            [-50.3206, -27.1123],
            [-50.3112, -27.0683],
            [-50.3166, -27.0541],
            [-50.3173, -27.0082],
            [-50.2814, -26.8784],
            [-50.2745, -26.8684],
            [-50.2421, -26.8521],
            [-50.2218, -26.8146],
            [-50.1688, -26.79],
            [-50.086, -26.81],
            [-50.1304, -26.5616],
            [-49.9555, -26.5451],
            [-49.8961, -26.6026],
            [-49.8281, -26.7073],
            [-49.7488, -26.7855],
            [-49.6924, -26.6982],
            [-49.6176, -26.7038],
            [-49.5492, -26.5246],
            [-49.366, -26.4906],
            [-49.2706, -26.6147],
            [-49.1074, -26.6588],
            [-49.0182, -26.6846],
            [-49.0492, -26.7093],
            [-49.0421, -26.766],
            [-49.0217, -26.789],
            [-48.8648, -26.9099],
            [-48.7891, -27.0971],
            [-49.0376, -27.2719],
            [-49.2007, -27.2932],
            [-49.3112, -27.3966],
            [-49.3227, -27.5888],
            [-49.4729, -27.5658],
            [-49.6401, -27.6481],
            [-49.7115, -27.6436],
            [-49.7421, -27.6312],
            [-49.7321, -27.6193],
            [-49.7788, -27.5861]
          ]
        ]
      },
      "properties": { "cod_macro": "4216" }
    },
    {
      "type": "Feature",
      "geometry": {
        "type": "Polygon",
        "coordinates": [
          [
            [-51.7204, -27.5135],
            [-51.7535, -27.4872],
            [-51.793, -27.5312],
            [-51.8754, -27.518],
            [-51.9025, -27.4611],
            [-52.0078, -27.4039],
            [-52.1143, -27.305],
            [-52.1683, -27.2709],
            [-52.2411, -27.3043],
            [-52.2777, -27.3002],
            [-52.2965, -27.3181],
            [-52.3453, -27.2883],
            [-52.3858, -27.2535],
            [-52.3981, -27.2926],
            [-52.4019, -27.1906],
            [-52.4384, -27.1826],
            [-52.4654, -27.1309],
            [-52.3909, -27.0905],
            [-52.3518, -26.9705],
            [-52.3136, -26.9756],
            [-52.0717, -26.9418],
            [-51.847, -26.9489],
            [-51.8035, -26.8654],
            [-51.6787, -26.8184],
            [-51.846, -26.6604],
            [-51.8206, -26.5786],
            [-51.6956, -26.5814],
            [-51.6641, -26.5637],
            [-51.631, -26.5878],
            [-51.5056, -26.5815],
            [-51.4353, -26.6882],
            [-51.2834, -26.6536],
            [-51.2148, -26.5694],
            [-51.3005, -26.4179],
            [-51.2015, -26.4271],
            [-50.9854, -26.4049],
            [-51.0093, -26.4952],
            [-50.856, -26.5606],
            [-50.6646, -26.5001],
            [-50.3211, -26.7649],
            [-50.3367, -26.7777],
            [-50.3414, -26.8273],
            [-50.2804, -26.8361],
            [-50.2543, -26.8591],
            [-50.2815, -26.8778],
            [-50.2606, -26.8916],
            [-50.2907, -26.9868],
            [-50.3173, -27.0082],
            [-50.3166, -27.0541],
            [-50.3112, -27.0683],
            [-50.3206, -27.1123],
            [-50.2667, -27.1976],
            [-50.2584, -27.2327],
            [-50.199, -27.2372],
            [-50.2077, -27.3464],
            [-50.4612, -27.3653],
            [-50.5423, -27.4848],
            [-50.701, -27.443],
            [-50.7186, -27.4266],
            [-50.7365, -27.4381],
            [-50.7495, -27.4496],
            [-50.7711, -27.4425],
            [-50.7845, -27.4587],
            [-50.823, -27.4516],
            [-50.8013, -27.4938],
            [-50.9594, -27.5539],
            [-50.9679, -27.5706],
            [-50.9933, -27.6103],
            [-51, -27.639],
            [-51.1855, -27.6156],
            [-51.2152, -27.6187],
            [-51.2226, -27.7232],
            [-51.3703, -27.6721],
            [-51.4352, -27.6544],
            [-51.4768, -27.5988],
            [-51.5477, -27.5591],
            [-51.5874, -27.5656],
            [-51.58, -27.5236],
            [-51.7204, -27.5135]
          ]
        ]
      },
      "properties": { "cod_macro": "4217" }
    },
    {
      "type": "Feature",
      "geometry": {
        "type": "Polygon",
        "coordinates": [
          [
            [-50.7888, -28.1983],
            [-50.8198, -28.1404],
            [-50.9039, -28.0858],
            [-50.9257, -27.9694],
            [-51.1346, -27.8037],
            [-51.2401, -27.779],
            [-51.2741, -27.7499],
            [-51.2226, -27.7232],
            [-51.2152, -27.6187],
            [-51.1855, -27.6156],
            [-51, -27.639],
            [-50.9933, -27.6103],
            [-50.9679, -27.5706],
            [-50.9594, -27.5539],
            [-50.8013, -27.4938],
            [-50.823, -27.4516],
            [-50.7845, -27.4587],
            [-50.7711, -27.4425],
            [-50.7495, -27.4496],
            [-50.7365, -27.4381],
            [-50.7186, -27.4266],
            [-50.701, -27.443],
            [-50.5423, -27.4848],
            [-50.4612, -27.3653],
            [-50.2077, -27.3464],
            [-50.1891, -27.2748],
            [-50.0084, -27.3191],
            [-50.024, -27.3442],
            [-50.0442, -27.3353],
            [-50.0177, -27.398],
            [-49.9879, -27.404],
            [-49.9452, -27.4245],
            [-49.8922, -27.4971],
            [-49.8258, -27.55],
            [-49.7788, -27.5861],
            [-49.7321, -27.6193],
            [-49.7421, -27.6312],
            [-49.7115, -27.6436],
            [-49.6401, -27.6481],
            [-49.5066, -27.6007],
            [-49.4688, -27.7507],
            [-49.2807, -27.8734],
            [-49.3533, -28.001],
            [-49.4041, -28.0803],
            [-49.4323, -28.1139],
            [-49.55, -28.2397],
            [-49.5484, -28.2728],
            [-49.546, -28.3451],
            [-49.5671, -28.414],
            [-49.5627, -28.4678],
            [-49.6452, -28.5423],
            [-49.647, -28.5986],
            [-49.7102, -28.6043],
            [-49.7268, -28.5173],
            [-49.7708, -28.4943],
            [-49.7823, -28.4967],
            [-49.811, -28.4843],
            [-49.826, -28.4784],
            [-49.8666, -28.4886],
            [-49.8636, -28.4628],
            [-49.9285, -28.4512],
            [-49.9525, -28.4503],
            [-49.9672, -28.4559],
            [-49.9894, -28.4572],
            [-50.3458, -28.4636],
            [-50.538, -28.4296],
            [-50.6285, -28.3646],
            [-50.7888, -28.1983]
          ]
        ]
      },
      "properties": { "cod_macro": "4218" }
    },
    {
      "type": "Feature",
      "geometry": {
        "type": "Polygon",
        "coordinates": [
          [
            [-52.439, -30.8956],
            [-52.6346, -30.9652],
            [-52.7152, -30.8962],
            [-52.926, -30.9252],
            [-53.0129, -30.8927],
            [-52.9483, -30.7863],
            [-52.9977, -30.6666],
            [-53.1234, -30.6093],
            [-53.2135, -30.4509],
            [-53.2161, -30.7686],
            [-53.4134, -30.8048],
            [-53.4176, -30.9648],
            [-53.5195, -30.9332],
            [-53.542, -30.9526],
            [-53.8215, -30.7489],
            [-53.7382, -30.57],
            [-53.7118, -30.483],
            [-53.656, -30.4323],
            [-53.5166, -30.3972],
            [-53.4854, -30.2904],
            [-53.1644, -29.9925],
            [-53.0987, -29.9474],
            [-53.1209, -29.8958],
            [-53.0285, -29.554],
            [-53.2853, -29.4442],
            [-53.2273, -29.403],
            [-53.2425, -29.1992],
            [-53.2667, -29.1923],
            [-53.2435, -29.1717],
            [-53.257, -29.1668],
            [-53.2585, -29.1394],
            [-53.0977, -29.139],
            [-53.0631, -29.1818],
            [-53.0617, -29.1563],
            [-53.0423, -29.1634],
            [-53.0089, -29.1545],
            [-53.0114, -29.1385],
            [-52.9883, -29.1423],
            [-52.9868, -29.1569],
            [-52.9645, -29.1539],
            [-52.8838, -29.2057],
            [-52.8145, -29.3163],
            [-52.7405, -29.3349],
            [-52.674, -29.2331],
            [-52.4394, -29.2294],
            [-52.4251, -29.1469],
            [-52.2832, -29.1278],
            [-52.3037, -29.0038],
            [-52.2301, -28.9579],
            [-52.166, -28.8861],
            [-51.9888, -28.8896],
            [-52.0028, -28.9037],
            [-51.9136, -28.9479],
            [-51.8428, -28.9194],
            [-51.7813, -28.9363],
            [-51.7513, -28.9754],
            [-51.7103, -29.046],
            [-51.7307, -29.0848],
            [-51.7548, -29.2606],
            [-51.6995, -29.3057],
            [-51.7007, -29.323],
            [-51.6105, -29.4008],
            [-51.6079, -29.4112],
            [-51.5915, -29.4305],
            [-51.7935, -29.7203],
            [-51.7191, -29.7234],
            [-51.7164, -29.8607],
            [-51.8155, -29.8618],
            [-52.0144, -29.7361],
            [-52.0547, -29.9229],
            [-52.135, -29.9372],
            [-52.1771, -30.2769],
            [-52.1587, -30.4427],
            [-52.2996, -30.334],
            [-52.3495, -30.4345],
            [-52.4184, -30.548],
            [-52.3623, -30.6056],
            [-52.3423, -30.631],
            [-52.336, -30.6921],
            [-52.3754, -30.6871],
            [-52.4135, -30.6551],
            [-52.448, -30.6554],
            [-52.4188, -30.8545],
            [-52.4268, -30.9153],
            [-52.439, -30.8956]
          ]
        ]
      },
      "properties": { "cod_macro": "4308" }
    },
    {
      "type": "Feature",
      "geometry": {
        "type": "MultiPolygon",
        "coordinates": [
          [
            [
              [-55.0807, -31.2106],
              [-55.1479, -30.9806],
              [-55.0342, -30.8659],
              [-55.012, -30.7232],
              [-54.8438, -30.7355],
              [-54.7012, -30.5965],
              [-54.439, -30.6228],
              [-54.322, -30.7187],
              [-54.1573, -30.7779],
              [-53.9866, -30.6163],
              [-53.8589, -30.4763],
              [-53.8183, -30.519],
              [-53.7382, -30.57],
              [-53.8215, -30.7489],
              [-53.542, -30.9526],
              [-53.5195, -30.9332],
              [-53.4176, -30.9648],
              [-53.4134, -30.8048],
              [-53.2161, -30.7686],
              [-53.2135, -30.4509],
              [-53.1234, -30.6093],
              [-52.9977, -30.6666],
              [-52.9483, -30.7863],
              [-53.0129, -30.8927],
              [-52.926, -30.9252],
              [-52.7152, -30.8962],
              [-52.6346, -30.9652],
              [-52.439, -30.8956],
              [-52.4268, -30.9153],
              [-52.4188, -30.8545],
              [-52.448, -30.6554],
              [-52.4135, -30.6551],
              [-52.3754, -30.6871],
              [-52.336, -30.6921],
              [-52.3412, -30.711],
              [-52.3151, -30.724],
              [-52.2404, -30.7566],
              [-52.1263, -30.8752],
              [-52.2422, -30.8809],
              [-52.2434, -30.9851],
              [-52.059, -31.1626],
              [-51.9312, -31.111],
              [-51.9587, -31.0991],
              [-51.87, -31.0926],
              [-51.7782, -31.2162],
              [-51.8552, -31.3364],
              [-51.9871, -31.3945],
              [-52.0307, -31.6923],
              [-52.2258, -31.7519],
              [-52.2211, -31.8721],
              [-52.1121, -31.9502],
              [-52.0972, -32.1617],
              [-52.3172, -32.3798],
              [-52.4879, -32.8511],
              [-52.6239, -33.1042],
              [-52.7767, -33.2831],
              [-53.3699, -33.7438],
              [-53.5323, -33.6888],
              [-53.5078, -33.5311],
              [-53.4255, -33.4304],
              [-53.4697, -33.2601],
              [-53.3198, -33.0548],
              [-53.2602, -33.1074],
              [-53.1636, -32.9839],
              [-53.1239, -32.7938],
              [-52.9988, -32.8019],
              [-52.8832, -32.9039],
              [-52.7613, -32.8858],
              [-52.5863, -32.5316],
              [-52.6922, -32.309],
              [-52.6229, -32.1456],
              [-52.7278, -32.1561],
              [-52.8205, -32.3398],
              [-52.7242, -32.37],
              [-52.8024, -32.447],
              [-52.9877, -32.5106],
              [-53.0008, -32.5979],
              [-53.1764, -32.6585],
              [-53.4314, -32.566],
              [-53.4644, -32.4847],
              [-53.6449, -32.3843],
              [-53.6429, -32.2963],
              [-53.8498, -32.0006],
              [-54.0327, -31.8955],
              [-54.1006, -31.9281],
              [-54.4562, -31.6517],
              [-54.5865, -31.4566],
              [-54.8365, -31.4419],
              [-55.0807, -31.2106]
            ]
          ],
          [
            [
              [-51.2375, -31.4574],
              [-51.186, -31.5044],
              [-51.453, -31.7125],
              [-51.8599, -31.9397],
              [-52.0831, -32.1592],
              [-52.0047, -31.9449],
              [-52.097, -31.8347],
              [-51.9082, -31.8689],
              [-51.8407, -31.802],
              [-51.6561, -31.7649],
              [-51.4231, -31.4883],
              [-51.3569, -31.5316],
              [-51.2375, -31.4574]
            ]
          ]
        ]
      },
      "properties": { "cod_macro": "4309" }
    },
    {
      "type": "Feature",
      "geometry": {
        "type": "Polygon",
        "coordinates": [
          [
            [-51.6105, -29.4008],
            [-51.7007, -29.323],
            [-51.6995, -29.3057],
            [-51.7548, -29.2606],
            [-51.7307, -29.0848],
            [-51.7103, -29.046],
            [-51.7513, -28.9754],
            [-51.7813, -28.9363],
            [-51.8428, -28.9194],
            [-51.9136, -28.9479],
            [-52.0028, -28.9037],
            [-51.9888, -28.8896],
            [-52.0327, -28.8549],
            [-52.0685, -28.7474],
            [-51.9861, -28.7069],
            [-51.9852, -28.7634],
            [-51.8531, -28.7126],
            [-51.7764, -28.4617],
            [-51.6207, -28.4773],
            [-51.6098, -28.6789],
            [-51.4216, -28.6694],
            [-51.3334, -28.4082],
            [-51.3591, -28.4022],
            [-51.3887, -28.2959],
            [-51.2444, -28.1538],
            [-51.3437, -28.038],
            [-51.3831, -27.8461],
            [-51.2981, -27.7514],
            [-51.2741, -27.7499],
            [-51.2401, -27.779],
            [-51.1346, -27.8037],
            [-50.9257, -27.9694],
            [-50.9039, -28.0858],
            [-50.8198, -28.1404],
            [-50.7888, -28.1983],
            [-50.6285, -28.3646],
            [-50.537, -28.4297],
            [-50.3458, -28.4636],
            [-49.9894, -28.4572],
            [-49.9672, -28.4559],
            [-49.9525, -28.4503],
            [-49.9285, -28.4512],
            [-49.8636, -28.4628],
            [-49.8666, -28.4886],
            [-49.826, -28.4784],
            [-49.811, -28.4843],
            [-49.7823, -28.4967],
            [-49.7708, -28.4943],
            [-49.7268, -28.5173],
            [-49.7102, -28.6043],
            [-49.7574, -28.6154],
            [-49.7789, -28.6295],
            [-49.8392, -28.6665],
            [-49.9217, -28.7455],
            [-49.9506, -28.8021],
            [-49.9321, -28.8722],
            [-49.9745, -28.902],
            [-50.164, -28.8396],
            [-50.1818, -28.8861],
            [-50.2656, -28.9389],
            [-50.2283, -29.0461],
            [-50.1982, -29.1048],
            [-50.2406, -29.1023],
            [-50.3668, -29.1045],
            [-50.4315, -29.0755],
            [-50.4558, -29.0373],
            [-50.5619, -28.8869],
            [-50.6046, -28.8099],
            [-50.741, -28.799],
            [-50.7981, -28.7991],
            [-50.8501, -28.8329],
            [-50.7944, -28.8745],
            [-50.7838, -28.9792],
            [-50.8151, -29.0285],
            [-50.8304, -29.0647],
            [-50.9025, -29.0903],
            [-50.9143, -29.1193],
            [-50.8409, -29.1282],
            [-50.8539, -29.2634],
            [-50.6871, -29.3251],
            [-50.657, -29.4221],
            [-50.9103, -29.5016],
            [-50.9924, -29.3874],
            [-51.0125, -29.476],
            [-51.2224, -29.4828],
            [-51.3767, -29.5515],
            [-51.3981, -29.3516],
            [-51.5757, -29.3824],
            [-51.6105, -29.4008]
          ]
        ]
      },
      "properties": { "cod_macro": "4310" }
    },
    {
      "type": "Feature",
      "geometry": {
        "type": "Polygon",
        "coordinates": [
          [
            [-53.1829, -28.2043],
            [-53.4177, -28.1158],
            [-53.5124, -28.1461],
            [-53.5268, -28.0659],
            [-53.6877, -27.93],
            [-53.7868, -27.5774],
            [-53.8977, -27.5953],
            [-53.978, -27.5267],
            [-54.0681, -27.4601],
            [-54.0943, -27.4476],
            [-54.1172, -27.441],
            [-54.1844, -27.3933],
            [-54.1866, -27.2649],
            [-54.0824, -27.2989],
            [-53.9531, -27.1529],
            [-53.8699, -27.1252],
            [-53.8197, -27.1757],
            [-53.7703, -27.1487],
            [-53.7451, -27.1925],
            [-53.6678, -27.162],
            [-53.6501, -27.1788],
            [-53.6182, -27.1873],
            [-53.5044, -27.1356],
            [-53.3481, -27.12],
            [-53.2943, -27.1356],
            [-53.2417, -27.1716],
            [-53.0775, -27.1631],
            [-53.0767, -27.1078],
            [-53.0175, -27.099],
            [-53.0026, -27.1976],
            [-52.9698, -27.2162],
            [-52.9293, -27.2041],
            [-52.8426, -27.2102],
            [-52.6332, -27.2655],
            [-52.4832, -27.2672],
            [-52.3981, -27.2926],
            [-52.3858, -27.2535],
            [-52.3453, -27.2883],
            [-52.2965, -27.3181],
            [-52.2777, -27.3002],
            [-52.2411, -27.3043],
            [-52.1683, -27.2709],
            [-52.1143, -27.305],
            [-52.0078, -27.4039],
            [-51.9025, -27.4611],
            [-51.8754, -27.518],
            [-51.793, -27.5312],
            [-51.7535, -27.4872],
            [-51.7204, -27.5135],
            [-51.58, -27.5236],
            [-51.5874, -27.5656],
            [-51.5477, -27.5591],
            [-51.4768, -27.5988],
            [-51.4352, -27.6544],
            [-51.3703, -27.6721],
            [-51.2981, -27.7514],
            [-51.3831, -27.8461],
            [-51.3437, -28.038],
            [-51.2444, -28.1538],
            [-51.3887, -28.2959],
            [-51.3591, -28.4022],
            [-51.3334, -28.4082],
            [-51.4216, -28.6694],
            [-51.6098, -28.6789],
            [-51.6207, -28.4773],
            [-51.7764, -28.4617],
            [-51.8531, -28.7126],
            [-51.9852, -28.7634],
            [-51.9861, -28.7069],
            [-52.0685, -28.7474],
            [-52.0327, -28.8549],
            [-52.166, -28.8861],
            [-52.2301, -28.9579],
            [-52.3037, -29.0038],
            [-52.2832, -29.1278],
            [-52.4251, -29.1469],
            [-52.4394, -29.2294],
            [-52.674, -29.2331],
            [-52.7405, -29.3349],
            [-52.8145, -29.3163],
            [-52.8838, -29.2057],
            [-52.9984, -29.1422],
            [-52.9874, -29.1057],
            [-52.9484, -29.0958],
            [-52.8552, -29.0426],
            [-52.9772, -28.9471],
            [-53.1017, -28.9692],
            [-53.0819, -28.9838],
            [-53.1577, -28.9658],
            [-53.1321, -28.9623],
            [-53.1702, -28.9154],
            [-53.1464, -28.8635],
            [-53.1289, -28.879],
            [-53.0381, -28.7648],
            [-52.9256, -28.7298],
            [-52.9363, -28.6192],
            [-52.9321, -28.5728],
            [-52.9275, -28.5537],
            [-52.9375, -28.5242],
            [-52.9462, -28.4963],
            [-52.9474, -28.3386],
            [-53.092, -28.2775],
            [-53.135, -28.2862],
            [-53.1829, -28.2043]
          ]
        ]
      },
      "properties": { "cod_macro": "4311" }
    },
    {
      "type": "Feature",
      "geometry": {
        "type": "Polygon",
        "coordinates": [
          [
            [-55.323, -28.9595],
            [-55.3856, -28.976],
            [-55.4653, -29.0822],
            [-55.5046, -29.0007],
            [-55.9952, -28.9444],
            [-56.0759, -28.8576],
            [-56.2318, -28.9375],
            [-56.3233, -28.9247],
            [-56.2891, -28.7937],
            [-56.1881, -28.7723],
            [-56.0034, -28.5978],
            [-56.0112, -28.5069],
            [-55.884, -28.4792],
            [-55.8787, -28.3618],
            [-55.6952, -28.423],
            [-55.6704, -28.3344],
            [-55.7785, -28.2477],
            [-55.4426, -28.0943],
            [-55.3823, -27.9791],
            [-55.2027, -27.8579],
            [-55.0298, -27.8546],
            [-55.0827, -27.7969],
            [-54.9374, -27.7705],
            [-54.9066, -27.6419],
            [-54.8098, -27.53],
            [-54.7781, -27.5837],
            [-54.5249, -27.5062],
            [-54.4114, -27.4053],
            [-54.1844, -27.3933],
            [-54.1172, -27.441],
            [-54.0943, -27.4476],
            [-54.0681, -27.4601],
            [-53.978, -27.5267],
            [-53.8977, -27.5953],
            [-53.7868, -27.5774],
            [-53.6877, -27.93],
            [-53.5268, -28.0659],
            [-53.5124, -28.1461],
            [-53.4177, -28.1158],
            [-53.1829, -28.2043],
            [-53.135, -28.2862],
            [-53.092, -28.2775],
            [-52.9474, -28.3386],
            [-52.9462, -28.4963],
            [-52.9375, -28.5242],
            [-52.9275, -28.5537],
            [-52.9321, -28.5728],
            [-52.9363, -28.6192],
            [-52.9256, -28.7298],
            [-53.0381, -28.7648],
            [-53.1289, -28.879],
            [-53.1464, -28.8635],
            [-53.1702, -28.9154],
            [-53.1321, -28.9623],
            [-53.1577, -28.9658],
            [-53.0819, -28.9838],
            [-53.1017, -28.9692],
            [-52.9772, -28.9471],
            [-52.8552, -29.0426],
            [-52.9484, -29.0958],
            [-52.9844, -29.1029],
            [-52.988, -29.1234],
            [-52.999, -29.1169],
            [-52.9934, -29.1369],
            [-53.0117, -29.1388],
            [-53.0092, -29.1548],
            [-53.062, -29.1565],
            [-53.0639, -29.1818],
            [-53.0943, -29.1399],
            [-53.1226, -29.1468],
            [-53.1414, -29.1308],
            [-53.2759, -29.1457],
            [-53.3497, -29.1116],
            [-53.4624, -29.0759],
            [-53.5071, -29.0337],
            [-53.5296, -29.0068],
            [-53.5457, -29.0087],
            [-53.8078, -28.7962],
            [-53.9643, -28.9026],
            [-54.1349, -28.8826],
            [-54.3433, -28.9295],
            [-54.3777, -29.0045],
            [-54.4594, -28.876],
            [-54.5768, -28.8381],
            [-54.666, -28.7159],
            [-54.7906, -28.875],
            [-55.3206, -28.6553],
            [-55.437, -28.65],
            [-55.5316, -28.6864],
            [-55.5354, -28.7107],
            [-55.4972, -28.7315],
            [-55.323, -28.9595]
          ]
        ]
      },
      "properties": { "cod_macro": "4312" }
    },
    {
      "type": "Feature",
      "geometry": {
        "type": "Polygon",
        "coordinates": [
          [
            [-51.87, -31.0926],
            [-51.9587, -31.0991],
            [-51.9312, -31.111],
            [-52.059, -31.1626],
            [-52.2434, -30.9851],
            [-52.2422, -30.8809],
            [-52.1263, -30.8752],
            [-52.2404, -30.7566],
            [-52.3151, -30.724],
            [-52.3412, -30.711],
            [-52.3423, -30.631],
            [-52.3623, -30.6056],
            [-52.4184, -30.548],
            [-52.3495, -30.4345],
            [-52.2996, -30.334],
            [-52.1587, -30.4427],
            [-52.1771, -30.2769],
            [-52.135, -29.9372],
            [-52.0547, -29.9229],
            [-52.0144, -29.7361],
            [-51.8155, -29.8618],
            [-51.7164, -29.8607],
            [-51.7191, -29.7234],
            [-51.7935, -29.7203],
            [-51.5915, -29.4305],
            [-51.6079, -29.4112],
            [-51.5757, -29.3824],
            [-51.3981, -29.3516],
            [-51.3767, -29.5515],
            [-51.2224, -29.4828],
            [-51.0125, -29.476],
            [-50.9924, -29.3874],
            [-50.9103, -29.5016],
            [-50.657, -29.4221],
            [-50.6871, -29.3251],
            [-50.8539, -29.2634],
            [-50.8409, -29.1282],
            [-50.9143, -29.1193],
            [-50.9025, -29.0903],
            [-50.8304, -29.0647],
            [-50.8151, -29.0285],
            [-50.7838, -28.9792],
            [-50.7944, -28.8745],
            [-50.8501, -28.8329],
            [-50.7981, -28.7991],
            [-50.741, -28.799],
            [-50.6046, -28.8099],
            [-50.5619, -28.8869],
            [-50.4558, -29.0373],
            [-50.4315, -29.0755],
            [-50.3668, -29.1045],
            [-50.2406, -29.1023],
            [-50.1982, -29.1048],
            [-50.2283, -29.0461],
            [-50.2656, -28.9389],
            [-50.1818, -28.8861],
            [-50.164, -28.8396],
            [-49.9745, -28.902],
            [-49.9687, -28.9221],
            [-49.9626, -29.1175],
            [-50.0288, -29.1719],
            [-50.0152, -29.1867],
            [-50.0934, -29.1679],
            [-50.0572, -29.1579],
            [-50.0997, -29.1598],
            [-50.0913, -29.2198],
            [-50.084, -29.2138],
            [-50.047, -29.2172],
            [-50.0838, -29.2154],
            [-50.1127, -29.24],
            [-50.0933, -29.2128],
            [-50.1396, -29.1922],
            [-50.1287, -29.3036],
            [-50.123, -29.282],
            [-50.041, -29.3551],
            [-50.0512, -29.3241],
            [-50.1143, -29.2576],
            [-49.9455, -29.2014],
            [-49.8576, -29.2326],
            [-49.8435, -29.2778],
            [-49.7421, -29.2988],
            [-49.7301, -29.3171],
            [-49.7454, -29.328],
            [-49.7128, -29.3273],
            [-49.9116, -29.5908],
            [-50.0528, -29.8383],
            [-50.3401, -30.5112],
            [-50.7672, -31.1101],
            [-51.186, -31.5044],
            [-51.2375, -31.4574],
            [-51.1575, -31.2847],
            [-51.1678, -31.0627],
            [-50.9806, -31.0411],
            [-50.9668, -30.8961],
            [-50.7445, -30.8123],
            [-50.6795, -30.6092],
            [-50.7295, -30.3681],
            [-50.5931, -30.4003],
            [-50.5378, -30.2739],
            [-50.6589, -30.1999],
            [-50.6732, -30.2966],
            [-50.9221, -30.3322],
            [-50.93, -30.4358],
            [-51.0687, -30.355],
            [-51.3142, -30.0812],
            [-51.2953, -30.3029],
            [-51.2107, -30.2979],
            [-51.1358, -30.4368],
            [-51.2449, -30.4428],
            [-51.3177, -30.6482],
            [-51.4058, -30.7568],
            [-51.369, -30.8744],
            [-51.5002, -30.9277],
            [-51.4418, -31.0881],
            [-51.623, -31.1447],
            [-51.6167, -31.2677],
            [-51.8118, -31.2857],
            [-51.7782, -31.2162],
            [-51.87, -31.0926]
          ]
        ]
      },
      "properties": { "cod_macro": "4313" }
    },
    {
      "type": "Feature",
      "geometry": {
        "type": "Polygon",
        "coordinates": [
          [
            [-56.3233, -28.9247],
            [-56.2318, -28.9375],
            [-56.0759, -28.8576],
            [-55.9952, -28.9444],
            [-55.5046, -29.0007],
            [-55.4653, -29.0822],
            [-55.3856, -28.976],
            [-55.323, -28.9595],
            [-55.4972, -28.7315],
            [-55.5354, -28.7107],
            [-55.5316, -28.6864],
            [-55.437, -28.65],
            [-55.3206, -28.6553],
            [-54.7906, -28.875],
            [-54.666, -28.7159],
            [-54.5768, -28.8381],
            [-54.4594, -28.876],
            [-54.3777, -29.0045],
            [-54.3433, -28.9295],
            [-54.1349, -28.8826],
            [-53.9643, -28.9026],
            [-53.8078, -28.7962],
            [-53.5457, -29.0087],
            [-53.5296, -29.0068],
            [-53.5071, -29.0337],
            [-53.4624, -29.0759],
            [-53.3497, -29.1116],
            [-53.2614, -29.1443],
            [-53.2666, -29.1907],
            [-53.2425, -29.1992],
            [-53.2273, -29.403],
            [-53.2853, -29.4442],
            [-53.0285, -29.554],
            [-53.1209, -29.8958],
            [-53.0987, -29.9474],
            [-53.1644, -29.9925],
            [-53.4854, -30.2904],
            [-53.5166, -30.3972],
            [-53.656, -30.4323],
            [-53.7118, -30.483],
            [-53.8183, -30.519],
            [-53.9866, -30.6163],
            [-54.1573, -30.7779],
            [-54.322, -30.7187],
            [-54.439, -30.6228],
            [-54.7012, -30.5965],
            [-54.8438, -30.7355],
            [-55.012, -30.7232],
            [-55.0342, -30.8659],
            [-55.1479, -30.9806],
            [-55.0807, -31.2106],
            [-55.0574, -31.3317],
            [-55.2401, -31.2606],
            [-55.3739, -31.0191],
            [-55.5459, -30.8905],
            [-55.6578, -30.8638],
            [-55.6662, -30.954],
            [-55.8824, -31.0773],
            [-56.0111, -31.0816],
            [-55.9896, -30.859],
            [-56.023, -30.7861],
            [-56.2922, -30.5205],
            [-56.5461, -30.3606],
            [-56.5416, -30.3131],
            [-56.7765, -30.1634],
            [-56.8242, -30.0956],
            [-57.0691, -30.0856],
            [-57.2203, -30.2893],
            [-57.3924, -30.3047],
            [-57.5663, -30.2591],
            [-57.6484, -30.1849],
            [-57.5256, -30.1514],
            [-57.3281, -29.972],
            [-57.3246, -29.8728],
            [-57.2354, -29.7808],
            [-57.1319, -29.7702],
            [-56.7, -29.3564],
            [-56.5888, -29.1198],
            [-56.416, -29.069],
            [-56.3233, -28.9247]
          ]
        ]
      },
      "properties": { "cod_macro": "4314" }
    },
    {
      "type": "Feature",
      "geometry": {
        "type": "Polygon",
        "coordinates": [
          [
            [-56.2976, -20.5755],
            [-56.3952, -20.4787],
            [-56.389, -20.3334],
            [-56.6806, -20.3577],
            [-56.7796, -20.4172],
            [-56.826, -20.2713],
            [-56.9471, -20.187],
            [-57.0455, -20.2813],
            [-57.307, -20.2015],
            [-57.4938, -20.5281],
            [-57.4494, -20.5744],
            [-57.6054, -20.6265],
            [-57.7818, -20.7917],
            [-57.8289, -20.8523],
            [-57.8119, -20.8609],
            [-57.8636, -20.9488],
            [-57.9289, -20.8952],
            [-57.8579, -20.8509],
            [-57.9879, -20.6996],
            [-57.9981, -20.437],
            [-58.084, -20.3722],
            [-58.1686, -20.1658],
            [-57.8591, -19.9717],
            [-58.1314, -19.7594],
            [-57.7833, -19.0351],
            [-57.7104, -19.0347],
            [-57.7667, -18.8995],
            [-57.5583, -18.2407],
            [-57.4538, -18.2308],
            [-57.5741, -18.1316],
            [-57.7214, -17.829],
            [-57.7113, -17.7287],
            [-57.8004, -17.5595],
            [-57.7536, -17.5672],
            [-57.731, -17.5298],
            [-57.7121, -17.5431],
            [-57.6969, -17.6206],
            [-57.6688, -17.6719],
            [-57.6636, -17.7299],
            [-57.5191, -17.8617],
            [-57.3765, -17.8258],
            [-57.3081, -17.8108],
            [-57.2326, -17.8124],
            [-57.1156, -17.7811],
            [-57.0739, -17.7355],
            [-57.0449, -17.7303],
            [-57.0334, -17.6947],
            [-56.9591, -17.6128],
            [-56.9814, -17.611],
            [-56.9824, -17.5802],
            [-56.876, -17.533],
            [-56.7339, -17.3099],
            [-56.4423, -17.3313],
            [-56.1123, -17.1663],
            [-56.051, -17.1869],
            [-56.0055, -17.2042],
            [-56.0086, -17.2142],
            [-55.9887, -17.2415],
            [-55.9519, -17.2502],
            [-55.9263, -17.2579],
            [-55.8865, -17.2639],
            [-55.8748, -17.2686],
            [-55.8419, -17.3012],
            [-55.828, -17.3066],
            [-55.7876, -17.3286],
            [-55.7612, -17.3235],
            [-55.7091, -17.3376],
            [-55.6263, -17.364],
            [-55.5871, -17.4217],
            [-55.5241, -17.4812],
            [-55.2944, -17.5417],
            [-55.1706, -17.6408],
            [-55.139, -17.6478],
            [-55.399, -18.5821],
            [-55.5279, -18.9404],
            [-55.7008, -19.0864],
            [-55.8267, -19.3399],
            [-55.9718, -19.4659],
            [-55.9731, -19.2789],
            [-56.5802, -19.2774],
            [-56.6189, -19.5136],
            [-56.8661, -19.6203],
            [-56.9836, -19.6443],
            [-56.8108, -19.7876],
            [-56.6982, -19.7659],
            [-56.6305, -19.8338],
            [-56.495, -19.8169],
            [-56.2605, -19.9882],
            [-56.1922, -20.3304],
            [-56.1484, -20.36],
            [-56.1072, -20.3771],
            [-56.1826, -20.4359],
            [-56.1319, -20.6138],
            [-56.1843, -20.6322],
            [-56.2481, -20.6363],
            [-56.2771, -20.6206],
            [-56.2976, -20.5755]
          ]
        ]
      },
      "properties": { "cod_macro": "5009" }
    },
    {
      "type": "Feature",
      "geometry": {
        "type": "Polygon",
        "coordinates": [
          [
            [-57.8119, -20.8609],
            [-57.8289, -20.8523],
            [-57.7818, -20.7917],
            [-57.6054, -20.6265],
            [-57.4494, -20.5744],
            [-57.4938, -20.5281],
            [-57.307, -20.2015],
            [-57.0455, -20.2813],
            [-56.9471, -20.187],
            [-56.826, -20.2713],
            [-56.7796, -20.4172],
            [-56.6806, -20.3577],
            [-56.389, -20.3334],
            [-56.3952, -20.4787],
            [-56.2976, -20.5755],
            [-56.2771, -20.6206],
            [-56.2481, -20.6363],
            [-56.1843, -20.6322],
            [-56.1319, -20.6138],
            [-56.1826, -20.4359],
            [-56.1072, -20.3771],
            [-56.1484, -20.36],
            [-56.1922, -20.3304],
            [-56.2605, -19.9882],
            [-56.495, -19.8169],
            [-56.6305, -19.8338],
            [-56.6982, -19.7659],
            [-56.8108, -19.7876],
            [-56.9836, -19.6443],
            [-56.8661, -19.6203],
            [-56.6189, -19.5136],
            [-56.5802, -19.2774],
            [-55.9731, -19.2789],
            [-55.9718, -19.4659],
            [-55.8267, -19.3399],
            [-55.7008, -19.0864],
            [-55.5279, -18.9404],
            [-55.399, -18.5821],
            [-55.1394, -17.6478],
            [-55.1181, -17.6488],
            [-55.0984, -17.6275],
            [-55.0638, -17.6425],
            [-54.8609, -17.6239],
            [-54.7469, -17.5199],
            [-54.5817, -17.468],
            [-54.2745, -17.654],
            [-54.1788, -17.6029],
            [-54.0847, -17.619],
            [-54.0516, -17.5628],
            [-54.0581, -17.5131],
            [-54.0376, -17.4864],
            [-53.9522, -17.4593],
            [-53.8784, -17.3752],
            [-53.8201, -17.2946],
            [-53.6801, -17.2536],
            [-53.7046, -17.6635],
            [-53.8559, -17.7027],
            [-53.9544, -17.8686],
            [-53.8601, -17.9212],
            [-53.6922, -18.0137],
            [-53.6161, -17.9762],
            [-53.4861, -18.0404],
            [-53.439, -17.9839],
            [-53.2992, -17.9955],
            [-53.2226, -18.1311],
            [-53.3313, -18.2348],
            [-53.4551, -18.2692],
            [-53.4362, -18.3848],
            [-53.5806, -18.4372],
            [-53.3453, -18.7754],
            [-53.4886, -18.8375],
            [-53.3397, -19.0501],
            [-53.4434, -19.1784],
            [-53.6079, -19.1833],
            [-53.6378, -19.2668],
            [-53.4774, -19.6026],
            [-53.4882, -19.6909],
            [-53.1799, -20.0593],
            [-53.0699, -20.2986],
            [-52.8686, -20.4543],
            [-52.8171, -20.5414],
            [-52.9649, -20.6454],
            [-53.1674, -20.6887],
            [-53.1756, -20.823],
            [-53.2942, -20.953],
            [-53.1407, -21.1405],
            [-53.0522, -21.4083],
            [-53.0406, -21.4998],
            [-53.0227, -21.5045],
            [-52.9973, -21.6325],
            [-53.0299, -21.6073],
            [-53.043, -21.6162],
            [-53.1386, -21.5751],
            [-53.2088, -21.5708],
            [-53.3391, -21.5975],
            [-53.4288, -21.5525],
            [-53.5783, -21.6098],
            [-53.67, -21.552],
            [-53.8207, -21.5452],
            [-53.8483, -21.5669],
            [-53.9809, -21.5374],
            [-54.1954, -21.3396],
            [-54.3459, -21.1031],
            [-54.3767, -21.1059],
            [-54.3926, -21.0613],
            [-54.4164, -21.0533],
            [-54.4082, -21.0422],
            [-54.4285, -21.0231],
            [-54.5068, -20.9941],
            [-54.4822, -21.1225],
            [-54.5162, -21.2095],
            [-54.7701, -21.3781],
            [-54.8926, -21.3377],
            [-55.0134, -21.4846],
            [-55.0256, -21.6111],
            [-54.8277, -21.8268],
            [-54.8458, -21.8448],
            [-54.8793, -21.8241],
            [-54.9622, -21.8092],
            [-54.9845, -21.8238],
            [-55.0112, -21.887],
            [-55.1504, -21.9213],
            [-55.2526, -21.9229],
            [-55.4101, -21.8961],
            [-55.7101, -21.7545],
            [-55.842, -21.6463],
            [-55.8847, -21.6842],
            [-55.8829, -21.6575],
            [-55.8957, -21.6708],
            [-55.9138, -21.6428],
            [-55.9313, -21.6772],
            [-55.9467, -21.6366],
            [-55.9744, -21.6554],
            [-55.9227, -21.7109],
            [-55.8992, -21.7123],
            [-55.971, -21.8011],
            [-55.8943, -21.8111],
            [-55.934, -21.8215],
            [-55.9339, -21.8525],
            [-55.9279, -21.8662],
            [-55.981, -21.8788],
            [-56.0121, -21.8782],
            [-55.988, -21.9191],
            [-55.9761, -21.9262],
            [-56.0745, -21.9458],
            [-56.0595, -21.9543],
            [-56.0332, -22.0186],
            [-56.0603, -22.0256],
            [-56.0173, -22.0936],
            [-56.1374, -22.1524],
            [-56.2898, -22.161],
            [-56.3937, -22.0744],
            [-56.5185, -22.1109],
            [-56.6419, -22.2439],
            [-56.8424, -22.3016],
            [-56.9967, -22.2225],
            [-57.3202, -22.2456],
            [-57.5808, -22.1753],
            [-57.6126, -22.0946],
            [-57.801, -22.1509],
            [-57.9951, -22.0887],
            [-57.9141, -21.8851],
            [-57.9716, -21.8484],
            [-57.8832, -21.6891],
            [-57.9684, -21.5278],
            [-57.8537, -21.3321],
            [-57.8686, -21.0462],
            [-57.8119, -20.8609]
          ]
        ]
      },
      "properties": { "cod_macro": "5010" }
    },
    {
      "type": "Feature",
      "geometry": {
        "type": "Polygon",
        "coordinates": [
          [
            [-56.2898, -22.161],
            [-56.1374, -22.1524],
            [-56.0173, -22.0936],
            [-56.0603, -22.0256],
            [-56.0332, -22.0186],
            [-56.0595, -21.9543],
            [-56.0745, -21.9458],
            [-55.9761, -21.9262],
            [-55.988, -21.9191],
            [-56.0121, -21.8782],
            [-55.981, -21.8788],
            [-55.9279, -21.8662],
            [-55.9339, -21.8525],
            [-55.934, -21.8215],
            [-55.8943, -21.8111],
            [-55.971, -21.8011],
            [-55.8992, -21.7123],
            [-55.9227, -21.7109],
            [-55.9744, -21.6554],
            [-55.9467, -21.6366],
            [-55.9313, -21.6772],
            [-55.9138, -21.6428],
            [-55.8957, -21.6708],
            [-55.8829, -21.6575],
            [-55.8847, -21.6842],
            [-55.842, -21.6463],
            [-55.7101, -21.7545],
            [-55.4101, -21.8961],
            [-55.3639, -21.8794],
            [-55.2273, -21.9259],
            [-55.0346, -21.8994],
            [-55.0016, -21.8799],
            [-54.9811, -21.82],
            [-54.946, -21.8056],
            [-54.8277, -21.8268],
            [-55.0256, -21.6111],
            [-55.0134, -21.4846],
            [-54.8926, -21.3377],
            [-54.7701, -21.3781],
            [-54.5162, -21.2095],
            [-54.4822, -21.1225],
            [-54.5089, -21.0095],
            [-54.4989, -20.9939],
            [-54.426, -21.0251],
            [-54.3766, -21.106],
            [-54.3459, -21.1031],
            [-54.1954, -21.3396],
            [-53.9809, -21.5374],
            [-53.8483, -21.5669],
            [-53.8207, -21.5452],
            [-53.67, -21.552],
            [-53.5783, -21.6098],
            [-53.4288, -21.5525],
            [-53.3391, -21.5975],
            [-53.2088, -21.5708],
            [-53.1391, -21.5751],
            [-53.1195, -21.5927],
            [-53.0823, -21.5886],
            [-53.0251, -21.6155],
            [-53.0398, -21.6233],
            [-53.0365, -21.6898],
            [-53.0809, -21.7994],
            [-53.0761, -21.837],
            [-52.8711, -21.8798],
            [-52.6338, -21.8321],
            [-52.6082, -21.9165],
            [-52.4476, -22.0356],
            [-52.3695, -22.0644],
            [-52.4877, -22.2172],
            [-52.7458, -22.3433],
            [-53.0144, -22.5207],
            [-53.1052, -22.6219],
            [-53.1889, -22.7219],
            [-53.3595, -22.7796],
            [-53.5419, -22.8862],
            [-53.6346, -23.0007],
            [-53.6366, -23.125],
            [-53.7755, -23.3751],
            [-53.9866, -23.4648],
            [-54.0805, -23.7809],
            [-54.1297, -23.9821],
            [-54.2893, -24.0684],
            [-54.4401, -23.9043],
            [-54.6695, -23.8125],
            [-55.0623, -23.9933],
            [-55.229, -24.014],
            [-55.4029, -23.9742],
            [-55.4463, -23.9169],
            [-55.4363, -23.7168],
            [-55.5399, -23.6252],
            [-55.5621, -23.4762],
            [-55.5045, -23.3785],
            [-55.5559, -23.3163],
            [-55.5419, -23.1561],
            [-55.5968, -23.1526],
            [-55.6659, -22.8525],
            [-55.6144, -22.6551],
            [-55.7371, -22.5279],
            [-55.7467, -22.3841],
            [-55.8533, -22.2803],
            [-56.2091, -22.2782],
            [-56.3462, -22.188],
            [-56.2898, -22.161]
          ]
        ]
      },
      "properties": { "cod_macro": "5011" }
    },
    {
      "type": "Feature",
      "geometry": {
        "type": "Polygon",
        "coordinates": [
          [
            [-52.1906, -21.8461],
            [-52.3088, -21.9519],
            [-52.3454, -22.062],
            [-52.3695, -22.0644],
            [-52.4476, -22.0356],
            [-52.6082, -21.9165],
            [-52.6338, -21.8321],
            [-52.8711, -21.8798],
            [-53.0761, -21.837],
            [-53.0807, -21.7986],
            [-53.0365, -21.6897],
            [-53.0397, -21.623],
            [-52.996, -21.6278],
            [-53.0224, -21.5056],
            [-53.0406, -21.4998],
            [-53.0522, -21.4083],
            [-53.1407, -21.1405],
            [-53.2942, -20.953],
            [-53.1756, -20.823],
            [-53.1674, -20.6887],
            [-52.9649, -20.6454],
            [-52.8171, -20.5414],
            [-52.8686, -20.4543],
            [-53.0699, -20.2986],
            [-53.1799, -20.0593],
            [-53.4882, -19.6909],
            [-53.4774, -19.6026],
            [-53.6378, -19.2668],
            [-53.6079, -19.1833],
            [-53.4434, -19.1784],
            [-53.3397, -19.0501],
            [-53.4886, -18.8375],
            [-53.3453, -18.7754],
            [-53.5806, -18.4372],
            [-53.4362, -18.3848],
            [-53.4551, -18.2692],
            [-53.3313, -18.2348],
            [-53.2226, -18.1311],
            [-53.1768, -18.0416],
            [-53.0723, -18.034],
            [-53.0786, -18.053],
            [-53.1237, -18.0588],
            [-53.0699, -18.3429],
            [-53.0139, -18.3261],
            [-52.9478, -18.2961],
            [-52.7593, -18.3481],
            [-52.9624, -18.5408],
            [-52.9399, -18.6133],
            [-52.746, -18.6924],
            [-52.6324, -18.6956],
            [-52.5465, -18.6566],
            [-52.4541, -18.6884],
            [-52.3335, -18.8293],
            [-52.1831, -18.8476],
            [-52.1108, -18.8987],
            [-52.0436, -18.9507],
            [-51.6577, -19.1377],
            [-51.4205, -19.1661],
            [-51.1802, -19.2829],
            [-51.0455, -19.3434],
            [-50.9853, -19.4314],
            [-50.9244, -19.5809],
            [-50.9876, -19.5895],
            [-51.0459, -19.7291],
            [-50.9995, -19.9064],
            [-51.0005, -20.0854],
            [-51.0589, -20.2352],
            [-51.137, -20.2975],
            [-51.2957, -20.3285],
            [-51.3427, -20.3547],
            [-51.4093, -20.4596],
            [-51.5002, -20.5682],
            [-51.6349, -20.7548],
            [-51.6135, -20.8901],
            [-51.7222, -20.9768],
            [-51.7685, -21.0365],
            [-51.7897, -21.1021],
            [-51.8796, -21.1994],
            [-51.8485, -21.2666],
            [-51.9287, -21.4558],
            [-52.062, -21.5033],
            [-52.0507, -21.6658],
            [-52.1029, -21.7453],
            [-52.1906, -21.8461]
          ]
        ]
      },
      "properties": { "cod_macro": "5012" }
    },
    {
      "type": "Feature",
      "geometry": {
        "type": "Polygon",
        "coordinates": [
          [
            [-54.1788, -17.6029],
            [-54.2745, -17.654],
            [-54.5817, -17.468],
            [-54.7469, -17.5199],
            [-54.8609, -17.6239],
            [-55.0638, -17.6425],
            [-55.1088, -17.6287],
            [-55.1706, -17.6408],
            [-55.2944, -17.5417],
            [-55.5241, -17.4812],
            [-55.5871, -17.4217],
            [-55.5924, -17.3532],
            [-55.4121, -17.3573],
            [-55.3555, -17.3346],
            [-55.2084, -17.2695],
            [-55.0283, -17.1028],
            [-54.9185, -17.0917],
            [-54.9325, -17.0157],
            [-54.9061, -16.9664],
            [-54.9196, -16.9063],
            [-54.919, -16.8789],
            [-54.9113, -16.7882],
            [-54.9358, -16.7753],
            [-54.9358, -16.7528],
            [-54.9591, -16.7047],
            [-54.9482, -16.683],
            [-54.9963, -16.6813],
            [-54.9365, -16.5349],
            [-55.057, -16.4473],
            [-55.2001, -16.4535],
            [-55.2553, -16.1726],
            [-55.3674, -16.3098],
            [-55.3941, -16.3135],
            [-55.5191, -16.309],
            [-55.4749, -16.1796],
            [-55.3499, -16.0191],
            [-55.3756, -16.014],
            [-55.3729, -15.9813],
            [-55.4033, -15.991],
            [-55.4333, -15.9657],
            [-55.3844, -15.8842],
            [-55.3191, -15.8732],
            [-55.3094, -15.8879],
            [-55.3023, -15.8545],
            [-55.3622, -15.8137],
            [-55.4105, -15.8199],
            [-55.3557, -15.6096],
            [-55.4427, -15.6121],
            [-55.4035, -15.5092],
            [-55.303, -15.5163],
            [-55.266, -15.4031],
            [-55.3338, -15.3531],
            [-55.1692, -15.2055],
            [-55.0966, -15.1047],
            [-54.9458, -15.0708],
            [-54.8443, -15.0669],
            [-54.6563, -14.917],
            [-54.4983, -14.863],
            [-54.5283, -14.7796],
            [-54.3375, -14.7328],
            [-54.3305, -14.6401],
            [-54.4569, -14.4753],
            [-54.777, -14.3196],
            [-54.8416, -14.2611],
            [-54.8505, -14.2292],
            [-54.8678, -14.1783],
            [-54.9268, -14.0916],
            [-54.9065, -13.9711],
            [-55.0056, -13.799],
            [-54.8638, -13.7757],
            [-54.76, -13.8706],
            [-54.6411, -13.7919],
            [-54.678, -13.6281],
            [-54.6283, -13.4062],
            [-54.5541, -13.3389],
            [-54.3222, -12.8837],
            [-54.3505, -12.7579],
            [-54.2994, -12.5742],
            [-54.169, -12.4887],
            [-54.132, -12.35],
            [-53.9698, -12.2133],
            [-53.8727, -12.2349],
            [-53.6181, -11.9598],
            [-53.5476, -11.9486],
            [-53.5224, -12.0138],
            [-53.6017, -12.2119],
            [-53.7282, -12.4015],
            [-53.7963, -12.5264],
            [-53.8274, -12.7479],
            [-53.8698, -12.8346],
            [-53.9963, -13.0142],
            [-54.0066, -13.3599],
            [-54.0469, -13.6351],
            [-54.077, -13.7838],
            [-54.0129, -13.814],
            [-53.9979, -13.7906],
            [-53.9175, -13.7425],
            [-53.7752, -13.5783],
            [-53.6309, -13.4754],
            [-53.721, -13.7316],
            [-53.6128, -13.7793],
            [-53.4731, -13.6531],
            [-53.224, -13.7749],
            [-53.3635, -14.1416],
            [-53.4549, -14.264],
            [-53.4672, -14.4035],
            [-53.3509, -14.5786],
            [-53.4012, -14.7257],
            [-53.2917, -14.8628],
            [-53.5668, -14.9608],
            [-53.7342, -15.133],
            [-53.9435, -15.112],
            [-53.9496, -15.2468],
            [-53.8221, -15.2616],
            [-53.733, -15.3433],
            [-53.9077, -15.4887],
            [-53.9379, -15.6229],
            [-53.8529, -15.8263],
            [-53.7661, -15.8854],
            [-53.7772, -15.7213],
            [-53.6301, -15.7181],
            [-53.4433, -15.5731],
            [-53.2518, -15.5932],
            [-53.1591, -15.7253],
            [-53.0412, -15.7378],
            [-53.0779, -15.9098],
            [-53.0645, -16.0753],
            [-52.9786, -16.1455],
            [-53.1421, -16.2226],
            [-53.1471, -16.3919],
            [-53.2104, -16.4751],
            [-52.995, -16.7574],
            [-52.9362, -16.7684],
            [-52.914, -16.8127],
            [-52.9443, -16.812],
            [-52.9529, -16.8409],
            [-53.0144, -16.8616],
            [-53.0554, -17.0706],
            [-53.1183, -17.1132],
            [-53.1567, -17.1707],
            [-53.1652, -17.2209],
            [-53.1968, -17.3798],
            [-53.2235, -17.4586],
            [-53.2424, -17.5037],
            [-53.2357, -17.5876],
            [-53.2486, -17.6303],
            [-53.2351, -17.7136],
            [-53.1641, -17.7655],
            [-53.1266, -17.9154],
            [-53.0713, -17.9659],
            [-53.0723, -18.034],
            [-53.1768, -18.0416],
            [-53.2992, -17.9955],
            [-53.439, -17.9839],
            [-53.4861, -18.0404],
            [-53.6161, -17.9762],
            [-53.6922, -18.0137],
            [-53.8601, -17.9212],
            [-53.9544, -17.8686],
            [-53.8559, -17.7027],
            [-53.7046, -17.6635],
            [-53.6801, -17.2536],
            [-53.8201, -17.2946],
            [-53.8784, -17.3752],
            [-53.9522, -17.4593],
            [-54.0325, -17.4818],
            [-54.0576, -17.5188],
            [-54.0459, -17.5372],
            [-54.0764, -17.6157],
            [-54.1342, -17.6187],
            [-54.1788, -17.6029]
          ]
        ]
      },
      "properties": { "cod_macro": "5101" }
    },
    {
      "type": "Feature",
      "geometry": {
        "type": "MultiPolygon",
        "coordinates": [
          [
            [
              [-60.7168, -13.6822],
              [-60.6322, -13.5717],
              [-60.432, -13.4884],
              [-60.365, -13.2999],
              [-60.2685, -13.145],
              [-60.283, -13.0806],
              [-60.1172, -12.9596],
              [-60.0587, -12.7862],
              [-60.065, -12.6708],
              [-59.8442, -12.4672],
              [-59.8425, -12.4248],
              [-59.7929, -12.3458],
              [-59.7089, -12.31],
              [-59.3352, -12.2799],
              [-59.1637, -12.3681],
              [-59.0487, -12.2538],
              [-58.8692, -12.2134],
              [-58.8538, -12.4368],
              [-58.9118, -12.5009],
              [-58.9522, -12.7099],
              [-58.9151, -12.917],
              [-58.9594, -13.1246],
              [-59.0375, -13.2432],
              [-58.9983, -13.4388],
              [-59.036, -13.5924],
              [-58.9788, -13.8435],
              [-59.0452, -13.9866],
              [-59.1041, -14.2305],
              [-59.0567, -14.3112],
              [-59.0763, -14.6584],
              [-59.0544, -14.6532],
              [-58.9646, -14.5859],
              [-58.7567, -14.5937],
              [-58.7833, -14.8084],
              [-58.8542, -15.0001],
              [-58.7223, -15],
              [-58.4907, -14.6853],
              [-58.3693, -14.7786],
              [-58.228, -14.77],
              [-58.2355, -14.9123],
              [-58.1279, -14.8898],
              [-58.0177, -15.0002],
              [-57.7309, -15.0002],
              [-57.6997, -15.0286],
              [-57.6389, -15.1545],
              [-57.6259, -15.1744],
              [-57.5722, -15.4058],
              [-57.4854, -15.5696],
              [-57.506, -15.7225],
              [-57.4504, -15.7548],
              [-57.404, -15.7188],
              [-57.35, -15.7245],
              [-57.3074, -15.7778],
              [-57.3143, -15.8073],
              [-57.28, -15.8316],
              [-57.2186, -15.795],
              [-57.2332, -15.8152],
              [-57.2248, -15.8509],
              [-57.0079, -15.7438],
              [-57.0075, -15.8037],
              [-57.1535, -16.0008],
              [-57.0806, -16.2146],
              [-57.0758, -16.4199],
              [-57.1712, -16.4417],
              [-57.1885, -16.5284],
              [-57.4012, -16.6331],
              [-57.363, -16.8248],
              [-57.425, -16.9684],
              [-57.4028, -16.9629],
              [-57.3722, -16.9921],
              [-57.3917, -17.0039],
              [-57.3393, -17.3145],
              [-57.3431, -17.3316],
              [-57.5161, -17.5331],
              [-57.5044, -17.5497],
              [-57.6318, -17.6193],
              [-57.6927, -17.627],
              [-57.7189, -17.5365],
              [-57.7401, -17.5363],
              [-57.7523, -17.5645],
              [-57.8834, -17.4495],
              [-57.9964, -17.5156],
              [-58.1516, -17.3847],
              [-58.2544, -17.3538],
              [-58.3989, -17.184],
              [-58.394, -17.015],
              [-58.4768, -16.9367],
              [-58.4362, -16.5929],
              [-58.3342, -16.4903],
              [-58.3222, -16.2664],
              [-58.4306, -16.3227],
              [-60.1741, -16.2669],
              [-60.2395, -15.4746],
              [-60.5757, -15.0975],
              [-60.245, -15.0975],
              [-60.2733, -14.621],
              [-60.4541, -14.3133],
              [-60.4806, -14.0958],
              [-60.4054, -14.0306],
              [-60.465, -13.7993],
              [-60.7168, -13.6822]
            ]
          ],
          [
            [
              [-60.4601, -10.9899],
              [-61.5503, -10.9861],
              [-61.5195, -10.9497],
              [-61.4618, -10.4199],
              [-61.5162, -10.3344],
              [-61.5517, -10.1978],
              [-61.5844, -10.0596],
              [-61.5559, -10.039],
              [-61.4298, -10],
              [-61.2791, -10.0039],
              [-61.2306, -9.9576],
              [-61.1279, -10.0495],
              [-60.8768, -9.7724],
              [-60.7132, -9.7138],
              [-60.6784, -9.6438],
              [-60.6392, -9.6711],
              [-60.6725, -9.7958],
              [-60.6735, -9.8408],
              [-60.6583, -9.8912],
              [-60.6316, -9.959],
              [-60.6396, -9.9825],
              [-60.6392, -10.0406],
              [-60.6374, -10.2932],
              [-60.5243, -10.4694],
              [-60.5174, -10.6416],
              [-60.481, -10.7171],
              [-60.4434, -10.7145],
              [-60.4299, -10.8159],
              [-60.4341, -10.9333],
              [-60.4601, -10.9899]
            ]
          ]
        ]
      },
      "properties": { "cod_macro": "5102" }
    },
    {
      "type": "Feature",
      "geometry": {
        "type": "Polygon",
        "coordinates": [
          [
            [-55.7146, -14.1172],
            [-55.8577, -14.1578],
            [-55.8844, -14.1764],
            [-55.9096, -14.1812],
            [-55.9709, -14.1953],
            [-55.9815, -14.2157],
            [-56.0583, -14.1439],
            [-56.1552, -14.1604],
            [-56.2159, -14.1538],
            [-56.3078, -14.0177],
            [-56.3799, -13.8683],
            [-56.3974, -13.825],
            [-56.3833, -13.7239],
            [-56.4177, -13.5877],
            [-56.5838, -13.4064],
            [-56.6122, -13.3485],
            [-56.6779, -13.2199],
            [-56.7445, -13.1001],
            [-56.741, -13.0324],
            [-56.7134, -12.996],
            [-56.8452, -12.6784],
            [-56.903, -12.6299],
            [-56.9739, -12.3027],
            [-57.1339, -12.0515],
            [-57.1979, -11.8439],
            [-57.3083, -11.7552],
            [-57.3689, -11.7433],
            [-57.4367, -11.9088],
            [-57.4034, -12.1006],
            [-57.5617, -12.0717],
            [-57.6509, -12.1385],
            [-57.7494, -12.1741],
            [-57.8444, -12.1143],
            [-57.863, -11.987],
            [-58.0765, -11.6911],
            [-58.0763, -11.5989],
            [-58.1801, -11.4977],
            [-58.1278, -11.2807],
            [-58.2581, -11.1897],
            [-58.2514, -11.0504],
            [-58.3491, -10.936],
            [-58.3313, -10.7956],
            [-58.382, -10.6234],
            [-58.4193, -10.5673],
            [-58.3375, -10.4366],
            [-58.3577, -10.2671],
            [-58.294, -10.1042],
            [-58.2338, -9.9517],
            [-58.2269, -9.8881],
            [-58.1952, -9.8449],
            [-58.1955, -9.8033],
            [-58.2221, -9.7087],
            [-58.2608, -9.6504],
            [-58.2577, -9.5084],
            [-58.2872, -9.4498],
            [-58.4899, -9.4077],
            [-58.5493, -9.3674],
            [-58.6536, -9.203],
            [-58.598, -9.0873],
            [-58.555, -8.9144],
            [-58.5042, -8.8933],
            [-58.4419, -8.7987],
            [-58.3953, -8.7803],
            [-58.3262, -8.72],
            [-58.4373, -8.7034],
            [-58.3895, -8.5948],
            [-58.4178, -8.4895],
            [-58.3149, -8.3231],
            [-58.2884, -8.0796],
            [-58.3847, -7.844],
            [-58.2022, -7.6209],
            [-58.2131, -7.4585],
            [-58.1379, -7.349],
            [-58.0614, -7.3952],
            [-57.9396, -7.6531],
            [-57.8738, -7.8012],
            [-57.8288, -7.9729],
            [-57.6672, -8.1765],
            [-57.6869, -8.4163],
            [-57.5929, -8.7565],
            [-57.4276, -8.7832],
            [-57.4199, -8.853],
            [-57.195, -8.9275],
            [-57.0392, -9.0983],
            [-56.9955, -9.2338],
            [-56.8201, -9.2463],
            [-56.7611, -9.405],
            [-56.6719, -9.3674],
            [-52.6193, -9.6823],
            [-52.657, -9.7819],
            [-52.776, -9.8325],
            [-52.994, -10.0763],
            [-52.9558, -10.2905],
            [-53.0214, -10.3228],
            [-53.0879, -10.5658],
            [-53.051, -10.603],
            [-53.1294, -10.8464],
            [-53.3181, -10.9582],
            [-53.2421, -11.148],
            [-53.2526, -11.2683],
            [-53.5692, -11.6514],
            [-53.5881, -11.8592],
            [-53.5472, -11.9236],
            [-53.5476, -11.9486],
            [-53.6181, -11.9598],
            [-53.8727, -12.2349],
            [-53.9698, -12.2133],
            [-54.132, -12.35],
            [-54.169, -12.4887],
            [-54.2994, -12.5742],
            [-54.3505, -12.7579],
            [-54.3222, -12.8837],
            [-54.5541, -13.3389],
            [-54.6283, -13.4062],
            [-54.678, -13.6281],
            [-54.6411, -13.7919],
            [-54.76, -13.8706],
            [-54.8638, -13.7757],
            [-55.0056, -13.799],
            [-54.9065, -13.9711],
            [-54.9268, -14.0916],
            [-54.8678, -14.1783],
            [-54.8753, -14.2115],
            [-55.0327, -14.2556],
            [-55.0693, -14.2048],
            [-55.3071, -14.2426],
            [-55.4456, -14.0797],
            [-55.5511, -14.0218],
            [-55.6212, -14.0049],
            [-55.6648, -14.0174],
            [-55.6986, -14.0509],
            [-55.7146, -14.1172]
          ]
        ]
      },
      "properties": { "cod_macro": "5103" }
    },
    {
      "type": "Feature",
      "geometry": {
        "type": "Polygon",
        "coordinates": [
          [
            [-52.7867, -16.7427],
            [-52.8317, -16.7721],
            [-52.8844, -16.7764],
            [-52.914, -16.8127],
            [-52.9367, -16.768],
            [-52.995, -16.7574],
            [-53.2104, -16.4751],
            [-53.1471, -16.3919],
            [-53.1421, -16.2226],
            [-52.9786, -16.1455],
            [-53.0645, -16.0753],
            [-53.0779, -15.9098],
            [-53.0412, -15.7378],
            [-53.1591, -15.7253],
            [-53.2518, -15.5932],
            [-53.4433, -15.5731],
            [-53.6301, -15.7181],
            [-53.7772, -15.7213],
            [-53.7661, -15.8854],
            [-53.8529, -15.8263],
            [-53.9379, -15.6229],
            [-53.9077, -15.4887],
            [-53.733, -15.3433],
            [-53.8221, -15.2616],
            [-53.9496, -15.2468],
            [-53.9435, -15.112],
            [-53.7342, -15.133],
            [-53.5668, -14.9608],
            [-53.2917, -14.8628],
            [-53.4012, -14.7257],
            [-53.3509, -14.5786],
            [-53.4672, -14.4035],
            [-53.4549, -14.264],
            [-53.3635, -14.1416],
            [-53.224, -13.7749],
            [-53.4731, -13.6531],
            [-53.6128, -13.7793],
            [-53.721, -13.7316],
            [-53.6309, -13.4754],
            [-53.7752, -13.5783],
            [-53.9175, -13.7425],
            [-53.9979, -13.7906],
            [-54.0129, -13.814],
            [-54.077, -13.7838],
            [-54.0469, -13.6351],
            [-54.0066, -13.3599],
            [-53.9963, -13.0142],
            [-53.8698, -12.8346],
            [-53.8274, -12.7479],
            [-53.7963, -12.5264],
            [-53.7282, -12.4015],
            [-53.6017, -12.2119],
            [-53.5224, -12.0138],
            [-53.5472, -11.9236],
            [-53.5881, -11.8592],
            [-53.5692, -11.6514],
            [-53.2526, -11.2683],
            [-53.2421, -11.148],
            [-53.3181, -10.9582],
            [-53.1294, -10.8464],
            [-53.051, -10.603],
            [-53.0879, -10.5658],
            [-53.0214, -10.3228],
            [-52.9558, -10.2905],
            [-52.994, -10.0763],
            [-52.776, -9.8325],
            [-52.657, -9.7819],
            [-52.6193, -9.6823],
            [-50.2248, -9.8412],
            [-50.2643, -9.9085],
            [-50.3988, -10.1641],
            [-50.4183, -10.3563],
            [-50.5632, -10.6113],
            [-50.5706, -10.7525],
            [-50.622, -10.8394],
            [-50.6095, -11.0674],
            [-50.6594, -11.2549],
            [-50.6968, -11.3047],
            [-50.7393, -11.4354],
            [-50.7389, -11.5445],
            [-50.716, -11.579],
            [-50.6575, -11.5928],
            [-50.722, -11.7397],
            [-50.6393, -11.8846],
            [-50.6837, -11.9956],
            [-50.6869, -12.2022],
            [-50.6437, -12.223],
            [-50.6236, -12.4553],
            [-50.7019, -12.5966],
            [-50.5819, -12.7994],
            [-50.567, -12.8434],
            [-50.4986, -12.8773],
            [-50.5264, -12.9339],
            [-50.5905, -13.0004],
            [-50.5842, -13.2177],
            [-50.6653, -13.3756],
            [-50.759, -13.5203],
            [-50.8062, -13.6938],
            [-50.8536, -13.761],
            [-50.8317, -14.0861],
            [-50.9137, -14.1685],
            [-50.9978, -14.4157],
            [-50.9627, -14.5239],
            [-51.0896, -14.8402],
            [-51.157, -14.9856],
            [-51.295, -15.0302],
            [-51.3682, -15.0096],
            [-51.5309, -15.0617],
            [-51.5953, -15.1552],
            [-51.672, -15.2478],
            [-51.6457, -15.265],
            [-51.6695, -15.3744],
            [-51.7256, -15.5441],
            [-51.7773, -15.535],
            [-51.7551, -15.6225],
            [-51.8051, -15.7258],
            [-51.8345, -15.7438],
            [-51.885, -15.8307],
            [-51.9485, -15.8101],
            [-51.9813, -15.8425],
            [-52.1096, -15.8827],
            [-52.2533, -15.8926],
            [-52.3299, -16.0722],
            [-52.4986, -16.1421],
            [-52.5492, -16.165],
            [-52.6243, -16.2867],
            [-52.6439, -16.412],
            [-52.6047, -16.4635],
            [-52.6729, -16.5696],
            [-52.7041, -16.5712],
            [-52.741, -16.6107],
            [-52.7462, -16.6307],
            [-52.7551, -16.6723],
            [-52.7857, -16.7144],
            [-52.7867, -16.7427]
          ]
        ]
      },
      "properties": { "cod_macro": "5104" }
    },
    {
      "type": "Feature",
      "geometry": {
        "type": "Polygon",
        "coordinates": [
          [
            [-56.9824, -17.5802],
            [-56.958, -17.608],
            [-56.9882, -17.6593],
            [-57.0986, -17.7704],
            [-57.2271, -17.7828],
            [-57.2326, -17.8124],
            [-57.3081, -17.8108],
            [-57.3765, -17.8258],
            [-57.5191, -17.8617],
            [-57.6636, -17.7299],
            [-57.6688, -17.6719],
            [-57.6318, -17.6193],
            [-57.5044, -17.5497],
            [-57.5161, -17.5331],
            [-57.3431, -17.3316],
            [-57.3393, -17.3145],
            [-57.3917, -17.0039],
            [-57.3722, -16.9921],
            [-57.4028, -16.9629],
            [-57.425, -16.9684],
            [-57.363, -16.8248],
            [-57.4012, -16.6331],
            [-57.1885, -16.5284],
            [-57.1712, -16.4417],
            [-57.0756, -16.4194],
            [-57.0806, -16.2146],
            [-57.1535, -16.0008],
            [-57.0075, -15.8037],
            [-57.0087, -15.7415],
            [-57.2248, -15.8509],
            [-57.2234, -15.8107],
            [-57.1811, -15.7827],
            [-57.176, -15.7477],
            [-57.1425, -15.6775],
            [-57.1223, -15.6327],
            [-57.0604, -15.5657],
            [-57.0417, -15.5271],
            [-57.0274, -15.4844],
            [-56.9699, -15.5091],
            [-56.8943, -15.4693],
            [-56.6502, -15.2322],
            [-56.4646, -15.0858],
            [-56.3172, -15.043],
            [-56.2423, -14.9765],
            [-55.9426, -15.0347],
            [-56.0147, -14.9009],
            [-55.8617, -14.8381],
            [-55.3751, -14.5548],
            [-55.1589, -14.6282],
            [-54.9584, -14.4389],
            [-54.8492, -14.3396],
            [-54.8311, -14.3188],
            [-54.777, -14.3196],
            [-54.4569, -14.4753],
            [-54.3305, -14.6401],
            [-54.3375, -14.7328],
            [-54.5283, -14.7796],
            [-54.4983, -14.863],
            [-54.6563, -14.917],
            [-54.8443, -15.0669],
            [-54.9458, -15.0708],
            [-55.0986, -15.1061],
            [-55.1692, -15.2055],
            [-55.3338, -15.3531],
            [-55.266, -15.4031],
            [-55.303, -15.5163],
            [-55.4035, -15.5092],
            [-55.4427, -15.6121],
            [-55.3557, -15.6096],
            [-55.4105, -15.8199],
            [-55.3622, -15.8137],
            [-55.3102, -15.8445],
            [-55.3048, -15.8744],
            [-55.3094, -15.8879],
            [-55.3191, -15.8732],
            [-55.3828, -15.883],
            [-55.4219, -15.9347],
            [-55.4146, -15.9508],
            [-55.4342, -15.9768],
            [-55.4185, -15.9677],
            [-55.4033, -15.991],
            [-55.3729, -15.9813],
            [-55.3756, -16.014],
            [-55.3499, -16.0191],
            [-55.4749, -16.1796],
            [-55.5191, -16.309],
            [-55.3941, -16.3135],
            [-55.3674, -16.3098],
            [-55.2553, -16.1726],
            [-55.2001, -16.4535],
            [-55.057, -16.4473],
            [-54.9365, -16.5349],
            [-54.9963, -16.6813],
            [-54.9482, -16.683],
            [-54.9591, -16.7047],
            [-54.9358, -16.7528],
            [-54.9358, -16.7753],
            [-54.9113, -16.7882],
            [-54.919, -16.8789],
            [-54.9196, -16.9063],
            [-54.9061, -16.9664],
            [-54.9325, -17.0157],
            [-54.9185, -17.0917],
            [-55.0283, -17.1028],
            [-55.2084, -17.2695],
            [-55.3555, -17.3346],
            [-55.4121, -17.3573],
            [-55.5924, -17.3532],
            [-55.6263, -17.364],
            [-55.7091, -17.3376],
            [-55.7612, -17.3235],
            [-55.7876, -17.3286],
            [-55.828, -17.3066],
            [-55.8419, -17.3012],
            [-55.8748, -17.2686],
            [-55.8865, -17.2639],
            [-55.9263, -17.2579],
            [-55.9519, -17.2502],
            [-55.9887, -17.2415],
            [-56.0086, -17.2142],
            [-56.0055, -17.2042],
            [-56.051, -17.1869],
            [-56.1123, -17.1663],
            [-56.4423, -17.3313],
            [-56.7339, -17.3099],
            [-56.876, -17.533],
            [-56.9824, -17.5802]
          ],
          [
            [-56.9048, -15.517],
            [-56.8104, -15.4998],
            [-56.7163, -15.4782],
            [-56.6491, -15.4381],
            [-56.7455, -15.4165],
            [-56.9048, -15.517]
          ]
        ]
      },
      "properties": { "cod_macro": "5105" }
    },
    {
      "type": "Feature",
      "geometry": {
        "type": "MultiPolygon",
        "coordinates": [
          [
            [
              [-57.5722, -15.4058],
              [-57.6259, -15.1744],
              [-57.6389, -15.1545],
              [-57.6997, -15.0286],
              [-57.7309, -15.0002],
              [-58.0177, -15.0002],
              [-58.1279, -14.8898],
              [-58.2355, -14.9123],
              [-58.228, -14.77],
              [-58.3693, -14.7786],
              [-58.4907, -14.6853],
              [-58.7223, -15],
              [-58.8542, -15.0001],
              [-58.7833, -14.8084],
              [-58.7567, -14.5937],
              [-58.9646, -14.5859],
              [-59.0544, -14.6532],
              [-59.0763, -14.6584],
              [-59.0567, -14.3112],
              [-59.1041, -14.2305],
              [-59.0452, -13.9866],
              [-58.9788, -13.8435],
              [-59.036, -13.5924],
              [-58.9983, -13.4388],
              [-59.0375, -13.2432],
              [-58.9594, -13.1246],
              [-58.9151, -12.917],
              [-58.9522, -12.7099],
              [-58.9118, -12.5009],
              [-58.8538, -12.4368],
              [-58.8692, -12.2134],
              [-59.0487, -12.2538],
              [-59.1637, -12.3681],
              [-59.3352, -12.2799],
              [-59.7089, -12.31],
              [-59.7766, -12.3433],
              [-59.8923, -12.2455],
              [-59.8998, -12.1172],
              [-59.987, -11.9601],
              [-60.0121, -11.893],
              [-60.0605, -11.895],
              [-60.1088, -11.8396],
              [-60.1141, -11.5875],
              [-59.9206, -11.398],
              [-59.9978, -11.1514],
              [-60.0667, -11.1255],
              [-60.348, -11.109],
              [-60.4379, -11.0167],
              [-60.4341, -10.9333],
              [-60.4299, -10.8159],
              [-60.4434, -10.7145],
              [-60.481, -10.7171],
              [-60.5174, -10.6416],
              [-60.5243, -10.4694],
              [-60.6374, -10.2932],
              [-60.6392, -10.0406],
              [-60.6396, -9.9825],
              [-60.6316, -9.959],
              [-60.6583, -9.8912],
              [-60.6735, -9.8408],
              [-60.6725, -9.7958],
              [-60.6392, -9.6711],
              [-60.6784, -9.6438],
              [-60.7132, -9.7138],
              [-60.8768, -9.7724],
              [-61.1279, -10.0495],
              [-61.2306, -9.9576],
              [-61.2791, -10.0039],
              [-61.4298, -10],
              [-61.5417, -9.9976],
              [-61.5182, -9.823],
              [-61.5315, -9.7399],
              [-61.5746, -9.7178],
              [-61.5053, -9.6914],
              [-61.5069, -9.662],
              [-61.503, -9.6153],
              [-61.5527, -9.3874],
              [-61.612, -9.2807],
              [-61.577, -9.2375],
              [-61.5554, -9.1315],
              [-61.4685, -8.9174],
              [-61.5115, -8.8636],
              [-61.5831, -8.7987],
              [-58.4419, -8.7987],
              [-58.5042, -8.8933],
              [-58.555, -8.9144],
              [-58.598, -9.0873],
              [-58.6536, -9.203],
              [-58.5493, -9.3674],
              [-58.4899, -9.4077],
              [-58.2872, -9.4498],
              [-58.2577, -9.5084],
              [-58.2611, -9.6494],
              [-58.2161, -9.7244],
              [-58.1943, -9.8408],
              [-58.2269, -9.8881],
              [-58.2338, -9.9517],
              [-58.294, -10.1042],
              [-58.3577, -10.2671],
              [-58.3375, -10.4366],
              [-58.4192, -10.5698],
              [-58.382, -10.6234],
              [-58.3313, -10.7956],
              [-58.3491, -10.936],
              [-58.2514, -11.0504],
              [-58.2581, -11.1897],
              [-58.1278, -11.2807],
              [-58.1801, -11.4977],
              [-58.0763, -11.5989],
              [-58.0765, -11.6911],
              [-57.863, -11.987],
              [-57.8444, -12.1143],
              [-57.7494, -12.1741],
              [-57.6509, -12.1385],
              [-57.5617, -12.0717],
              [-57.4034, -12.1006],
              [-57.4367, -11.9088],
              [-57.3689, -11.7433],
              [-57.3083, -11.7552],
              [-57.1964, -11.8457],
              [-57.1339, -12.0515],
              [-56.9739, -12.3027],
              [-56.903, -12.6299],
              [-56.8452, -12.6784],
              [-56.7134, -12.996],
              [-56.7407, -13.0317],
              [-56.7469, -13.0703],
              [-56.7325, -13.1295],
              [-56.6779, -13.2199],
              [-56.6122, -13.3485],
              [-56.5838, -13.4064],
              [-56.4177, -13.5877],
              [-56.3833, -13.7239],
              [-56.3974, -13.825],
              [-56.3799, -13.8683],
              [-56.3078, -14.0177],
              [-56.2159, -14.1538],
              [-56.1552, -14.1604],
              [-56.0604, -14.1433],
              [-56.0298, -14.2229],
              [-55.9815, -14.2157],
              [-55.9709, -14.1953],
              [-55.9096, -14.1812],
              [-55.8844, -14.1764],
              [-55.8577, -14.1578],
              [-55.7146, -14.1172],
              [-55.698, -14.0478],
              [-55.6637, -14.0168],
              [-55.6166, -14.0042],
              [-55.5511, -14.0218],
              [-55.4456, -14.0797],
              [-55.3071, -14.2426],
              [-55.0693, -14.2048],
              [-55.0327, -14.2556],
              [-54.8753, -14.2115],
              [-54.8505, -14.2292],
              [-54.8416, -14.2611],
              [-54.8311, -14.3188],
              [-54.8492, -14.3396],
              [-54.9584, -14.4389],
              [-55.1589, -14.6282],
              [-55.3751, -14.5548],
              [-55.8617, -14.8381],
              [-56.0147, -14.9009],
              [-55.9426, -15.0347],
              [-56.2422, -14.9765],
              [-56.3172, -15.043],
              [-56.4646, -15.0858],
              [-56.6502, -15.2322],
              [-56.8943, -15.4693],
              [-56.9699, -15.5091],
              [-57.0274, -15.4844],
              [-57.0417, -15.5271],
              [-57.0604, -15.5657],
              [-57.1223, -15.6327],
              [-57.1425, -15.6775],
              [-57.176, -15.7477],
              [-57.2234, -15.8107],
              [-57.2248, -15.8509],
              [-57.2332, -15.8152],
              [-57.2186, -15.795],
              [-57.2793, -15.8332],
              [-57.3168, -15.8026],
              [-57.3073, -15.7785],
              [-57.3214, -15.7512],
              [-57.3694, -15.715],
              [-57.4062, -15.7195],
              [-57.4504, -15.7548],
              [-57.506, -15.7225],
              [-57.4854, -15.5696],
              [-57.5722, -15.4058]
            ]
          ],
          [
            [
              [-56.6491, -15.4381],
              [-56.7163, -15.4782],
              [-56.8104, -15.4998],
              [-56.9048, -15.517],
              [-56.7455, -15.4165],
              [-56.6491, -15.4381]
            ]
          ]
        ]
      },
      "properties": { "cod_macro": "5106" }
    },
    {
      "type": "Feature",
      "geometry": {
        "type": "Polygon",
        "coordinates": [
          [
            [-51.1802, -19.2829],
            [-51.4205, -19.1661],
            [-51.6577, -19.1377],
            [-52.0436, -18.9507],
            [-52.1108, -18.8987],
            [-52.1831, -18.8476],
            [-52.2632, -18.8282],
            [-52.3106, -18.8397],
            [-52.3463, -18.8224],
            [-52.448, -18.692],
            [-52.5315, -18.6575],
            [-52.6324, -18.6956],
            [-52.746, -18.6924],
            [-52.9399, -18.6133],
            [-52.9624, -18.5408],
            [-52.7593, -18.3481],
            [-52.9478, -18.2961],
            [-53.0139, -18.3261],
            [-53.0699, -18.3429],
            [-53.1237, -18.0588],
            [-53.0757, -18.0508],
            [-53.0647, -17.9845],
            [-53.0876, -17.9435],
            [-53.1266, -17.9154],
            [-53.1641, -17.7655],
            [-53.235, -17.7138],
            [-53.2443, -17.6899],
            [-53.245, -17.526],
            [-53.2235, -17.4586],
            [-53.1968, -17.3798],
            [-53.1652, -17.2209],
            [-53.1567, -17.1707],
            [-53.1183, -17.1132],
            [-53.0554, -17.0706],
            [-53.0144, -16.8616],
            [-52.9529, -16.8409],
            [-52.927, -16.8407],
            [-52.9233, -16.8182],
            [-52.8844, -16.7764],
            [-52.8317, -16.7721],
            [-52.7867, -16.7427],
            [-52.7857, -16.7144],
            [-52.7551, -16.6723],
            [-52.7462, -16.6307],
            [-52.741, -16.6107],
            [-52.7041, -16.5712],
            [-52.6729, -16.5696],
            [-52.6088, -16.5136],
            [-52.4931, -16.5643],
            [-52.3635, -16.535],
            [-52.259, -16.5992],
            [-52.1966, -16.4645],
            [-52.0523, -16.4901],
            [-51.975, -16.6277],
            [-51.867, -16.6586],
            [-51.6679, -16.599],
            [-51.5768, -16.6626],
            [-51.5883, -16.7403],
            [-51.671, -16.8419],
            [-51.6594, -16.9215],
            [-51.5878, -16.8771],
            [-51.4836, -16.8893],
            [-51.2573, -16.783],
            [-51.0315, -16.9704],
            [-50.9065, -17.154],
            [-50.8213, -17.1924],
            [-50.7182, -17.2511],
            [-50.6912, -17.2979],
            [-50.6769, -17.3304],
            [-50.6361, -17.3869],
            [-50.5573, -17.405],
            [-50.5004, -17.3748],
            [-50.392, -17.1888],
            [-50.3542, -17.3025],
            [-50.2004, -17.2669],
            [-50.2051, -17.363],
            [-50.1209, -17.379],
            [-50.0752, -17.452],
            [-50.1278, -17.6058],
            [-50.1902, -17.7643],
            [-50.2095, -17.7748],
            [-50.0222, -17.8319],
            [-49.9805, -17.9265],
            [-50.161, -18.0326],
            [-50.1162, -18.3121],
            [-50.2492, -18.3732],
            [-50.2701, -18.516],
            [-50.2721, -18.531],
            [-50.2635, -18.6028],
            [-50.27, -18.6842],
            [-50.3145, -18.7007],
            [-50.3756, -18.8115],
            [-50.4434, -18.8941],
            [-50.5878, -19.1399],
            [-50.7342, -19.1877],
            [-50.7465, -19.2399],
            [-50.8189, -19.2917],
            [-50.876, -19.415],
            [-50.8264, -19.4713],
            [-50.9853, -19.4314],
            [-51.0455, -19.3434],
            [-51.1802, -19.2829]
          ]
        ]
      },
      "properties": { "cod_macro": "5206" }
    },
    {
      "type": "Feature",
      "geometry": {
        "type": "MultiPolygon",
        "coordinates": [
          [
            [
              [-47.5001, -17.2962],
              [-47.6397, -17.1452],
              [-47.7191, -17.0324],
              [-47.6839, -16.9422],
              [-47.9009, -16.9152],
              [-47.9181, -17.0039],
              [-48.0162, -16.9283],
              [-48.0891, -16.8916],
              [-48.0774, -16.7859],
              [-48.1973, -16.7324],
              [-48.2407, -16.5772],
              [-48.3058, -16.4532],
              [-48.4012, -16.384],
              [-48.3666, -16.3235],
              [-48.328, -16.3269],
              [-48.3257, -16.2646],
              [-48.3632, -16.2415],
              [-48.3713, -15.9957],
              [-48.4126, -15.9702],
              [-48.4191, -15.9064],
              [-48.378, -15.8149],
              [-48.3492, -15.7257],
              [-48.2996, -15.7095],
              [-48.252, -15.6592],
              [-48.2349, -15.66],
              [-48.2413, -15.7054],
              [-48.2097, -15.7142],
              [-48.208, -15.7409],
              [-48.241, -15.7993],
              [-48.2851, -15.8368],
              [-48.2778, -16.0496],
              [-47.3085, -16.05],
              [-47.3113, -16.0881],
              [-47.3527, -16.1328],
              [-47.3655, -16.3299],
              [-47.4544, -16.4646],
              [-47.4132, -16.5742],
              [-47.2509, -16.6648],
              [-47.1819, -16.9013],
              [-47.158, -16.9399],
              [-47.1515, -16.9977],
              [-47.1836, -17.0369],
              [-47.2467, -17.082],
              [-47.2827, -17.1441],
              [-47.3618, -17.1851],
              [-47.464, -17.3558],
              [-47.5001, -17.2962]
            ]
          ],
          [
            [
              [-47.313, -15.7421],
              [-47.3339, -15.6296],
              [-47.4178, -15.5463],
              [-47.4184, -15.5018],
              [-48.0543, -15.5022],
              [-48.042, -15.4634],
              [-47.9527, -15.4406],
              [-47.9221, -15.3608],
              [-48.0146, -15.2111],
              [-48.1073, -15.1475],
              [-48.0562, -15.0524],
              [-48.0132, -14.8108],
              [-47.9074, -14.7983],
              [-47.786, -14.6899],
              [-47.7615, -14.5411],
              [-47.8246, -14.5058],
              [-47.828, -14.3482],
              [-47.932, -14.1771],
              [-47.8921, -14.084],
              [-47.956, -13.8594],
              [-48.1203, -13.6284],
              [-48.171, -13.3678],
              [-48.0792, -13.2426],
              [-47.8202, -13.3125],
              [-47.6797, -13.4682],
              [-47.6223, -13.3692],
              [-47.6676, -13.2109],
              [-47.6336, -13.1012],
              [-47.4784, -13.185],
              [-47.4261, -13.29],
              [-47.2822, -13.2651],
              [-47.2296, -13.1947],
              [-46.979, -13.1318],
              [-46.7506, -12.9692],
              [-46.4546, -12.9712],
              [-46.418, -12.8224],
              [-46.3644, -12.9907],
              [-46.1247, -12.9598],
              [-46.2755, -13.0202],
              [-46.3291, -13.2485],
              [-46.3179, -13.3052],
              [-46.1032, -13.2575],
              [-46.1355, -13.3755],
              [-46.2495, -13.4313],
              [-46.2376, -13.6521],
              [-46.2815, -13.7951],
              [-46.2325, -13.8486],
              [-46.2201, -13.9754],
              [-46.2244, -14.105],
              [-46.1181, -14.1599],
              [-45.9954, -14.2562],
              [-45.9326, -14.4099],
              [-46.019, -14.4721],
              [-45.9753, -14.5389],
              [-46.0055, -14.689],
              [-46.0412, -14.8265],
              [-46.0253, -14.8558],
              [-46.1203, -14.9201],
              [-46.1457, -14.9265],
              [-46.1756, -14.9494],
              [-46.3193, -14.9004],
              [-46.3222, -14.8146],
              [-46.469, -14.7082],
              [-46.5103, -14.7383],
              [-46.5663, -14.7884],
              [-46.5036, -15.0534],
              [-46.6281, -15.0895],
              [-46.8443, -15.0091],
              [-46.9409, -15.2307],
              [-46.8357, -15.3251],
              [-46.9293, -15.4399],
              [-46.9487, -15.5578],
              [-46.8549, -15.6183],
              [-46.8096, -15.8843],
              [-47.135, -15.9494],
              [-47.1428, -15.9263],
              [-47.2173, -16.0144],
              [-47.31, -16.0363],
              [-47.3772, -15.9866],
              [-47.3612, -15.9257],
              [-47.3799, -15.8805],
              [-47.3674, -15.8285],
              [-47.313, -15.7421]
            ]
          ]
        ]
      },
      "properties": { "cod_macro": "5207" }
    },
    {
      "type": "Feature",
      "geometry": {
        "type": "Polygon",
        "coordinates": [
          [
            [-50.2834, -17.101],
            [-50.233, -17.2373],
            [-50.3542, -17.3025],
            [-50.392, -17.1888],
            [-50.5004, -17.3748],
            [-50.5573, -17.405],
            [-50.6361, -17.3869],
            [-50.6769, -17.3304],
            [-50.6912, -17.2979],
            [-50.7182, -17.2511],
            [-50.8213, -17.1924],
            [-50.9065, -17.154],
            [-51.0315, -16.9704],
            [-51.2573, -16.783],
            [-51.4836, -16.8893],
            [-51.5878, -16.8771],
            [-51.6594, -16.9215],
            [-51.671, -16.8419],
            [-51.5883, -16.7403],
            [-51.5768, -16.6626],
            [-51.6679, -16.599],
            [-51.867, -16.6586],
            [-51.975, -16.6277],
            [-52.0523, -16.4901],
            [-52.1966, -16.4645],
            [-52.259, -16.5992],
            [-52.3635, -16.535],
            [-52.4931, -16.5643],
            [-52.6088, -16.5136],
            [-52.6047, -16.4635],
            [-52.6439, -16.412],
            [-52.6243, -16.2867],
            [-52.5492, -16.165],
            [-52.4986, -16.1421],
            [-52.3299, -16.0722],
            [-52.2533, -15.8926],
            [-52.1096, -15.8827],
            [-51.9813, -15.8425],
            [-51.9485, -15.8101],
            [-51.8827, -15.8285],
            [-51.7571, -15.6334],
            [-51.7773, -15.535],
            [-51.7256, -15.5441],
            [-51.6695, -15.3744],
            [-51.6457, -15.265],
            [-51.672, -15.2478],
            [-51.5953, -15.1552],
            [-51.5309, -15.0617],
            [-51.3682, -15.0096],
            [-51.295, -15.0302],
            [-51.157, -14.9856],
            [-51.0896, -14.8402],
            [-50.9627, -14.5239],
            [-50.9978, -14.4157],
            [-50.9137, -14.1685],
            [-50.8317, -14.0861],
            [-50.8536, -13.761],
            [-50.8062, -13.6938],
            [-50.759, -13.5203],
            [-50.6653, -13.3756],
            [-50.5766, -13.3889],
            [-50.5573, -13.4214],
            [-50.5434, -13.4595],
            [-50.5421, -13.5054],
            [-50.4597, -13.6557],
            [-50.4772, -13.6718],
            [-50.4748, -13.7106],
            [-50.4668, -13.7369],
            [-50.4412, -13.7716],
            [-50.3839, -13.8796],
            [-50.2856, -13.9942],
            [-50.1605, -14.001],
            [-50.1477, -14.0495],
            [-50.1435, -14.1258],
            [-50.3547, -14.3536],
            [-50.2664, -14.5374],
            [-50.295, -14.5816],
            [-50.2347, -14.6492],
            [-50.2815, -14.737],
            [-50.4453, -14.7242],
            [-50.1926, -15.0596],
            [-50.0366, -15.1469],
            [-50.1351, -15.398],
            [-50.1113, -15.3697],
            [-49.8593, -15.3937],
            [-49.882, -15.5177],
            [-49.7222, -15.5236],
            [-49.7266, -15.5352],
            [-49.7495, -15.672],
            [-49.6966, -15.8261],
            [-49.4675, -15.9428],
            [-49.3232, -15.8363],
            [-49.2163, -15.8489],
            [-49.178, -15.9618],
            [-49.15, -16.0299],
            [-49.1304, -16.0528],
            [-49.1648, -16.1377],
            [-49.1426, -16.2304],
            [-49.1651, -16.3143],
            [-49.121, -16.5111],
            [-49.1637, -16.5781],
            [-49.0958, -16.5892],
            [-49.1969, -16.6917],
            [-49.2883, -16.7484],
            [-49.3654, -16.8181],
            [-49.5184, -16.999],
            [-49.6326, -17.0107],
            [-49.672, -16.9578],
            [-49.7775, -16.9087],
            [-50.0689, -17.0836],
            [-50.033, -16.9608],
            [-50.0887, -16.9198],
            [-50.2149, -16.9219],
            [-50.2737, -16.9796],
            [-50.3087, -17.0713],
            [-50.2834, -17.101]
          ]
        ]
      },
      "properties": { "cod_macro": "5208" }
    },
    {
      "type": "Feature",
      "geometry": {
        "type": "Polygon",
        "coordinates": [
          [
            [-49.7266, -15.5352],
            [-49.7222, -15.5236],
            [-49.882, -15.5177],
            [-49.8593, -15.3937],
            [-50.1113, -15.3697],
            [-50.1351, -15.398],
            [-50.0366, -15.1469],
            [-50.1926, -15.0596],
            [-50.4453, -14.7242],
            [-50.4237, -14.7357],
            [-50.2746, -14.7321],
            [-50.2347, -14.6492],
            [-50.295, -14.5816],
            [-50.2664, -14.5374],
            [-50.3547, -14.3536],
            [-50.1415, -14.1123],
            [-50.1581, -14.0024],
            [-50.2856, -13.9942],
            [-50.3839, -13.8796],
            [-50.4412, -13.7716],
            [-50.4668, -13.7369],
            [-50.4748, -13.7106],
            [-50.4772, -13.6718],
            [-50.4597, -13.6557],
            [-50.5421, -13.5054],
            [-50.5434, -13.4595],
            [-50.5573, -13.4214],
            [-50.5766, -13.3889],
            [-50.5842, -13.2177],
            [-50.5905, -13.0004],
            [-50.5264, -12.9339],
            [-50.4986, -12.8773],
            [-50.511, -12.8609],
            [-50.4405, -12.6523],
            [-50.4124, -12.6483],
            [-50.3104, -12.4954],
            [-50.1732, -12.4223],
            [-50.2176, -12.4874],
            [-50.311, -12.7979],
            [-50.1838, -12.8974],
            [-49.9204, -12.9614],
            [-49.3683, -13.2723],
            [-49.3557, -13.1558],
            [-49.2791, -12.9883],
            [-49.2107, -12.8779],
            [-49.1046, -12.8354],
            [-49.0875, -12.8872],
            [-48.9762, -12.9579],
            [-48.8703, -12.8033],
            [-48.8428, -12.8425],
            [-48.7351, -12.9211],
            [-48.7339, -12.9794],
            [-48.7173, -13.0015],
            [-48.6005, -13.0589],
            [-48.5957, -13.1065],
            [-48.5974, -13.1521],
            [-48.5999, -13.2931],
            [-48.4798, -13.1527],
            [-48.47, -13.1373],
            [-48.4601, -13.2813],
            [-48.1437, -13.1525],
            [-48.1532, -13.2783],
            [-48.171, -13.3678],
            [-48.1203, -13.6284],
            [-47.956, -13.8594],
            [-47.8921, -14.084],
            [-47.932, -14.1771],
            [-47.828, -14.3482],
            [-47.8246, -14.5058],
            [-47.7615, -14.5411],
            [-47.786, -14.6899],
            [-47.9074, -14.7983],
            [-48.0132, -14.8108],
            [-48.0562, -15.0524],
            [-48.1073, -15.1475],
            [-48.0146, -15.2111],
            [-47.9221, -15.3608],
            [-47.9527, -15.4406],
            [-48.042, -15.4634],
            [-48.0543, -15.5022],
            [-48.2, -15.5023],
            [-48.1997, -15.6229],
            [-48.2349, -15.66],
            [-48.252, -15.6592],
            [-48.2996, -15.7095],
            [-48.3492, -15.7257],
            [-48.378, -15.8149],
            [-48.4225, -15.948],
            [-48.4079, -15.9777],
            [-48.3713, -15.9957],
            [-48.3632, -16.2415],
            [-48.3257, -16.2646],
            [-48.328, -16.3269],
            [-48.3666, -16.3235],
            [-48.4132, -16.2861],
            [-48.4956, -16.3208],
            [-48.605, -16.4447],
            [-48.5869, -16.5122],
            [-48.7536, -16.5005],
            [-48.8747, -16.4006],
            [-49.0572, -16.5619],
            [-49.0958, -16.5892],
            [-49.1637, -16.5781],
            [-49.121, -16.5111],
            [-49.1651, -16.3143],
            [-49.1426, -16.2304],
            [-49.1648, -16.1377],
            [-49.1304, -16.0528],
            [-49.15, -16.0299],
            [-49.178, -15.9618],
            [-49.2163, -15.8489],
            [-49.3232, -15.8363],
            [-49.4675, -15.9428],
            [-49.6966, -15.8261],
            [-49.7495, -15.672],
            [-49.7266, -15.5352]
          ]
        ]
      },
      "properties": { "cod_macro": "5209" }
    },
    {
      "type": "Feature",
      "geometry": {
        "type": "Polygon",
        "coordinates": [
          [
            [-50.1643, -18.6644],
            [-50.27, -18.6842],
            [-50.2635, -18.6028],
            [-50.2721, -18.531],
            [-50.2701, -18.516],
            [-50.2492, -18.3732],
            [-50.1162, -18.3121],
            [-50.161, -18.0326],
            [-49.9805, -17.9265],
            [-50.0222, -17.8319],
            [-50.2095, -17.7748],
            [-50.1902, -17.7643],
            [-50.1278, -17.6058],
            [-50.0752, -17.452],
            [-50.1209, -17.379],
            [-50.2051, -17.363],
            [-50.2004, -17.2669],
            [-50.233, -17.2373],
            [-50.2834, -17.101],
            [-50.3087, -17.0713],
            [-50.2737, -16.9796],
            [-50.2149, -16.9219],
            [-50.0887, -16.9198],
            [-50.033, -16.9608],
            [-50.0689, -17.0836],
            [-49.7775, -16.9087],
            [-49.672, -16.9578],
            [-49.6326, -17.0107],
            [-49.5184, -16.999],
            [-49.3654, -16.8181],
            [-49.2883, -16.7484],
            [-49.1969, -16.6917],
            [-49.0572, -16.5619],
            [-48.8747, -16.4006],
            [-48.7536, -16.5005],
            [-48.5869, -16.5122],
            [-48.605, -16.4447],
            [-48.4956, -16.3208],
            [-48.4132, -16.2861],
            [-48.4012, -16.384],
            [-48.3058, -16.4532],
            [-48.2407, -16.5772],
            [-48.1973, -16.7324],
            [-48.0774, -16.7859],
            [-48.0891, -16.8916],
            [-48.0162, -16.9283],
            [-47.9181, -17.0039],
            [-47.9009, -16.9152],
            [-47.6839, -16.9422],
            [-47.7191, -17.0324],
            [-47.6397, -17.1452],
            [-47.5001, -17.2962],
            [-47.5145, -17.375],
            [-47.5216, -17.4259],
            [-47.5146, -17.461],
            [-47.4004, -17.5118],
            [-47.3254, -17.5238],
            [-47.2648, -17.6114],
            [-47.2808, -17.6476],
            [-47.3137, -17.699],
            [-47.3726, -17.8298],
            [-47.297, -18.0091],
            [-47.3576, -18.0852],
            [-47.4075, -18.1318],
            [-47.4501, -18.1589],
            [-47.5369, -18.195],
            [-47.5882, -18.2264],
            [-47.6102, -18.3139],
            [-47.6482, -18.3407],
            [-47.7571, -18.3966],
            [-47.779, -18.4241],
            [-47.8319, -18.4498],
            [-47.9143, -18.4666],
            [-47.9792, -18.476],
            [-48.2705, -18.3294],
            [-48.3105, -18.3867],
            [-48.5614, -18.3239],
            [-48.8164, -18.3797],
            [-48.9332, -18.3055],
            [-49.077, -18.4168],
            [-49.1263, -18.3843],
            [-49.3851, -18.6461],
            [-49.4931, -18.4943],
            [-49.7848, -18.6422],
            [-50.0201, -18.5994],
            [-50.1643, -18.6644]
          ]
        ]
      },
      "properties": { "cod_macro": "5210" }
    },
    {
      "type": "Feature",
      "geometry": {
        "type": "Polygon",
        "coordinates": [
          [
            [-47.3085, -16.05],
            [-48.2778, -16.0496],
            [-48.2851, -15.8368],
            [-48.2097, -15.754],
            [-48.2089, -15.7154],
            [-48.2406, -15.7064],
            [-48.2413, -15.6867],
            [-48.2342, -15.6419],
            [-48.1997, -15.6229],
            [-48.2, -15.5023],
            [-47.4184, -15.5018],
            [-47.4178, -15.5463],
            [-47.3339, -15.6296],
            [-47.313, -15.7421],
            [-47.3674, -15.8286],
            [-47.3807, -15.8812],
            [-47.3612, -15.9258],
            [-47.3792, -15.9738],
            [-47.3693, -16.0031],
            [-47.3391, -16.0123],
            [-47.3085, -16.05]
          ]
        ]
      },
      "properties": { "cod_macro": "5302" }
    }
  ]
}
