equipamento,nr_convenio,ano,situacao,valor_global,ug_emitente,item_descricao_siconv,item_qtd,item_valor_unitario,confianca
Acelerador Linear,751218,,Proposta/Plano de Trabalho Aprovado,2900000,,"AQUISIÇÃO DE EQUIPAMENTOS E MATERIAIS PERMANENTES PARA A ATENÇÃO ESPECIALIZADA PARA O SERVIÇO DE RADIOTERAPIA, DA SOCIEDADE LITERAERIA E CARITATIVA  SANTO AGOSTINHO/SÃO JOSÉ, CONFORME SEGUE ABAIXO:E459 - Acelerador Linear de Alta Energia,Descrição Técnica: 	Máquina usada para acelerar partículas a altas velocidades, usado para Radioterapia,  Sistema de Gerenciamento e Acessórios. Características Técnicas/Acessórios: 	Além da descrição básica, deve conter características e/ou informações referentes a(o): Acelerador Linear: Energia de fóton de 6 MV, no mínimo, com porcentagem de dose de 67,0% +/- 2,0% em 10cm com campo de 10 X 10cm, a 100cm SSD;Energia de fóton de 15 MV, no mínimo, com porcentagem de dose de 77,0% +/- 2,0% em 10cm com campo de 10 X 10cm, a 100cm SSD;Taxa de dose igual ou maior a 200 unidades de monitor por minuto para ambos os feixes de fótons a um SSD de 100cm;Quatro (04) faixas de energias de elétrons no mínimo, com taxa de dose variável a definir pela equipe médica;Tamanho dos campos variáveis de 0,5 X 0,5cm a 40 X 40cm;Capacidade para tratamentos de irradiação de corpo inteiro em Fótons (Sigla TBI) e Elétrons (Sigla TBE);Capacidade de alta taxa de dose em elétrons para pele (Sigla HDTSE), que possibilite taxas de 2500 UM/Min no isocentro, no mínimo;Capacidade de tratamento em arco dinâmico em fótons e elétrons ou com intensidade variada;Sistema de distribuição de feixe através de guia acelerador de onda estacionada, um canhão de elétrons desmontável e um maguineto de curva acromática de 270°;Sistema Klystron ou Magnetron de Rádio Freqüência;Sistema de direção de feixe capaz de direcionar o feixe em eixos longitudinal e transversal em todos os ângulos do Gantry;Gantry com rotação mínima de +/- 180° em relação vertical, precisão de +/- 1,0° , controle local e remoto;Colimador com rotação mínima de +/- 95°;Colimação assimétrica e independente de dois jogos de blocos, ambos capazes de cruzar o centro da linha;Um jogo de filtros de ângulo fixo (15, 30, 45 e 60 graus), e um bloco com movimento separado com o modo de operação de filtro dinâmico;Dispositivo de Cabeça Extendida do Acelerador (¿Extended Head Rotation¿), que permita a rotação mínima do colimador de +/- 95° a até +/- 165°, através de ¿software¿ e ¿hardware¿ específicos;Câmaras de monitoramento de dose seladas tanto para elétrons quanto para fótons, operando independentemente da temperatura e pressão ambiente;Possuir filtro dinâmico com os seguintes ângulos (10, 15, 20, 25, 30, 45, e 60 graus);Limites de dose em arcoterapia de 0,5 a 20 UM/grau;Precisão do sistema dosimétrico de +/- 1% ou 1 UM;Variação máxima de dose de até 3%;Distância do isocentro de 100cm +/- 0,2cm;Variação do isocentro de 1mm;Interface com sistema de planejamento computadorizado;Interlocks com indicadores visíveis para assegurar a operação do acelerador e mostradores de parâmetros;Console de controle computadorizado com controles de operação do acelerador e mostradores de parâmetros;Capacidade de ajuste dos parâmetros mecânicos de tratamento no console de controle do acelerador, bem como internamente;Alimentação 380/220V/60Hz, trifásico com potência de 50 KVA;Mesa de Tratamento: Material: fibra de carbono, tipo pedestal, com movimentos lateral, longitudinal, vertical, e rotacional, com controle remoto digital, permitindo o procedimento de radiocirurgia;Deslocamento lateral motorizado de no mínimo 25cm com velocidade variável e possibilidade de deslocamento manual;Deslocamento longitudinal motorizado de no mínimo 154,5cm com velocidade variável e possibilidade de deslocamento manual;Acionamentos simultâneos dos deslocamentos lateral e longitudinal;Deslocamento rotacional da mesa motorizado de no mínimo 95° com velocidade variável e possibilidade de deslocamento manual;Leitura de comando digital e remoto;Monitoração vertical contínua com velocidade variável;Dimensões mínimas do tampo;largura 50cm, comprimento 215cm;Capacidade mínima de até 180Kg;Deflexão máxima do tampo, totalmente estendido, menor ou igual a 5mm no isocentro, para carga de 82Kg igualmente distribuídos numa área de 50cm2 em torno do isocentro;Abertura no tampo (Rede) tipo ¿Mylar ¿ Raquete de tênis¿ com 62cm de comprimento e 48cm de largura.",1,2900000,texto
Acelerador Linear,765427,,Proposta/Plano de Trabalho Aprovado,2335000,,Acelerador Linear de Baixa Energia (até 6 MV),1,2335000,texto
Acelerador Linear,781905,,Proposta/Plano de Trabalho Aprovado,2500000,,010910-Acelerador Linear de Alta Energia (6 MV-15 MV),1,2500000,texto
Acelerador Linear,797859,,Proposta/Plano de Trabalho Aprovado,3000000,,"Especificação TécnicaAQUISIÇÃO DE EQUIPAMENTOS E MATERIAIS PERMANENTES PARA A ATENÇÃO ESPECIALIZADA PARA O SERVIÇO DE RADIOTERAPIA, DA SOCIEDADE LITERAERIA E CARITATIVA SANTO AGOSTINHO/HOSPITAL SÃO JOSÉ, CONFORME SEGUEABAIXO: Acelerador Linear de Alta Energia, Descrição Técnica: Máquina usada para acelerar partículas a altas velocidades, usadopara Radioterapia, Sistema de Gerenciamento e Acessórios. Características Técnicas/Acessórios: Além da descrição básica, deveconter características e/ou informações referentes a(o): Acelerador Linear: Energia de fóton de 6 MV, no mínimo, com porcentagemde dose de 67,0% +/- 2,0% em 10cm com campo de 10 X 10cm, a 100cm SSD; Energia de fóton de 15 MV, no mínimo, comporcentagem de dose de 77,0% +/- 2,0% em 10cm com campo de 10 X 10cm, a 100cm SSD; Taxa de dose igual ou maior a 200unidades de monitor por minuto para ambos os feixes de fótons a um SSD de 100cm; Quatro (04) faixas de energias de elétrons nomínimo, com taxa de dose variável a definir pela equipe médica; Tamanho dos campos variáveis de 0,5 X 0,5cm a 40 X 40cm;Capacidade para tratamentos de irradiação de corpo inteiro em Fótons (Sigla TBI) e Elétrons (Sigla TBE); Capacidade de alta taxa dedose em elétrons para pele (Sigla HDTSE), que possibilite taxas de 2500 UM/Min no isocentro, no mínimo; Capacidade de tratamentoem arco dinâmico em fótons e elétrons ou com intensidade variada; Sistema de distribuição de feixe através de guia acelerador deonda estacionada, um canhão de elétrons desmontável e um maguineto de curva acromática de 270°; Sistema Klystron ou Magnetronde Rádio Freqüência; Sistema de direção de feixe capaz de direcionar o feixe em eixos longitudinal e transversal em todos osângulos do Gantry; Gantry com rotação mínima de +/- 180° em relação vertical, precisão de +/- 1,0° , controle local e remoto; (Vide Termo de Referência).",1,3000000,texto
Acelerador Linear,824470,,Proposta/Plano de Trabalho Aprovado,3650000,257001,010910-Acelerador Linear de Fótons e Elétrons (dual 15 MV),1,3650000,texto
Acelerador Linear,826176,,Proposta/Plano de Trabalho Aprovado,3400000,,010911-Acelerador Linear só de Fótons (monoenergético 6 MV),1,3400000,texto
Acelerador Linear,882354,,Proposta/Plano de Trabalho Aprovado,10302584,250107,"REFORMA DAS SEGUINTES ÁREASÁREA I - UTI GERALA proposta de relocação é para uma área de 664.00m² e próximo ao centro cirúrgico. Passando para 20 leitos. A nova unidade de terapia intensiva, dar-se-á através da reforma de onde atualmente se encontram instalados os serviços de diluição e esterilização geral.ÁREA II - UTI CARDÍACAAtualmente localizada no 2º pavimento da instituição hospitalar e ocupando 323.46 m² de área construída e constituída por 10 leitos. A proposta de relocação do setor em questão, é para ser implantado em área frontal a atual, porém com ocupação de 723 m² de área construída com 20 leitos.ÁREA III - ENFERMARIASA proposta de reforma desse pavimento é deixar apenas enfermarias para atendimento ao SUS, o andar ficará com 05 alas de enfermarias, sendo necessário a relocação do serviço de nefrologia para o pavimento térreo onde atualmente se encontra a nutrição, que por sua vez será locada em área nova (construção com recursos próprios da instituição, aqui informado para que haja melhor entendimento); totalizando 2433 m² de área a ser reformada. Com a execução da propostas enfermarias e áreas de apoio serão reestruturadas para acomodar 166 leitos, sendo 40 leitos na ala 01, 25 leitos na ala 02, 42 leitos na ala 03, 28 leitos na ala 04 e 31 leitos na atual área da nefrologia que chamaremos de ala 05, lembrando que as alas de número 01 e 04 não sofrerão intervenções. Também passará por reformas os banheiros internos das enfermarias.ÁREA IV - SERVIÇO DE ONCOLOGIAEsta proposta contempla a ativação dos serviços de oncologia adulto e instalação de um PET CT. Essa área será reformada a partir de uma estrutura que não é atualmente nessa finalidade, sendo uma reforma extensa de readequação. O mesmo está localizado em prédio anexo próximo à antiga radioterapia, também desativada. Proposta do novo serviço de Oncologia e disposições gerais: reforma dos serviços citados e algumas ampliações a serem feitas pela Fundação constituindo um complexo ONCOLÓGICO. Reforma geral na área da radioterapia (442 m²) transformando-a na área do PET CT (que se junta à reforma de área na manutenção). Para a sala do PET CT será utilizada uma antiga casamata de radioterapia que já foi avaliada pelos fabricantes como adequada, e deixaremos uma casamata de radioterapia isolada para um futuro acelerador linear de 6 mV caso a ANVISA aprove sua utilização no Brasil. Continuando, a edificação de denominada galpão da manutenção terá uma reforma com recursos próprios em 69 m² e mais 219.65 m² de ampliação (sendo citado só como item para compreensão da proposta). O prédio da associação sofrerá reforma de 321.00m² e terá uma área de ampliação de 676.72m² (sendo citado só como item para compreensão da proposta). Será interligado com a oncologia infantil, com o crescimento da sala de preparo dos medicamentos oncológicos (ampliação, sendo citado só como item para compreensão da proposta). A oncologia infantil (Casa da Criança) terá sua estrutura funcional e arquitetônica preservada. Considerações finais: o Complexo Oncológico terá uma área total de 2.771.46 m² sendo 763 m² (442 +  321 m²) de reforma.",4583,2248,texto
Acelerador Linear,907983,,Proposta/Plano de Trabalho Aprovado,2582640,250107,"Com o intuito de reformar e trazer resolutividade e eficácia do atendimento à população do Distrito Federal e entorno, faz-se necessário a atualização dos locais para atendimento do Hospital de Base às normas vigentes para promover maior qualidade em atenção à saúde no sentido de contribuir para a qualificação no atendimento oncológico em Radioterapia.O espaço a ser reformado se localiza no Hospital de Base do Distrito Federal, situado no endereço ST SMHS AREA ESPECIAL QUADRA101 CEP 70.335-900 em Brasília-DF, contando com uma metragem quadrada de 612m², incluindo os ambientes: Recepção/Cadastro, Posto de Enfermagem, Consultório Ginecologia Oncológica, Sanitário Paciente (Consultório Ginecológico), Consultório 2 Geral, Consultório 3 Odontologia Oncológica, Consultório 4, Pequenos Procedimentos, Sanitário Paciente Acessível, Vestiário Paciente, Sala  de  Equipamentos, Sanitário Funcionário Feminino, Sanitário Funcionário Masculino, Sala de Recuperação, Sala de Comando, Sala de Tomografia, Acelerador Linear 1, Acelerador Linear 2, D.M.L. (Depósito de Material de Limpeza) e Sala Utilidades.Nos ambientes supracitados, exceto nas salas do bunker, será executada reforma completa, contando com os seguintes serviços: demolição de paredes, execução de novas paredes (alvenaria comum e dry-wall) e divisórias, troca de esquadrias (portas, janelas, visores), substituição dos sistemas de instalações mecânicas (exaustão, insuflamento e ar condicionado central), elétrica (fiação, quadros elétricos, caixas de passagem, tomadas), de rede (cabeamento de internet e telefonia) e hidrossanitária (tubulação, pontos hidráulicos, válvulas de descarga, caixas de inspeção, ralos, registros), instalação de pontos de gases medicinais com a troca da tubulação da rede (pontos, tubulação, registros), troca de bancadas, pias e revestimentos.Informamos que os ambientes Sala de Comando (a ser implantado em sala inoperante), Sala de Tomografia (a ser instalado em sala inoperante), Acelerador Linear 1 (existente e instalado no local) e Acelerador Linear 2 (sala vaga à espera da aquisição de novo equipamento) se encontram dentro da estrutura do bunker de radioterapia (estrutura com largas paredes de concreto para blindagem).No bunker será feito reforço de blindagem, repintura, troca do forro, troca do piso, troca das esquadrias blindadas (portas e visores), troca da cobertura (telhas) e troca de bancadas.O sistema de ar (exaustão, insuflamento e climatização)  de todo o setor será substituído por sistema central (por meio de dutos) e, ainda, serão trocadas todas as instalações de apoio existentes (pontos elétricos, drenos e dutos).O principal problema a ser resolvido com a reforma será a adequação e qualificação do local de funcionamento da Radioterapia para atendimento as normativas vigentes (RDC 50/2002 da ANVISA, ABNT NBR 9050 de Acessibilidade, CNEN), possibilitando a instalação de 1 sala de comando adequada, 1 acelerador linear e 1 tomógrafo dentro do bunker existente (construído com 4 salas, sendo 3 inoperantes, aguardando adequação de infraestrutura, e 1 sala com acelerador linear em uso), o que garantirá conforto, segurança, acessibilidade e melhorias no atendimento aos pacientes oncológicos.Para a execução da obra de reforma o prazo estimado é de 12 meses após contratação da empresa construtora. Com a reforma do setor da Radioterapia do Hospital de Base do Distrito Federal será possível ampliar o atendimento a crescente demanda por tratamentos oncológicos da região.",612,4220,texto
Acelerador Linear,948704,,Proposta/Plano de Trabalho Aprovado,8629047,,010933-Acelerador Linear de Fótons e Elétrons (dual 10 MV),1,8629047,texto
Acelerador Linear,953730,,Proposta/Plano de Trabalho Aprovado,7252110,,010911-Acelerador Linear só de Fótons (monoenergético 6 MV),1,7252110,texto
Acelerador Linear,953735,,Proposta/Plano de Trabalho Aprovado,7085531,,010911-Acelerador Linear só de Fótons (monoenergético 6 MV),1,7085531,texto
Acelerador Linear,953744,,Proposta/Plano de Trabalho Aprovado,8355325,,010933-Acelerador Linear de Fótons e Elétrons (dual 10 MV),1,8355325,texto
Acelerador Linear,730663,2009,Prestação de Contas Concluída,3762000,257001,"Acelerador Linear para radioterapia com fótons com energia de 6MV - Console de controle digital microprocessado;- Sistema Magnetron de radiofreqüência;- Taxa de dose mínima menor ou igual a 100 unidades monitoras por minuto a um TSD de 100 cm em um campo de 10 cm x 10 cm;-Taxa de dose máxima maior ou igual a 600 unidades monitoras por minuto para feixes de fótons e 900 unidades monitoras para feixes de elétrons  a um TSD de 100 cm em um campo de 10 cm x 10 cm;- Comando manual de movimentos de mesa, gantry e colimador;-Controle local e remoto;-Modo operação para radiografia portal a partir do console;- Gantry com rotação de +/- 185º em relação ao vertical, com precisão de +/- 1º;-Suporte de acessórios para o colimador- 4 (quatro) dispositivos de localização de paciente a laser, sendo dois laterais, um sagital e um no teto;- Sistema de colimador assimétricos nas quatro lâminas, com rotação maior ou igual a 95º;- Penumbra de campo (10 cm x 10 cm) entre as curvas de 20-80% inferior a 10 mm;- Limite de dose em arco terapia de 0,5 a 5UM/grau;-Precisão de sistema dosimétrico de 1% ou 1 UM;-Distância do isocentro de 100 +/- 0,1cm;- Variação do isocentro menor ou igual a 1 mm- Tamanho de campos variáveis de 1 cm x 1 cm a 40 cm x 40 cm no Isocentro;- Laser back pointer;- Front pointer mecânico;-Sistema de display dos parâmetros do paciente de dentro da sala de tratamento;- 1 (um) Jogo de filtros em cunha de 15º, 30º, 45º, e 60º ou outro sistema de filtros que ofereça, no mínimo, estes quatro ângulos, filtro dinâmico;- 1 (um) conjunto de bandejas para suporte de acessórios sendo 30 unidades bandejas vazadas e 30 bandejas lisas;- Rampa de mama com angulação variando de 5º a 25º no mínimo composto por suporte de braço, pulso e cabeça;- 01 (um) sistema de colimador com multileaf de 120 lâminas;-01 (um) Sistema de imagem digital (Portal Vision);- Mesa de tratamento com movimentação longitudinal, lateral, vertical e rotacional com leituras e comando digital local e remoto, incluindo abertura central com rede ou grade;- Kit de peças de reposição- Sistema de refrigeração tipo Chiller com faixa de temperatura de trabalho compatível com a máquina;- Suporte para chassis, lateral, AP/PA;- 01 (um) Abaixador de ombro para tratamento de Cabeça e Pescoço;- Sistema de fixação de paciente na mesa composto de: 01 (um) suporte para fixação de máscara base padrão; 01 (um) suporte para fixação de máscara com anguladores de 0º a 45º; 01 (um) jogo de apoio de cabeça e pescoço com várias angulações; 50 (cinqüenta) máscaras termoplásticas para cabeça e pescoço com 2,4 mm de espessura. - Bandeja com retículo  para simulação;- 01 (um) Transformador e estabilizador de rede compatível com a máquina;- 01 (um) Par de Intercomunicador oral, de mesa, portátil, sem fio, com filtro amenizador de interferência e ruídos na linha que opere em freqüência diferentes com os de outras salas  (No mínimo 4 freqüências)- Câmara CCD ¼ color com zoom de 22x ótico e 10x digital, com monitor interno e externo de 14`` e  panoramizador de uso interno.",1,1440000,texto
Acelerador Linear,731380,2009,Prestação de Contas Concluída,"7275446,51",257001,"Aparelho para Radio Cirurgia - Utilizado em Tratamento no Departamento de Radioterapia.Características:Todos acessórios para sua colocação no aparelho que permitam sua utilização e funcionamento para tratamentos de radiocirurgia.Interface com sistema de planejamento computadorizado,habilitado e funcionando. Interface com sistema de gerenciamento de vários tipos, habilitado e funcionando.Este equipamento deverá permitir a realização de testes no Acelerador com filme e suporte. Acessório para a mesa de tratamento Verificação dos lasers e da consistência do isocentro.Verificação da precisão mecânica do Acelerador e Mesa de tratamento. O sistema permite liberdade máxima para de gantry e mesa.Incluso ponta metálica para alinhamento com o isocentro e marcação central no filme irradiado.Suporte de filme.Transferência rápida e segura das coordenadas do isocentro planejado. Alinhamento com os lasers dos gráficos gerados no computador.Documentação direta da posição do isocentro.Projeção do contorno da lesão em todas as visualizações ortogonais e do feixe de radiação.Possibilidade de uso em diversos tamanhos de pacientes.Verificação visual do posicionamento com a projeção do campo de luz.Mecanismos de trava para arco e máscara.Tenha marcadores adicionais para verificação e compensação após rotação da mesa. Localizadores de TC/RX e suporte. Trata-se de um sistema de referência de TC/RXpara localização estereotáxica de alvo,que tem as seguintes características:Fiduciais para localização em TC e compensação de tilt.Fiduciais removíveis para localização de Raios-X/DSA.Tenha longo alcance vertical para tratar lesões profundas.Suporte de imobilização de paciente compatível com todas as mesas de aparelhos de tomografia computadorizada.Seja fixável ao anel de cabeça e sistema de máscaras.Acessório para mesa de tratamento que permita fixação rápida e precisa a mesa de tratamento no acelerador linear.Ajuste fino para movimento AP,lateral e crânio caudal.Permite também calibração de tilt para compensar declinação da mesa.Travas de segurança para garantir estabilidade do ajuste.Não restringe os 360º de rotação do gantry.Possui adaptador removível para fixação do arco de cabeça ao acessório da mesa.Possuir um colimador de alta resolução.Usa sistema com lâminas entre 02mm a 5mm o no isocentro,sendo capaz de determinar o formato do tumor,o que possibilita um tratamento mais preciso e eficiente.É capaz de deslocar as lâminas com precisão igual ou superior/menor a 5 cm além do seu centro.Sistema segue protocolos internacionais de radiocirurgia,com suas lâminas centrais do campo gerando uma penumbra menor que 3mm.Sistema que atende aos padrões internacionais mencionados na AAPM 54 que regulamenta os parâmetros mínimos aceitos para realização de radiocirurgia.Sistema de dupla checagem do micro colimador,com verificação através de escovas eletrônicas monitoradoras de posicionamento de lâmina e controle de voltas do motor do sistema.Transmissão interfolhas menor que 2%.Possui um carrinho de serviço para fácil fixação/remoção do colimador no acelerador linear.Acompanha software de controle e estação de trabalho dedicada.Trata-se do mMLC controller mLCX,que utiliza microprocessador de última geração. Software de controle para micro colimador que assegura o controle do Interlock e o posicionamento das lâminas com segurança e precisão de 0,2 mm.Possui software compatível com os computadores de integração de funcionalidade de software e hardware, para sincronização automática entre os campos do acelerador e micro colimador e com seus respectivos sistemas de segurança. Possui interface de comunicação com o sistema de gerenciamento através de DicomRT.Software com os computadores de integração de funcionalidade de software e hardware para a sincronização automática entre campos do acelerador e multilâminas ou micro-multilâminas e com seus respectivos sistemas de segurança.Sistema de planejamento para radioterapia estereotáxica com multilâmilas ou micromultilâminas.Capaz de tratar casos arco conformado, arco dinâmico e estático.Características do software de planejamento iPlanApresenta a ferramenta Automatic Image Fusion que permite realizar fusões de diferentes modalidades de imagens em poucos segundos.Apresenta a ferramenta Fusão de Imagens Automática, além da possibilidade de realizar fusão com ajustes manuais e também através da definição de área específica de interesse, aumentando a precisão do sistema automático.Permite visualização da fusão da imagens em várias reconstruções e possui múltiplas ferramentas para checagem com Spyglass entre outras.Possibilita fusão de diversos sets de imagens tais como TC, RM(T1,T2,angio-RM).Permite também ajustem finos manuais nas imagens carregadas.Software capaz de delinear MAV usando imagens angiográficas,Software capaz de identificar fiduciais de localizadores de TC e RX, permitindo correlacionar automaticamente imagens de raios-X com as de TC para delimitação de objetos nos 2 tipos de imagens.",1,1761000,texto
Acelerador Linear,731675,2009,Prestação de Contas Concluída,2700000,257001,"AQUISIÇÃO DE UM ACELERADOR LINEAR DE ALTA ENERGIA, QUE SERÁ UTILIZADO PARA TRATAMENTO DE RADIOTERAPIA SUPERFICIAL E PROFUNDA AOS PACIENTES ATENDIDOS NO HOSPITAL DO CÂNCER DE CASCAVEL-UOPECCAN.",1,2700000,texto
Acelerador Linear,751043,2010,Prestação de Contas Concluída,2700000,257001,Acelerador Linear,1,2700000,texto
Acelerador Linear,752397,2010,Prestação de Contas Concluída,1634000,257001,"Acelerador linear para terapias por radiação de fótons e elétrons.Duas energias de fótons: 6 e 15MV.No mínimo quatro energias de elétrons.Colimadores independentes.Sistema de colimação Multilâminas(MultiLeat), integrado ao equipamento, com no mínimo 80 lâminas.Sistema de radiofreqüência gerado por válvula Klystron ou Magnetron.Equipamento habilitado para tratamento com Técnica de IMRT em  modo dinâmico e arco, além de radioterapia de corpo inteiro com fótons e elétrons.Portfilm graticuleMonitor LCD.Mesa em fibra de carbono, para permitir técnicas avançadas como IMRT e IGRT, com capacidade para peso mínimo de 180 Kg.Sistema de localização por laser.Sistema de Monitoramento por vídeo do paciente, durante tratamento.Kit com aplicadores para elétrons.",1,1634000,texto
Acelerador Linear,752772,2010,Prestação de Contas Concluída,4145000,257001,"Acelerador linear de partículas para radioterapia, com terapia por fótons com 2 energias de feixes de fótons de(6,10ou15MV) (porcentagem de dose profunda de 67% +/- 2,0%) com 10cm com campo de 10X10cm, a 100cm SSD(6Mv). Taxa de dose de 300 a 600unids. de monitor por minuto. Tamanho dos campos variáveis de 0,5X0,5cm a 40X40cm. Energias para feixes de elétrons: Mínimo de 3 energias (baixa, média e alta) exemplo 6, 9, 15 MeV. Sistema de distribuição de feixe através de guia acelerador de onda; Fonte de Rádio freqüência dotada de sistema Magnetron ou Klystron; Sistema de direção de feixe capaz de direcionar o feixe em eixos longitudinal e transversal em todos os ângulos do Gantry; Gantry com rotação de +/-180graus em relação vertical, precisão de +/- 1,0grau, controle local e remoto; Colimadores com rotação de 360º ou métodos similares; Colimação assimétrica e independente de ambos os colimadores,(superiores e inferiores), ambos capazes de cruzar o centro do campo; 02 pendentes de controle manual do aparelho(um p/reserva); Um jogo de filtros físicos de ângulo fixo, de no mínimo 15, 30, 45 e 60 graus, ou demais ângulos se houver. Dotado de sistema de filtros dinâmicos entre os ângulos de 10º e 60º. Neste item descrever os ângulos ofertados; Câmaras de monitoramento de dose para fótons, operando com correção independentemente da temperatura e pressão ambiente; Precisão do sistema dosimétrico de +/- 2% ou 1 UM; Variação máxima de dose de até 3%; Distância do isocentro de 100 cm +/- 0,1 cm; Variação do Isocentro de 1mm; Liberado para técnicas: IMRT , e/ou Dynamic IMRT (sliding window), e/ou dynamic MLC Arc IMRT. Contendo colimadores multifolhas; Com 40 ou mais pares de lâminas no sistema MLC, Com projeção no isocentro de 10mm ou menores, com segurança de transmissão das interfolhas que estejam dentro da tolerância recomendada pelos protocolos em vigência . Sistema com pelo menos 2 checagens de segurança de posicionamento de lâmina; Computador e software de controle; Computadores de integração de funcionalidade de software e hardware para a sincronização automática entre campos do acelerador e micro-multleaf e com seus respectivos sistemas de segurança; Deve ter interface de comunicação com sistema de planejamento, acelerador linear e sistema de gerenciamento; Capacidade de receber up-grades, para aumento do número de lâminas e ainda cones para realização de radiocirurgia; Interlocks com indicadores visíveis para assegurar a operação do acelerador e mostradores de parâmetros. Console de controle computadorizado com controles de operação do acelerador e mostradores de parâmetros.Capacidade de ajuste dos parâmetros mecânicos de tratamento no console de controle do acelerador, bem como internamente na sala de tratamento. Mesa completa com todos os movimentos motorizados podem ser acionados simultaneamente, máximo de grau de liberdade possível. Capacidade entre 150 a 200 Kg, (mínimo ou máximo, podendo ser aceito similares a esses pesos. Acessórios: Jogos de blocos manuais. Bandeja de magnificação para correção com régua. Ponteiro mecânico calibrado. Sistemas de posicionamento com 04 lasers contendo: 01 sagital, 01 no teto e 02 laterais, tratamento de água gelada, CHILLER compatível com o equipamento. 2 Câmeras de vídeo, de no mínimo 9”, com aproximação e com monitor externo. Intercomunicador, com sistema de emissão e retorno de voz (talk forward e talk back), para paciente e operador; Sistema de display dos parâmetros do paciente de dentro da sala de treinamento (in room monitor).COLIMADOR MULTIFOLHAS Contendo:- 40 ou mais pares de lâminas no mínimo,- Projeção no isocentro de 10 mm ou menor;- Possibilidade de deslocamento de pelo menos 5 cm além do centro;- Transmissão interfolhas menor ou igual a 3%; Sistema com pelo menos 2 checagens de segurança de posicionamento de lâmina;- Computador e software de controle; - Interface de comunicação com sistema de planejamento, acelerador linear e sistema de gerenciamento; - Capacidade de conformar campos de até 40 x 40 cm;- Capacidade para intensidade modulada de radiação IMRT;(Na descrição acima, pode ser aceito similar, desde que satisfaça as normas para operação da implantação do IMRT).Sistema de Planejamento Tridimensional com Licenças de software e hardware para 2 estações de trabalho; Módulo de importação de imagens, utilizando protocolos DICOM3 e DICOM RT, com suporte para as seguintes modalidades de imagem: CT, RMN e PET; Módulo de Registro de Imagens para fusão entre as diversas modalidades suportadas, a partir de pontos anatômicos, coordenadas DICOM ou utilizando Algoritmo Automático de Fusão de Imagens.",1,2300000,texto
Acelerador Linear,753902,2010,Prestação de Contas Concluída,2000000,257001,"Acelerador Linear de média energia (6MV-10MV), com menor energia de fótons de 6MV e maior energia de fótons de 10MV – compatível com o bunker autorizado para o funcionamento do aparelho, 5 energias de elétrons, com valor nominal mínimo de 5 MeV (inclusive) e máximo = ou maior que 16 Mev.Características principais:Console de controle digital microprocessado;Sistema Klystron ou Magnetron de radiofreqüência; Taxa de dose mínima menor ou = a 100 und monitoras por minuto para feixe de fótons a um TSD de 100cm em 1 campo de 10X10cm; Taxa de dose máxima maior ou = a 300 unidades monitoras por minuto para feixe de fótons a um TSD de 100 cm em um campo de 10X10cm; Taxa mínima de dose, para todos os feixes de elétrons, menor ou = a 400 unidades monitoras por minuto a um TSD de 95 cm em 1 campo de 10X10cm;Taxa máxima de dose para todos os feixes de elétrons, maior ou = a 850 unidades monitoras por minuto a um TSD de 95 a 100cm em 1 campo de 0X10cm;Dmax(cm) para 6 MV a 1,5 + ou - 0,2cm; Percentual de dose para 6 MV de 67% + ou - 2% a 10cm para campo 10cm X 10cm, a 100cm de SSD; Dmax(cm) para 10 MV a 2,4 + ou - 0,2cm;percentual de dose para 10MV de 73% + ou - 2% a 10cm p/ campo 10cmX10cm, a 100cm de SSD; Comando manual de movimentos de mesa e equipamento;Controle local e remoto; Modo operação para radiografia portal a partir do console; Colimador multi-lâminas interno com um mínimo de 80 lâminas e com capacidade de colimação em toda a extensão do maior campo aberto (40X40cm2);Gantry com rotação de mais ou menos 185º em relação ao vertical, com precisão de + ou - 1 grau;Suporte de acessórios para o colimador; 4 dispositivos de localização de paciente a laser, sendo dois laterais, um sagital e um no teto;Sistema de colimadores assimétricos em pelo menos uma das faces com rotação maior que 180º;Penumbra de campo (10X10)cm entre as curvas de 20-80% inferior a 10mm;Limite de dose em arcoterapia de 0,5 a 5UM/grau;Precisão de sistema dosimétrico de 1% ou 1 um;Linearidade de sistema dosimétrico de 1% ou 1 ;Distância do isocentro 100 + ou - 0,5cm; variação de isocentro menor ou = a 2mm; Tamanho de campos variáveis de 1 cm X 1cm a 40cm X 40cm; Laser back pointer; Front pointer mecânico; Sistema de display dos parâmetros do paciente de dentro da sala de tratamento;Um jogo de filtros em cunha de 15º, 30º,45º e 60º ou outro sistema de filtros que ofereça,no mínimo,estes 4 ângulos;1 conjunto de bandejas para suporte de acessórios sendo, 30 vazadas e 30 lisas;Mesa de tratamento com movimentação longitudinal,lateral,vertical e rotacional com leitura e comando digital local e remoto, incluindo os acessórios:Abertura central com rede, Suporte para chassis, lateral, AP/PA,Suporte de braços; Software de registro e verificação com capacidade de importação de arquivos DICOM RT e com capacidade de armazenamento dos dados de tratamento dos pacientes incluindo minimamente: nome e registro do paciente, tamanho de campo,ângulos de gantry, colimador e mesa, unidade monitora, acessórios (filtro, MLC e proteções) e número acumulado de aplicações, o software permitir a configuração automática dos parâmetros mecânicos do acelerador a partir do console;Sistema de fixação de paciente na mesa composto de:01 suporte para fixação de máscara base padrão; 01 suporte de máscara com anguladores de 0º a 45º; 01 jogo de apoio de cabeça e pescoço com várias angulações; 50 máscaras termoplásticas para cabeça e pescoço com 2,4mm de espessura; 01 aquecedor de água para máscaras termoplástica com dimensão compatível com as máscaras de quadril e pelve e de cabeça e pescoço; 03 suportes para fixação de máscara para quadril e pélvis e 20 moldes termoplásticos; Suporte de mama : suporte de braço, pulso e cabeça (por equipamento); Bandeja com retículo em chumbo para simulação;Sistema de refrigeração tipo chiller com faixa de temperatura de trabalho compatível com a máquina;01 transformador e estabilizador de rede compatível com a máquina; 01 par de Intercomunicador oral, de mesa, portátil, sem fio, com filtro amenizador de interferências e ruídos na linha que opere em freqüências diferentes com os de outras salas (no mínimo 4 frequencias);Câmara CCD ¼ color com zoom de 22Xótico e 10X digital com monitor interno e externo de 14 e panoramizador de uso interno; 2 Chassis de filme oncológico para mv; 1 cx de filme para MV;Conjunto dosimétrico : 2 câmaras cilíndricas de ionização tipo Farmer de 0,6cm3 parede de plástico (PMMA ou A-150) a prova d´água, com 10 metros de cabo cada e 1 eletrômetro digital compatível com as câmaras, com pelo menos 4,5 dígitos no mostrador, com voltagem de coleção variável (100-300V ou maior) e polaridade reversível+ ou - que meça corrente pA e carga elétrica de 1 nC; Barômetro ; termômetro; Higrômetro ; Fantoma de água; Cronômetro ; Paquímetro;Multímetro; Nível digital Verificador da estabilidade ; Sistema de verificação de alinhamento de campo luminoso e radiação, Câmara de placas parelelas; 01 monitor portátil de radiação.",1,2000000,texto
Acelerador Linear,755217,2010,Prestação de Contas Concluída,"3546809,79",257001,Acelerador Linear,1,3344000,texto
Acelerador Linear,760124,2011,Prestação de Contas Concluída,2610000,257001,Acelerador Linear de Alta Energia (até 15 MV),1,2610000,texto
Acelerador Linear,761567,2011,Convênio Anulado,1000000,257001,Acelerador Linear de Baixa Energia (até 6MV),1,1000000,texto
Acelerador Linear,762119,2011,Prestação de Contas Concluída,2600000,257001,Acelerador Linear de Alta Energia (até 15 MV),1,2600000,texto
Acelerador Linear,762122,2011,Prestação de Contas Concluída,2003000,257001,Acelerador Linear de Baixa Energia (até 6 MV),1,2003000,texto
Acelerador Linear,765389,2011,Prestação de Contas Concluída,"1973859,22",257001,Acelerador Linear de Alta Energia (acima de 6MV),1,1800000,texto
Acelerador Linear,765399,2011,Prestação de Contas Concluída,"5835987,08",257001,"Rendimentos da aplicação, complementação financeira para aquisição do equipamento Acelerador Linear.",1,"308920,58",texto
Acelerador Linear,765400,2011,Prestação de Contas Concluída,2500000,257001,"01 ACELERADOR LINEAR DE ALTA ENERGIA (6MV) - Acelerador Linear: Energia de fóton de 6 MV, no mínimo, com porcentagem de dose de 67,0% +/- 2,0% em 10cm com campo de 10 X 10cm, a 100cm SSD; Energia de fóton de 15 MV, no mínimo, com porcentagem de dose de 77,0% +/- 2,0% em 10cm com campo de 10 X 10cm, a 100cm SSD; Taxa de dose igual ou maior a 200 unidades de monitor por minuto para ambos os feixes de fótons a um SSD de 100cm; Quatro (04) faixas de energias de elétrons no mínimo, com taxa de dose variável a definir pela equipe médica; Tamanho dos campos variáveis de 0,5 X 0,5cm a 40 X 40cm; Capacidade para tratamentos de irradiação de corpo inteiro em Fótons (Sigla TBI) e Elétrons (Sigla TBE); Capacidade de alta taxa de dose em elétrons para pele (Sigla HDTSE), que possibilite taxas de 2500 UM/Min no isocentro, no mínimo; Capacidade de tratamento em arco dinâmico em fótons e elétrons ou com intensidade variada; Sistema de distribuição de feixe através de guia acelerador de onda estacionada, um canhão de elétrons desmontável e um maguineto de curva acromática de 270°; Sistema Klystron ou Magnetron de Rádio Freqüência; Sistema de direção de feixe capaz de direcionar o feixe em eixos longitudinal e transversal em todos os ângulos do Gantry; Gantry com rotação mínima de +/- 180° em relação vertical, precisão de +/- 1,0° , controle local e remoto; Colimador com rotação mínima de +/- 95°; Colimação assimétrica e independente de dois jogos de blocos, ambos capazes de cruzar o centro da linha; Um jogo de filtros de ângulo fixo (15, 30, 45 e 60 graus), e um bloco com movimento separado com o modo de operação de filtro dinâmico; Dispositivo de Cabeça Extendida do Acelerador (¿Extended Head Rotation¿), que permita a rotação mínima do colimador de +/- 95° a até +/- 165°, através de ¿software¿ e ¿hardware¿ específicos; Câmaras de monitoramento de dose seladas tanto para elétrons quanto para fótons, operando independentemente da temperatura e pressão ambiente; Possuir filtro dinâmico com os seguintes ângulos (10, 15, 20, 25, 30, 45, e 60 graus); Limites de dose em arcoterapia de 0,5 a 20 UM/grau; Precisão do sistema dosimétrico de +/- 1% ou 1 UM; Variação máxima de dose de até 3%; Distância do isocentro de 100cm +/- 0,2cm; Variação do isocentro de 1mm; Interface com sistema de planejamento computadorizado; Interlocks com indicadores visíveis para assegurar a operação do acelerador e mostradores de parâmetros; Console de controle computadorizado com controles de operação do acelerador e mostradores de parâmetros; Capacidade de ajuste dos parâmetros mecânicos de tratamento no console de controle do acelerador, bem como internamente; Alimentação 380/220V/60Hz, trifásico com potência de 50 KVA; Mesa de Tratamento: Material: fibra de carbono, tipo pedestal, com movimentos lateral, longitudinal, vertical, e rotacional, com controle remoto digital, permitindo o procedimento de radiocirurgia; Deslocamento lateral motorizado de no mínimo 25cm com velocidade variável e possibilidade de deslocamento manual; Deslocamento longitudinal motorizado de no mínimo 154,5cm com velocidade variável e possibilidade de deslocamento manual; Acionamentos simultâneos dos deslocamentos lateral e longitudinal; Deslocamento rotacional da mesa motorizado de no mínimo 95° com velocidade variável e possibilidade de deslocamento manual; Leitura de comando digital e remoto; Monitoração vertical contínua com velocidade variável; Dimensões mínimas do tampo; largura 50cm, comprimento 215cm; Capacidade mínima de até 180Kg; Deflexão máxima do tampo, totalmente estendido, menor ou igual a 5mm no isocentro, para carga de 82Kg igualmente distribuídos numa área de 50cm2 em torno do isocentro; Abertura no tampo (Rede) tipo ¿Mylar ¿ Raquete de tênis¿ com 62cm de comprimento e 48cm de largura,",1,2500000,texto
Acelerador Linear,765405,2011,Prestação de Contas Concluída,3053430,257001,Acelerador Linear de Baixa Energia (até 6 MV),1,"2642509,18",texto
Acelerador Linear,765414,2011,Prestação de Contas Concluída,2500000,257001,Acelerador Linear de Média Energia (até 10 MV),1,2500000,texto
Acelerador Linear,765426,2011,Prestação de Contas Concluída,5138200,257001,Acelerador Linear de Alta Energia (até 15 MV),1,2617020,texto
Acelerador Linear,765777,2011,Prestação de Contas Comprovada em Análise,"5964216,25",257001,A nova despesa refere-se à utilização de rendimentos de aplicação e será utilizada para complementar o item Acelerador Linear,1,"428657,47",texto
Acelerador Linear,762109,2012,Prestação de Contas Concluída,3820000,257001,Acelerador Linear de Alta Energia (até 15 MV),1,3820000,texto
Acelerador Linear,775494,2012,Prestação de Contas Concluída,4000000,257001,010933-Acelerador Linear de Média Energia (6 MV-10 MV),1,4000000,texto
Acelerador Linear,775501,2012,Prestação de Contas Concluída,"2039265,63",257001,010933-Acelerador Linear de Média Energia (6 MV-10 MV),1,"39265,63",texto
Acelerador Linear,775526,2012,Prestação de Contas Concluída,"4353025,29",257001,010911-Acelerador Linear de Baixa Energia (6 MV),1,"2925726,29",texto
Acelerador Linear,777371,2012,Prestação de Contas Concluída,"3049977,29",257001,Acelerador Linear de Partículas com Energia de Fóton de 6MV.,1,2500000,texto
Acelerador Linear,777928,2012,Prestação de Contas Concluída,1900000,257001,010911-Acelerador Linear de Baixa Energia (6 MV),1,1900000,texto
Acelerador Linear,778082,2012,Prestação de Contas Concluída,3000000,257001,"CÓD. 10933 ACELERADOR LINEAR, PARTES PEÇAS E ACESSÓRIOS1.1. Sistema de Planejamento 3D 1.1.1.  Hardware:i.  Computador com as especificações mínimas:a.   Monitor  Colorido  LCD/LED  com  dimensão  de  no  mínimo  19 polegadas, com resolução de 1280x960 dpi True Color ou maior;b.   Disco rígido com capacidade superior a 200 GB;c.   Memória RAM superior a 3 GB;d.   Leitor/Gravador de CD/DVD;e.   Duas ou + portas USB 2.0;f.   Placa de modem de taxa de transmissão igual ou superior a 56 Kbps;g.   Placa de rede.ii.   Impressora Laser Colorida com resolução igual ou superior a 1200x1200 dpi e com capacidade de impressão em papéis de tamanho A3 e A4;iii.   Sistema de backup por disco rígido externo ou fita LTO ou equivalente;v.   Scanner óptico de reflexão e transmissão para filmes radiológicos com área mínima de 40x30cm e resolução mínima de 1200x1200 dpi;vi.   Nobreak com capacidade compatível para todo o hardware e com autonomia mínima de 10 minutos.1.1.2.   Software:i.  Importação e exportação de imagens nos formatos DICOM 3.0 e DICOM RT;ii.  Importação e exportação de estruturas (contornos) e planos no formato DICOM RT;iii.  Importação de imagens no formato BMP, TIFF e JPG;iv.  Exportação de planos em formato DICOM RT;v.  Ferramentas de visualização de imagem com as seguintes opções:a. Suporte a mais de 100 imagens axiais;b. Reconstrução de cortes sagitais, coronais e oblíquos;c. Visualização 3D;d. Beam’s eyeview  com  opção  de  radiografia  reconstruída  digitalmente (DRR);e. Fusão  de  imagens   de   tomografia   computadorizada,   ressonância magnética e PET-CT.vi. Ferramentas de contorno com pelo menos as seguintes opções:a.  Delineação por densidade (número de CT);b. Auto-contorno multi-slice para o corpo;c.  Interpolação de contornos;d. Criação de margens assimétricas.vii. Cálculo de dose com as seguintes opções mínimas:a.  Cálculo para feixes clínicos de aceleradores lineares e aparelhos de 60Co;b. Cálculo de dose 3D para feixes de fótons e elétrons;c.  Cálculo 2D (campos irregulares sem imagens tomográficas);d. Cálculo para campos estáticos e rotacionais;e.  Cálculo  para  campos  isocêntricos  (SAD),  distância  fixa  (SSD)  e  distância estendida;f.  Cálculo de unidade monitor (acelerador linear) ou tempo de tratamento (60Co);g. Matriz de cálculo com resolução igual ou melhor que 5 mm;h. Correção para heterogeneidades;i.  Cálculo de fótons com os modificadores de feixes: bolus, filtros físicos, filtros dinâmicos, proteções, colimador multilâminas (MLC).viii.   Avaliação de planejamento com pelo menos as seguintes opções:a.  Superfícies de isodoses em visualização 3D;b. Linhas de isodoses em planos axiais, coronais, sagitais e oblíquos;c.  Histograma dose-volume diferencial e cumulativo.ix. Saída de dados com pelo menos as seguintes opções:a.   Impressão de isodoses em planos axiais, coronais, sagitais e oblíquos;b.   Impressão de histograma dose volume;c.   Impressão dos parâmetros de tratamento: ângulos de gantry, colimador e mesa, tamanho de campo, acessórios (bolus, filtros, proteções, MLC), unidade monitor ou tempo de tratamento;d.   Impressão de relatório com os parâmetros de cálculo de unidade monitor/tempo de tratamento;e.   Impressão do beam’seyeview com fator de magnificação controlado pelo usuário.1.3. Acelerador LinearAcelerador Linear com feixes de fótons e elétrons com feixes de fótons de 6 MeV e 10 MeV, com 5 energias de elétrons, com valor nominal mínimo menor ou igual a 6 MeV e valor nominal máximo igual ou maior que 16 MeV.1.3.1.  Características Gerais:i.  Console de controle microprocessado;ii.  Sistema Klystron ou Magnetron de radiofrequência com potência mínima de 5MW;iii.  Comando manual de movimentos de mesa e equipamento;iv.  Controle local e remoto;v.  Equipamento com possibilidade de upgrade para realização de procedimentos de radiocirurgia com cones e com colimadores do tipo multilâminas não necessariamente incorporado ao acelerador, com largura de lâmina projetada no isocentro igual ou menor a 3 mm;vi.  O  acelerador  linear  deve  permitir  upgrade,  com  a inclusão de software e hardware para execução de tratamentos por IMRT nas modalidades “stepandshoot” e “slidingwindows”, bem como possibilidade de upgrade para IGRT 3D de KV (CBCT),  arcoterapia com modulação de feixe (tipo VMAT ou RapidArc), Sistema EPID para imagens de MV, sem mudança da sua plataforma;vii. Gantry com rotação mínima de 365 graus em movimento contínuo com precisão melhor ou igual a ± 1 grau;viii. Sistema de colimação com os dois pares de colimadores com movimentos assimétricos;ix. Rotação motorizada mínima do colimador de 180 graus em movimento contínuo com precisão melhor ou igual a ± 1 grau;x.  Distância alvo-isocentro de (100,0 ± 0,2) cm;xi.  Variação do isocentro menor que esfera de raio de 1 mm;xii.  Indicadores mecânico e digital da posição do colimador SEM ESPAÇO SUFICIENTE PARA DESCRITIVO COMPLETO",1,2300000,texto
Acelerador Linear,780111,2012,Prestação de Contas Concluída,8000000,257001,010910-Acelerador Linear de Baixa Energia (6 MV),2,4000000,texto
Acelerador Linear,780603,2013,Prestação de Contas Concluída,3732558,257001,010933-Acelerador Linear de Média Energia (6 MV-10 MV),1,"2939679,57",texto
Acelerador Linear,780609,2013,Prestação de Contas Concluída,"3238143,36",257001,010933-Acelerador Linear de Média Energia (6 MV-10 MV),1,2500000,texto
Acelerador Linear,781906,2013,Prestação de Contas Concluída,2145000,257001,"Complementação devido a variação cambial, para aquisição de Acelerador Linear.",1,20000,texto
Acelerador Linear,792992,2013,Prestação de Contas enviada para Análise,"5908388,47",257001,utilização dos rendimentos de aplicação e será utilizado para complementar o valor do equipamento Acelerador Linear.,1,"287912,07",texto
Acelerador Linear,793057,2013,Prestação de Contas Comprovada em Análise,"5465686,86",257001,"Acelerador Linear de Fótons e Elétrons (dual 10 MV)- Acelerador Linear com feixes de fótons de 6 MV e 10 MV, com 5 energias de elétrons entre 6MeV e 16 MeV. ESPECIFICAÇÃO DE ACORDO COM O TR ANEXADO AO PARECER TE N° 215/2016, NA ABA PARECERES EM AJUSTE DE PT.",1,5000000,texto
Acelerador Linear,797270,2013,Prestação de Contas Concluída,"8325701,87",257001,Contrapartida financeira para complementação do valor do Acelerador Linear,1,"668523,29",texto
Acelerador Linear,797861,2013,Prestação de Contas Concluída,6676600,257001,"Acelerador Linear de Fótons (6 MV)      Esse bem foi reformulado, as especificações técnicas são apresentadas no Termo de Referência anexado em Documentos de Aprovação.",1,"5599993,25",texto
Acelerador Linear,797863,2013,Prestação de Contas Concluída,5354700,257001,Acelerador Linear de Fótons e Elétrons (dual 15 MV),1,"3820504,34",texto
Acelerador Linear,798397,2013,Prestação de Contas Concluída,3000000,257001,"010933-Acelerador Linear de Fótons e Elétrons (dual 10 MV)Características gerais do acelerador1.1	Para terapias por radiação de fótons com energia de 6 e 10 MV e elétrons. Equipamento habilitado para a realização de tratamentos com Radioterapia Conformacional 3D. O equipamento deve possibilitar upgrade para utilização no futuro de Radioterapia com intensidade modulada de feixe (IMRT), e VMAT(Volumetric Modulated Arc Therapy) e IGRT 3D;1.3 Jogo de no mínimo 4 (quatro) cones de tamanhos variados e no mínimo 4 (quatro) cones aplicadores circulares de diâmetros variados para tratamento com feixes de elétrons;2. GANTRY:2.1 Gantry com rotação de ± 180° em relação a vertical;3. COLIMADORES:3.1 Totalmente assimétricos, com pelo menos um jogo de blocos independentes; 3.2 Sistema de colimação multilâminas (MLC) com no mínimo 80 lâminas, e precisão de posicionamento de ± 1,0mm; 3.3 Campos variáveis de até 40x40cm (no isocentro) com incrementos de 1,0mm; 3.4 Filtros motorizados ou dinâmicos;3.5  Sistema de gerenciamento de lâminas;4. MESA DE TRATAMENTO: com topo de fibra de carbono.5. SISTEMA DE DOSIMETRIA E QUALIDADE:5.1	Suporte ortogonal para radiografias, para o planejamento com radiografias. 5.2	Câmara de ionização tipo poço e eletrômetro de 4,5 dígitos, com cabo de extensão de pelo menos 10 m. 5.3	Sistema de controle de qualidade que permite o uso de imagem direta ou indireta e que permite o uso de autorradiografia. 5.4	Detector de radiação independente a ser instalado dentro da sala, com repetidor fora da sala que sinaliza a presença de radiação na sala de tratamento. 6. ACESSÓRIOS:6.1 Duas rampas de localização e imobilização para tratamento de mama com ângulos variados.6.2 Dois Kits de suporte para imobilização de cabeça e pescoço com máscaras termoplásticas , trinta para Cabeça, cinquenta para cabeça e pescoço,  base plana, base com angulação e base para neuro-eixo;6.3 Dois extensores de braços para tratamento de tumores de cabeça e pescoço;6.4 Um sistema de fixação (tipo Vac-Fix) com 10 colchões de 70 x 100cm; 6.5 Três fixadores de bases planas e anguladas em mesas de tratamento e tomografia; 6.6 Dois Kits de suportes de tamanhos variados para joelhos e calcanhares; 7. GARANTIA E ASSISTÊNCIA TÉCNICA DO EQUIPAMENTO7.1 Garantia de no mínimo 01 ano para o Acelerador Linear, Sistema de Planejamento e Sistema de Gerenciamento, contados a partir da aceitação da máquina. 7.2 Durante o tempo de garantia, a empresa deverá fornecer, no mínimo 04 (quatro) visitas anuais de manutenção preventiva; 7.3 A empresa deverá garantir um up-time (tempo de operação) do equipamento igual ou maior a 97%. 8. Sistema de PlanejamentoDuas estações: Pelo menos uma para Planejamento Tridimensional,  Capacidade para Contornos, com 1 licença para cálculos 3D, e uma estação dedicada para contornos e revisão de planos. Devendo ser capaz de: Exportar dados do MLC para o sistema de gerenciamento, ter interface de comunicação com sistema de gerenciamento, possuir sistema de back-up;Computador e impressora compatíveis com o software com a seguinte configuração mínima para realizar todos os procedimentos permitidos e necessários. 9 Sistema de gerenciamento9.1 Sistema de gerenciamento computadorizado.Com Software clínico com todas as licenças necessárias para: administração e armazenamento das fichas clínicas dos pacientes, base de dados, registro, prontuário, agendamento, checagem de pacientes e administração e gerenciar planos de tratamento.9.2 Um servidor de dados compatível com o sistema; 9.3 Cinco estações de gerenciamento.10. ACESSÓRIOS DE SALA E INFRA-ESTRUTURA10.1	2 Sistemas de laser com regulagem, composto por unidades dispostas nas salas para os planos sagital, coronal e laterais, bem como front e back pointer.10.2	2 Circuitos fechados de TV bidirecional.10.3	Sistema de resfriamento (chiller) instalado com o acelerador, incluindo a tubulação de água gelada.10.4	Estabilizador de tensão compatível com o equipamento.",1,3000000,texto
Acelerador Linear,798406,2013,Prestação de Contas Concluída,3120930,257001,"010933-Acelerador Linear de Fótons e Elétrons (dual 10 MV)Sistema de Planejamento 3D para RadioterapiaComputador Monitor Colorido; Disco rígido mínimo 200 GB;RAM mínimo 24 GB;Leitor/Gravador de CD/DVD;Portas USB 2;Impressora Laser Colorida;Sistema de backup;Sistema de CR mono-cassete mínimo de 40 cassetes/hora,2cassetes CR para Radioterapia;2cassetes CR;Nobreak; Software Importação e exportação de imagens DICOM 3.0 e  RT de estruturas e planos DICOM RT;Exportação de planos DICOM RT;Ferramentas de visualização de imagem;Ferramentas de contorno;Avaliação de planejamento.Acelerador Linear com feixes de fótons e elétrons, com feixes de fótons de 6 MeV e 10 MeV, com 5 energias de elétrons, com valor nominal mínimo menor ou igual a 6 MeV e valor nominal máximo igual ou maior que 16 MeV;Console de controle microprocessado;Sistema de radiofreqüência;Comando manual de movimentos de mesa e equipamento;Controle local e remoto; Equipamento c/ possibilidade de upgrade p/ realização de procedimentos de radiocirurgia c/ cones e c/ colimadores do tipo multilâminas não necessariamente incorporado ao acelerador, c/ largura de lâmina projetada no isocentro =/&lt; a 3 mm, e admitindo ajuste do conjunto mecânico p/ um isocentro com variação =/&lt; que 1,5mm de diâmetro; Capacidade de execução de arcoterapia.Sistema DosimétricoSistema de câmaras de ionização composto pelo menos, dois canais independentes;Precisão do sistema dosimétrico de 1%;Linearidade do sistema dosimétrico para a faixa de 50 a 300 UM, em qualquer taxa de dose, de 1% ou 1 unidade monitoraMesa de Tratamento tampo e acessórios em fibra de carbono que possibilitem a irradiação em qualquer ângulo de gantry com atenuação desprezível;Capacidade para realizar simultaneamente todos os movimentos motorizados;Deslocamento rotacional da base da mesa motorizado;Deflexão máxima do tampo deverá ser menor ou igual a 5 mm no isocentro;Pelo menos dois pendentes para movimentação da mesa;Movimentação vertical contínua e com velocidade variável; Capacidade de até 200 kg;Acessórios de TratamentoSuporte de acessórios para o colimador;Jogo de filtros em cunha;Um conjunto de bandejas para suporte de proteções;Laser indicador da saída do feixe;Ponteira mecânica indicadora de distância fonte/isocentro;Monitor LCD;Dispositivos de localização;Uma bandeja; Suporte para cassete;Colimador Multilâminas interno c/ mínimo de 80 lâminas; Sistema de Registro e VerificaçãoSoftware de registro e verificação com capacidade de importação de arquivos DICOM RT;Software clínico com todas as licenças necessárias;Hardware compatível com o software especificado;Rede de dados, baseada em switch de 1 Gbps, para interligação dos computadores.Sistema de Posicionamento e Imobilização do Paciente Uma base para fixação de máscara;Um jogo  suportes de cabeça e pescoço;50 máscaras termoplásticas para cabeça e pescoço; Um aquecedor de água para máscaras termoplásticas;Rampa para tratamento de mama;Equipamentos de Controle de Qualidade e Dosimetria Câmaras cilíndricas de ionização;Eletrômetros digitais compatíveis com as câmaras oferecidas;Barômetro;Termômetro;Higrômetro;Objeto Simulador de água;Cronômetro; Paquímetro;Multímetro;Nível digital;Verificador da estabilidade e simetria do feixe; Sistema de verificação de alinhamento de campo luminoso e radiação; Monitores portáteis de radiação.",1,"2850255,34",texto
Acelerador Linear,798749,2013,Prestação de Contas Concluída,3000000,257001,010933-Acelerador Linear de Fótons e Elétrons (dual 10 MV),1,2800000,texto
Acelerador Linear,797860,2014,Prestação de Contas Concluída,2500000,257001,"Acelerador Linear de Fótons e Elétrons (dual 10 MV)- Sistema de Planejamento 3D para Radioterapia: Computador Monitor Colorido; Disco rígido mínimo 200 GB;RAM mínimo 24 GB; Leitor/Gravador de CD/DVD; Portas USB 2;Impressora Laser Colorida; Sistema de backup; Sistema de CR mono-cassete mínimo de 40 cassetes/hora,2cassetes CR para Radioterapia;2cassetes CR; Nobreak; Software Importação e exportação de imagens DICOM 3.0 e  RT de estruturas e planos DICOM RT; Exportação de planos DICOM RT; Ferramentas de visualização de imagem; Ferramentas de contorno;Avaliação de planejamento. Acelerador Linear com feixes de fótons e elétrons, com feixes de fótons de 6 MeV e 10 MeV, com 5 energias de elétrons, com valor nominal mínimo menor ou igual a 6 MeV e valor nominal máximo igual ou maior que 16 MeV; Console de controle microprocessado; Sistema de radiofreqüência; Comando manual de movimentos de mesa e equipamento; Controle local e remoto; Equipamento c/ possibilidade de upgrade p/ realização de procedimentos de radiocirurgia c/ cones e c/ colimadores do tipo multilâminas não necessariamente incorporado ao acelerador, c/ largura de lâmina projetada no isocentro =/&lt; a 3 mm, e admitindo ajuste do conjunto mecânico p/ um isocentro com variação =/&lt; que 1,5mm de diâmetro; Capacidade de execução de arcoterapia. Sistema Dosimétrico: Sistema de câmaras de ionização composto pelo menos, dois canais independentes; Precisão do sistema dosimétrico de 1%;Linearidade do sistema dosimétrico para a faixa de 50 a 300 UM, em qualquer taxa de dose, de 1% ou 1 unidade monitora. Mesa de Tratamento: tampo e acessórios em fibra de carbono que possibilitem a irradiação em qualquer ângulo de gantry com atenuação desprezível; Capacidade para realizar simultaneamente todos os movimentos motorizados; Deslocamento rotacional da base da mesa motorizado; Deflexão máxima do tampo deverá ser menor ou igual a 5 mm no isocentro; Pelo menos dois pendentes para movimentação da mesa; Movimentação vertical contínua e com velocidade variável; Capacidade de até 200 kg. Acessórios de Tratamento: Suporte de acessórios para o colimador;Jogo de filtros em cunha;Um conjunto de bandejas para suporte de proteções; Laser indicador da saída do feixe;Ponteira mecânica indicadora de distância fonte/isocentro; Monitor LCD; Dispositivos de localização; Uma bandeja; Suporte para cassete;  Colimador Multilâminas interno c/ mínimo de 80 lâminas; Sistema de Registro e Verificação: Software de registro e verificação com capacidade de importação de arquivos DICOM RT;Software clínico com todas as licenças necessárias; Hardware compatível com o software especificado; Rede de dados, baseada em switch de 1 Gbps, para interligação dos computadores.Sistema de Posicionamento e Imobilização do Paciente: Uma base para fixação de máscara;Um jogo  suportes de cabeça e pescoço;50 máscaras termoplásticas para cabeça e pescoço; Um aquecedor de água para máscaras termoplásticas ;Rampa para tratamento de mama; Equipamentos de Controle de Qualidade e Dosimetria: Câmaras cilíndricas de ionização; Eletrômetros digitais compatíveis com as câmaras oferecidas; Barômetro; Termômetro; Higrômetro; Objeto Simulador de água; Cronômetro; Paquímetro; Multímetro; Nível digital; Verificador da estabilidade e simetria do feixe; Sistema de verificação de alinhamento de campo luminoso e radiação; Monitores portáteis de radiação.OPCIONAIS (DESCREVER): POSSUI, ACESSÓRIO(S): POSSUI.",1,2500000,texto
Acelerador Linear,797862,2014,Prestação de Contas Concluída,4086456,257001,Acelerador Linear de Fótons e Elétrons (dual 10 MV),1,4086456,texto
Acelerador Linear,799639,2014,Prestação de Contas Comprovada em Análise,3300000,257001,010933-Acelerador Linear de Fótons e Elétrons (dual 10 MV),1,3300000,texto
Acelerador Linear,801974,2014,Prestação de Contas Comprovada em Análise,"3811926,14",257001,UTILIZAÇÃO DOS RENDIMENTOS DE APLICAÇÃO PARA COMPLEMENTAÇÃO DO VALOR DE AQUISIÇÃO DO ACELERADOR LINEAR.,1,"205311,72",texto
Acelerador Linear,804520,2014,Prestação de Contas Concluída,2800000,257001,010933-Acelerador Linear de Fótons e Elétrons (dual 10 MV),1,2800000,texto
Acelerador Linear,811353,2014,Prestação de Contas Concluída,"5731340,7",257001,Rendimentos de Aplicação Financeira que será utilizado para complementar o valor do equipamento Acelerador Linear de Fótons e Elétrons.,1,"78123,15",texto
Acelerador Linear,811818,2014,Prestação de Contas Concluída,3200000,257001,010933-Acelerador Linear de Fótons e Elétrons (dual 10 MV),1,3200000,texto
Acelerador Linear,812878,2014,Prestação de Contas Concluída,"2952686,96",257001,010911-Acelerador Linear só de Fótons (monoenergético 6 MV),1,"2679131,4",texto
Acelerador Linear,812943,2014,Prestação de Contas Concluída,"2803146,53",257001,010911-Acelerador Linear só de Fótons (monoenergético 6 MV),1,2550000,texto
Acelerador Linear,824464,2015,Prestação de Contas Concluída,"4814232,41",257001,ACELERADOR LINEAR DE FÓTONS ELÉTRONS (10 MV),1,4580000,texto
Acelerador Linear,824843,2015,Prestação de Contas Concluída,3650000,257001,010933-Acelerador Linear de Fótons e Elétrons (dual 10 MV),1,3650000,texto
Acelerador Linear,826995,2016,Prestação de Contas Concluída,3400000,257001,010911-Acelerador Linear só de Fótons (monoenergético 6 MV),1,3400000,texto
Acelerador Linear,835093,2016,Prestação de Contas Concluída,"3032589,51",257001,010911-Acelerador Linear só de Fótons (monoenergético 6 MV),1,2800000,texto
Acelerador Linear,886284,2019,Prestação de Contas em Análise,"6870327,38",257001,010911-Acelerador Linear só de Fótons (monoenergético 6 MV),1,6739182,texto
Acelerador Linear,892022,2019,Prestação de Contas enviada para Análise,6500000,257001,010933-Acelerador Linear de Fótons e Elétrons (dual 10 MV),1,6500000,texto
Acelerador Linear,904824,2020,Prestação de Contas enviada para Análise,8582888,257001,010933-Acelerador Linear de Fótons e Elétrons (dual 10 MV),1,8582888,texto
Acelerador Linear,905903,2020,Prestação de Contas Concluída,480000,250107,"Em atendimento a senhora Lilian Danielly referente aos pontos:1.2 ? letras A e B ? Serviços de obra ?Combate ao incêndio?: Será realizado melhorias tais como Iluminação de Emergência, Sinalização para rota de fuga e trocas de caixas de hidrantes.Com relação as esquadrias retiradas, temos a informar que será substituída  a porta de vidro da entrada principal com o mesmo material,  sendo com  vidro temperado de 10mm.Com relação as grades serão retiradas para facilitar o fluxo dos pacientes , as quais não serão substituídas.Visando atender nossos pacientes do Serviço de Radioterapia de uma forma mais confortável e humana, buscamos a reforma nas  nossas instalações físicas internas,  composta dos ambientes  Recepção /Sala de Espera, Consultório para atendimento do psicólogo, Consultório para atendimento da Assistência do Serviço Social, Sala de Repouso, Sala de Preparo do Paciente, Sala de Reuniões  e  Sala de Física Médica . Sendo esta última com instalações físicas comum as demais acima citada, pois é um ambiente com paredes, pisos, forros, enfim, toda instalação física comum as demais. Esta sala é utilizada apenas  pelo profissional físico médico que planeja  todo tratamento radioterápico,  e por último,  circulações e banheiros para funcionários e  público Masculino e Feminino. Esclarecemos que  referido setor(radioterapia), o qual  possui salas com  especificidades de instalações físicas, não serão contempladas nesta reforma, as quais são: Sala de Radioterapia (ambiente que possui o equipamento do Acelerador Linear com a função de aplicação  da radioterapia nos campos planejados pelo médico físico) , Sala de comando da Radioterapia e ainda a Sala de Braquiterapia e Planejamento da Braquiterapia (ambiente que possui o equipamento de Braquiterapia, o qual funciona  para o tratamento de tumor de colo de útero). Os serviços a serem executados na  reforma são; demolição de forro de Gesso, piso , recuperação de todo o reboco danificado,   retirada de eletrodutos , cabos , fios, Interruptores, tomadas e luminárias  ( elétrico, telefônico, lógico, Som, climatização,  iluminação de emergência e tv ), serviços de Combate a incêndio,  retirada das Esquadrias  ( portas da entrada principal  em vidro e grades de proteção ) e pintura. Mediante as ações acima citadas, logo após  serão executados novas  instalações  substituindo todo material  removido e com relação a pintura será feita com tinta látex, o gesso  acartonado e o piso de porcelanato. Tudo conforme projetos dos profissionais: Arquiteto, Engenheiro Civil e Elétrico.",300,1600,texto
Acelerador Linear,922590,2021,Prestação de Contas enviada para Análise,13259371,257001,010933-Acelerador Linear de Fótons e Elétrons (dual 10 MV),1,8901000,texto
Acelerador Linear,922620,2021,Prestação de Contas Concluída,6970000,257001,010911-Acelerador Linear só de Fótons (monoenergético 6 MV),1,6970000,texto
Acelerador Linear,924066,2021,Prestação de Contas em Análise,9862386,257001,Acelerador Linear de Fótons e Elétrons (dual 10 MV),1,"9038799,16",texto
Acelerador Linear,924078,2021,Prestação de Contas em Complementação,"12277812,66",257001,ACELERADOR LINEAR DE FÓTONS E ELÉTRONS,1,"377812,66",texto
Acelerador Linear,925320,2021,Em execução,11932160,257001,010933-Acelerador Linear de Fótons e Elétrons (dual 10 MV),1,11932160,texto
Acelerador Linear,925324,2021,Prestação de Contas Concluída,"10900561,75",257001,010910-Acelerador Linear de Fótons e Elétrons (dual 15 MV),1,10111479,texto
Acelerador Linear,937610,2022,Prestação de Contas enviada para Análise,12898384,257001,010933-Acelerador Linear de Fótons e Elétrons (dual 10 MV),1,10970854,texto
Acelerador Linear,947524,2023,Em execução,8823709,257001,011806-Acelerador Linear (Básico-Intermediário),1,8823709,texto
Acelerador Linear,947527,2023,Em execução,15519124,257001,11806-Acelerador Linear (Recursos avançados com IGRT 3D),1,8517685,texto
Acelerador Linear,948684,2023,Em execução,"10955051,5",257001,011807-Acelerador Linear (Recursos Avançados com IGRT 3D),1,"10955051,5",texto
Acelerador Linear,948685,2023,Em execução,8744495,257001,11807- Acelerador Linear (Recursos avançados com IGRT 3D),1,8744495,texto
Acelerador Linear,948686,2023,Em execução,9500000,257001,010911-Acelerador Linear só de Fótons (monoenergético 6 MV),1,9500000,texto
Acelerador Linear,948687,2023,Em execução,8855324,257001,010933-Acelerador Linear de Fótons e Elétrons (dual 10 MV),1,8855324,texto
Acelerador Linear,948691,2023,Em execução,10378916,257001,010911-Acelerador Linear só de Fótons (monoenergético 6 MV),1,10378916,texto
Acelerador Linear,948692,2023,Em execução,14632696,257001,010911-Acelerador Linear só de Fótons (monoenergético 6 MV),2,7316348,texto
Acelerador Linear,948694,2023,Prestação de Contas enviada para Análise,10000000,257001,011807-Acelerador Linear (Recursos Avançados com IGRT 3D),1,10000000,texto
Acelerador Linear,948695,2023,Em execução,8826551,257001,010933-Acelerador Linear de Fótons e Elétrons (dual 10 MV),1,8826551,texto
Acelerador Linear,948696,2023,Prestação de Contas Concluída,8673095,257001,011807-Acelerador Linear (Recursos avançados com IGRT 3D).,1,8673095,texto
Acelerador Linear,948698,2023,Em execução,8535269,257001,010933-Acelerador Linear de Fótons e Elétrons (dual 10 MV),1,8535269,texto
Acelerador Linear,949775,2023,Em execução,9303655,257001,010933-Acelerador Linear de Fótons e Elétrons (dual 10 MV),1,9300000,texto
Acelerador Linear,953401,2023,Em execução,8489623,257001,11807 - Acelerador Linear (Recursos avançados com IGRT 3D),1,8489623,texto
Acelerador Linear,953716,2023,Em execução,10727121,257001,010910-Acelerador Linear de Fótons e Elétrons (dual 15 MV),1,10500000,texto
Acelerador Linear,953718,2023,Em execução,8822643,257001,010933-Acelerador Linear de Fótons e Elétrons (dual 10 MV),1,8822643,texto
Acelerador Linear,953726,2023,Em execução,8488912,257001,010910-Acelerador Linear de Fótons e Elétrons (dual 15 MV),1,8488912,texto
Acelerador Linear,953739,2023,Em execução,8250500,257001,010911-Acelerador Linear só de Fótons (monoenergético 6 MV),1,7850500,texto
Acelerador Linear,953741,2023,Em execução,8872374,257001,011807-Acelerador Linear (Recursos avançados com IGRT 3D),1,8872374,texto
Acelerador Linear,953743,2023,Aguardando Prestação de Contas,9676502,257001,11806-Acelerador Linear (Básico - Intermediário),1,9676502,texto
Acelerador Linear,953746,2023,Em execução,7648482,257001,010911-Acelerador Linear só de Fótons (monoenergético 6 MV),1,7648482,texto
Acelerador Linear,954006,2023,Prestação de Contas enviada para Análise,8508094,257001,010933-Acelerador Linear de Fótons e Elétrons (dual 10 MV),1,8508094,texto
Acelerador Linear,954391,2023,Em execução,7187873,257001,11806-ACELERADOR LINEAR(BÁSICO – INTERMEDIÁRIO),1,7187873,texto
Acelerador Linear,954392,2023,Em execução,7328027,257001,11806- Acelerador Linear (Básico - Intermediário),1,7328027,texto
Acelerador Linear,954398,2023,Em execução,10000000,257001,11806 - Acelerador Linear (Básico - Intermediário),1,10000000,texto
Acelerador Linear,954413,2023,Prestação de Contas em Análise,11496895,257001,11806-Acelerador Linear (Básico Intermediário),1,11496895,texto
Acelerador Linear,954420,2023,Em execução,"9434738,05",257001,010933-Acelerador Linear de Fótons e Elétrons (dual 10 MV),1,"9434738,05",texto
Acelerador Linear,953750,2024,Em execução,7015893,257001,010911-Acelerador Linear só de Fótons (monoenergético 6 MV),1,7015893,texto
Acelerador Linear,954390,2024,Em execução,9325690,257001,011806-Acelerador Linear (Básico - Intermediário),1,9325690,texto
Acelerador Linear,954404,2024,Em execução,8800087,257001,010933-Acelerador Linear de Fótons e Elétrons (dual 10 MV),1,8800087,texto
Acelerador Linear,961247,2024,Em execução,10574888,257001,011807-Acelerador Linear (Recursos avançados com IGRT 3D),1,10574888,texto
Acelerador Linear,968527,2024,Em execução,11603196,257001,011806-Acelerador Linear (Básico - Intermediário),1,11603196,texto
Acelerador Linear,970621,2024,Em execução,10241429,257001,011806-Acelerador Linear (Básico - Intermediário),1,10241429,texto
Acelerador Linear,971195,2024,Em execução,10500000,257001,011807-Acelerador Linear (Recursos avançados com IGRT 3D),1,10500000,texto
Acelerador Linear,971252,2024,Em execução,"96073925,42",250107,"O Hospital Regional de Alagoinhas localizado na Rodovia BR-110. Terá uma área construída de 23.262,09 m² com Urgência / Emergência Adulto e pediátrica. Internação com 150 leitos; UTI Adulto - 20 leitos; UTI Pediátrica - 10 leitos Apoio ao Diagnóstico e Terapia: Setor de Imagem com salas de Tomografia, Ressonância Magnética, Raio X; Ultrassonografia, Mamografia e ECO, Métodos Gráficos ? com salas de EEG e ECG: Serviço de Endoscopia; Unidade de Hemodinâmica; Centro Cirúrgico com 6 salas; Agência Transfusional; Serviço de Terapia Anti Neoplásica ? 18 poltronas e 02 leitos; Serviço de Radioterapia ? Acelerador Linear e Braquiterapia; Apoio Técnico: CME - Central de Material Esterilizado; Apoio Administrativo; Apoio Logístico.A obra do Hospital Regional de Alagoinhas encontra-se em execução e os recursos utilizados até o momento correspondem à contrapartida do Estado.A obra do Hospital Regional de Alagoinhas encontra-se em execução, 44,15% de execução física, e utilização de recursos do tesouro do Estado da Bahia Contrato Nº 134/2024, oriundo de licitação realizada pela Companhia de Desenvolvimento Urbano do Estado da Bahia - CONDER, para Contratação Integrada de Empresa Especializada visando à Elaboração de Projetos Básicos e Executivos e à Execução das Obras de Construção do Hospital Regional de Alagoinhas-BA, Processo Administrativo SEI nº 019.5043.2023.0071704-61.",23262,"4130,08",texto
Acelerador Linear,973049,2024,Em execução,12154901,257001,011807-Acelerador Linear (Recursos avançados com IGRT 3D),1,12154901,texto
Acelerador Linear,985655,2025,Em execução,9976112,257001,011806-Acelerador Linear (Básico - Intermediário),1,9976112,texto
Mamografo,716777,,,250000,,"Aquisição de mamógrafo para implantação do serviço de mamografia visando a melhoria do atendimento da população microrregional.DESCRIÇÃO DO SISTEMA DE MAMOGRAFIABÁSICO: Posicionamento de elevação e angulação motorizados, Giratório 195 a-165°, Magnificação 1,8x.GERADOR DE RX - 3,2KV: 20 a 39 KV de um em um, 3,0mAs a 500 mAs, 100mA de foco grosso e 30 mA de foco fino.TUBO DE RAIOS X: Anodo giratório de MB de alta rotação maior que 9.000RPM cap. térmica 300.000 HU, Controle automatico de exposição através de células sensórias. SELEÇÃO DE PARÂMETROS DE EXPOSIÇÃO-SISTEMA DE CONTROLE DE COMPRESSÃO: Pré compressão com ajuste fino manual; Compressão total automática através de pedal.COLIMAÇÃO AUTOMÁTICO DE ACORDO COM O TIPO DE COMPRESSOR-CONFIGURAÇÃO: Bucky com grade 18x24 e 24x30 cm com respectivos compressores; Identificador de filme na mesa de comando; Plataforma de magnificação, Compressor de contato 10,0cm, Compressor de magnificação 7,5cm e Compressor fenestrado.",1,250000,texto
Mamografo,748682,,Proposta/Plano de Trabalho Aprovado,204000,,Mamógrafo,1,160000,texto
Mamografo,748842,,Proposta/Plano de Trabalho Aprovado,150000,,Mamógrafo,1,150000,texto
Mamografo,768042,,Proposta/Plano de Trabalho Aprovado,600000,,Mamógrafo Digital,1,150000,texto
Mamografo,797852,,Proposta/Plano de Trabalho Aprovado,740000,,"Mamógrafo digital com detector integrado (DR) com tecnologia de conversão direta de aquisição da imagem por um detector de tela plana de selênio amorfo (a-Se). Movimentos isocêntricos de +/- 180°, gerador de alta frequência, multipulso, microprocessado, potência entre 3,2 kW a 8 kW, anodo giratório de molibdênio/tungstênio. Capacidade  de armazenamento térmico do anodo mínima de 160.000 hu. Capacidade de armazenamento térmico do tubo mínima de 1.500.00 hu. Faixa de kV: 23 a 35 kV em incrementos de 1 kV. Distância foco filme superior a 60 cm, dispositivo de compressão da mama motorizada e automática, descompressão automática ou manual da mama; janela de berílio, pontos focais de 0,3 mm para incidências de rotina e 0,1 mm para magnificação, controle automático de exposição (modos de operação: automático, semi-automático e manual) e protocolos com respostas automáticas otimizadas para mamografia digital: possuir alvos rotativos (anodo) de Molibdênio (Mo) e Tungstênio (W), e filtros, permitindo as seguintes combinações Anodo / Filtro: Mo / Mo, Mo / Rh e W / Rh. - área ativada do detector igual ou maior a 24 x 29cm. Acurácia da tensão o tubo: desvio máximo de 1 kV. Tamanho do pixel máximo de 70 micro metros, profundidade do bit: mínimo 12 bits. O sistema de compressão deverá permitir a sua utilização de forma manual ou automática. As placas de compressão devem permitir a sua desmontagem e montagem de forma rápida e simples. O sistema de compressão (quando utilizado de forma automática) deve ser controlado por microprocessador, para garantir força de compressão otimizada e excelente qualidade de imagem.Fantoma para controle de qualidade de mamografia digital. Ferramentas de suporte para controle de qualidade integrado, como ROI (região de interesse).Os seguintes acessórios devem acompanhar o mamógrafo: bucky com grade e compressores 18 x 24 cm e 24 x 30 cm, plataforma de magnificação, compressores localizadores de detalhe (spot) e plano. Os pedais devem possuir os comandos de controle da altura e compressão motorizada. O colimador deve possuir posicionamento automático, para os tamanhos de campo de raios-X, dependendo da placa de compressão utilizada.Estação de aquisição com monitor de 2 Mega Pixel, com teclado, monitor e computador compatíveis. Instalação, suporte e treinamento oferecido pelo fabricante do sistema. Estação de trabalho com software dedicado a revisão de imagens de mamografia, com todos os recursos disponíveis para o processamento e manipulação dos parâmetros de imagem com monitor dual de 5 M Pixels: Lupa, zoom, medidas de distância, rotação de imagem e função espelho, ajuste de brilho e contraste, inversão de imagem, anotações de textos, ângulo e densidade e exibição automática de imagem de acordo com a projeção. Possuir registro válido na ANVISA.No-break com potência de 10 kVA (01 unidade), tensão de alimentação - 220 V +/- 10% monofásico 60Hz, tipo online dupla conversão, com transformador isolador na saída e blindagem eletrostática, com fator de potencia de 0,8 e autonomia mínima de 15 minutos em carga plena.No-break com potência de 2 kVA (02 unidades), tipo online dupla conversão, com entrada 220V monofásico e saída 220V senoidal pura. Com fator de potencia de 0,8 e autonomia mínima de 10 minutos em carga plena.",1,635688,texto
Mamografo,808235,,Proposta/Plano de Trabalho Aprovado,300000,257001,000277-Mamógrafo Convencional,1,140000,texto
Mamografo,858390,,Proposta/Plano de Trabalho Aprovado,783850,,010925-Mamógrafo Digital,1,783850,texto
Mamografo,883459,,Proposta/Plano de Trabalho Aprovado,970774,,010925-Mamógrafo,1,850774,texto
Mamografo,886423,,Proposta/Plano de Trabalho Aprovado,250000,,010925-Mamógrafo,1,250000,texto
Mamografo,900882,,Proposta/Plano de Trabalho Aprovado,1000000,,010925-Mamógrafo,1,900000,texto
Mamografo,916732,,Proposta/Plano de Trabalho Aprovado,1099923,257001,010925-Mamógrafo,1,989760,texto
Mamografo,922298,,Proposta/Plano de Trabalho Aprovado,1500000,,010925-Mamógrafo,1,1397700,texto
Mamografo,716619,2009,Prestação de Contas Concluída,100000,257001,"Mamógrafo de alta resolução COMANDO / GERADOR: Alta freqüência com controle microprocessado Potência nominal de 3,5 kW;Comandos independentes de alta precisão para: Faixa de kV: 20 a 35 kV, com sensibilidade de 1 kV; Ajuste programável até 800 mAs com proteção de sobrecarga no tubo; Modos de exposição (aplicáveis em foco fino e foco grosso): Manual; Semi-automático; Automático; Automático-otimizado; Seletor de focos com proteção integrada digital: Micro foco= 0,1mm – baixo mA; Foco fino= 0,3mm – médio mA e alto mA; Temporizador microprocessado programável até 200 posições;Indicador digital de kV, mA, tempo e mA; Sistema de controle e proteção de rotação do ânodo giratório; Frenagem do anodo do tubo após exposição de Raios-X Bloqueio eletrônico para proteção integrada de kV e mAs contra sobrecargas no tubo de raios-x; Proteção térmica do tubo, proteção contra falta de filamento; Circuitos em dois estágios para emissão de raios-x; EXPOSÍMETRO: Controle automático de exposição por sistema micriprocessado, com quatro campos de aquisição: Seleção para três combinações – écran/filme; Seleção de densidade em cinco níveis; Detectores em estado sólido com posicionamento de profundidade; Biombo de proteção para operador; Estrutura geral: Comando, Base interna – Chapa de aço,Revestimento – Fibra de vidro, Gerador – Chapa de aço, Acabamento: Pintura Eletrostática, Dimensões: Coluna: Altura: 2.100 mm (máx), 550 mm (min) Largura: 650 mm Profundidade: 1.250 mm, Comando Eletrônico: Altura: 710 mm Largura: 505 mm Comprimento: 510 mm Vidro com suporte / comando: Altura: 1.890 mm Largura: 600 mm Comprimento: 450 mm Rede monofásica / bifásica 220 / 60Hz.",1,100000,texto
Mamografo,718315,2009,Prestação de Contas Concluída,110000,257001,aQUISIÇÃO DE UM MAMÓGRAFO.,1,110000,texto
Mamografo,744879,2010,Prestação de Contas Concluída,500000,250107,"Reforma da Unidade de Radiologia do Hospital regional de Planaltina:o	Esta reforma contemplará toda unidade cuja área é de 298m², composta por áreas de  exames, apoio e administrativa;o	Trocar todo o piso da unidade de paviflex, para piso de alta resistência ( 298m²);o	Pintura geral e recuperação de  tetos e paredes de toda Unidade de Radiologia;o	Recuperar todas as portas, guichês, visores e esquadrias;o	Substituir todas as portas plumbíferas;o	Reformar e  executar novos sanitários; o	Criação de três novas salas de exames, com paredes baritadas, obedecendo normas da ANVISA,  legislação da Segurança do Trabalho e todas as exigências legais:1	Sala para tomógrafo - 01 (uma);2	Sala para mamógrafo – 01 (uma);3	Sala para RX de teto – 01 (uma);o	Demolição e execução de alvenaria de acordo com a necessidade da unidade.o	Todas as instalações deverão ser revisadas e redimensionadas, conforme as necessidades desta unidade.o	Instalação de ar gelado (ar condicionado central) em todo ambiente conforme normas;o	Adequação da rede lógica para todos ambientes da Unidade de Radiologia;o	Adequação da rede elétrica para todos ambientes da Unidade de Radiologia;",1,500000,texto
Mamografo,748683,2010,Prestação de Contas Concluída,"268576,68",257001,Mamógrafo,1,160000,texto
Mamografo,749899,2010,Prestação de Contas Concluída,150000,257001,Mamógrafo,1,150000,texto
Mamografo,750170,2010,Prestação de Contas Concluída,312465,257001,Mamógrafo,1,252000,texto
Mamografo,750236,2010,Prestação de Contas Concluída,500000,257001,Mamógrafo,1,146500,texto
Mamografo,750241,2010,Prestação de Contas Rejeitada,200000,257001,Mamógrafo,1,110000,texto
Mamografo,751080,2010,Prestação de Contas Concluída,"204081,73",257001,Mamógrafo,1,110000,texto
Mamografo,752426,2010,Prestação de Contas Comprovada em Análise,1388600,257001,Mamógrafo,1,150000,texto
Mamografo,757045,2011,Prestação de Contas Concluída,"345211,71",257001,Mamógrafo,1,130000,texto
Mamografo,757913,2011,Prestação de Contas Concluída,474770,257001,Mamógrafo,1,140000,texto
Mamografo,761683,2011,Prestação de Contas Concluída,14300000,257001,Mamógrafo Digital,7,680000,texto
Mamografo,762129,2011,Prestação de Contas Concluída,800000,257001,Mamógrafo Digital,1,800000,texto
Mamografo,768433,2011,Prestação de Contas enviada para Análise,"17277003,24",257001,Mamógrafo Digital,1,"629336,4",texto
Mamografo,768839,2011,Prestação de Contas Concluída,"5568624,71",257001,Mamógrafo,1,116000,texto
Mamografo,774079,2012,Prestação de Contas Concluída,2100000,257001,010925-Mamógrafo Digital,1,"715559,97",texto
Mamografo,774867,2012,Prestação de Contas Concluída,"2555261,85",257001,"Utilização do rendimento da aplicação financeira para complementar o valor do Mamógrafo Digital, conforme descrito no Termo de Referência de ajuste.",1,"593201,85",texto
Mamografo,775384,2012,Prestação de Contas Concluída,"461668,48",257001,000277-Mamógrafo,1,140000,texto
Mamografo,775421,2012,Prestação de Contas Concluída,150000,257001,000277-Mamógrafo,1,150000,texto
Mamografo,775422,2012,Prestação de Contas Concluída,1000000,257001,010925-Mamógrafo Digital,1,700000,texto
Mamografo,775429,2012,Prestação de Contas Concluída,210000,257001,"MAMÓGRAFO: Mamógrafo de alta resolução com Estereotaxia para utilização em pacientes com diagnóstico e terapêutica de câncer. Caracaterísticas: GERADOR: Gerador de alta freqüência, multipulso, com potência mínima de 5 KW microprocessado, com rendimentos mínimos de 23 a 35 kV e de 2 a 600mAs; Exposímetro automático microprocessado; Visualização digital dos principais parâmetros. TUBO DE RAIOS X: Tubo com ânodo giratório bimetálico com pista dupla anódica; Focos de 0,1 mm e 0,3 mm; Filtros de molibdênio e Rhódio; Capacidade térmica do ânodo de no mínimo 160.000 HU; mA máximo igual ou superior a 150 mA. CARACTERÍSTICAS RADIOGRÁFICAS: Movimentos do braço totalmente motorizados e possibilidade de ajuste manual. Distância fonte-imagem de 65 cm; Rotação motorizada e isocêntrica em torno da mama de 180 graus; Altura ajustável de no mínimo entre 650 mm e 1350 mm; Dispositivo Automático de dose e detetores para compensação de radiotransparência; Porta-chassis com grade anti-difusora de 18x24 cm; Porta-chassis com grade anti-difusora de 24x30 cm; Dispositivo de magnificação fator 1,8 para filmes de formato 18x24 com placa de compressão transparente e placa de compressão localizada; Dispositivo de magnificação fator 1,8 para filmes de formato 24x30 com placa de compressão transparente e placa de compressão localizada; Colimação automática de acordo com o tamanho do filme. Placa perfurada para biópsia a mão livre. AUTOMATISMO DE DOSE: Seleção automática das combinações mais adequadas para vários tipos de mama. A seleção deve conter: material de ânodo, filtro, valor de kV, densidade do filme através de programas de usuários. O equipamento deverá possibilitar a realização de exames e procedimentos de estereotaxia com pacientes em pé, sentadas ou em maca DISPOSITIVO PARA ESTEREOTAXIA COMPOSTO DE: Unidade de Biópsia;Mesa do objeto integrada com abertura para cassetes de mamografia de 15 mm em formato 18 x 24cm; Placa de compressão descartável com abertura retangular; Guia de agulhas dupla esterilizável; Ajustável separadamente nos eixos x, y, z em passos de 0.1 mm; Display digital da posição da agulha. Suporte de agulhas fechadas 0,7mm (22G), 0,9mm (20G), 1,2mm (18G), 1,65mm (16G), 2,1mm (14G), 2,5mm (13G) 2,8 mm (12G) e abertas 0,9mm (20G) e 1,2 mm (18G) Possibilidade de conexão com dispositivo de mamotomia. Unidade de Avaliação: Filme trancado magneticamente durante avaliação; Sistema de coordenadas ajustável separadamente; Display digital dos valores x, y, e z; Comprimento da agulha livremente selecionável entre 30 mm e 175 mm. ACESSÓRIO ACOMPANHA: Bandeja para mama grandes e bandeja para mama pequena; Placa Senestrada.",1,210000,texto
Mamografo,775479,2012,Prestação de Contas Concluída,"828320,35",257001,010925-Mamógrafo Digital,1,610000,texto
Mamografo,777446,2012,Prestação de Contas Concluída,1762500,257001,000277-Mamógrafo,1,150000,texto
Mamografo,782126,2012,Prestação de Contas Concluída,6034200,257001,010925-Mamógrafo Digital,2,680000,texto
Mamografo,782127,2012,Prestação de Contas Concluída,"6875659,25",257001,Mamógrafo Digital,1,600000,texto
Mamografo,797892,2013,Prestação de Contas Concluída,239000,257001,000277-Mamógrafo Convencional,1,140000,texto
Mamografo,799668,2013,Prestação de Contas Concluída,"1995851,96",257001,010925-Mamógrafo Digital,1,898000,texto
Mamografo,797272,2014,Prestação de Contas Concluída,248000,257001,000277-Mamógrafo Convencional,1,120000,texto
Mamografo,807935,2014,Prestação de Contas Concluída,600000,257001,010925-Mamógrafo Digital,1,600000,texto
Mamografo,807964,2014,Prestação de Contas Concluída,1000000,257001,010925-Mamógrafo Digital,1,1000000,texto
Mamografo,811313,2014,Prestação de Contas Concluída,"269719,41",257001,000277-Mamógrafo Convencional,1,140000,texto
Mamografo,812439,2014,Prestação de Contas Concluída,158000,257001,000277-Mamógrafo Convencional,1,140000,texto
Mamografo,812698,2014,Convênio Anulado,100000,250107,"A área a ser ampliada é de 40m2, onde será instalado 1 transformador de 500kVA para atender as áreas do setor de Imagem (equipamentos de Tomografia, Ressonância magnética, Raio X, Digitalizador de imagens, mamógrafo digital, novas instalações de ar condicionado) e uma nova autoclave para a Central de Materiais esterilizados. Hoje a subestação 1 está com 90% de carga elétrica tomada e não será possível a instalação dos equipamentos supracitados sem a ampliação desta area de infraestrutura. Após a ampliação a subestação ficará um total de 100m2 de área. A ampliação contempla a aquisição e instalação de um transformador elétrico com potencia 500kVA - 13,2V/220V, cabeamento de media tensão, proteções elétricas, quadro elétrico geral do transformador e de distribuição (QGBT), cabeamentos de baixa tensão na subestação,  e ampliações civis. Será feita a ampliação da subestação incluindo o transformador, quadro elétrico geral e demais instalações complementares.",40,2500,texto
Mamografo,812916,2014,Prestação de Contas Concluída,500000,257001,000277-Mamógrafo Convencional,1,140000,texto
Mamografo,813423,2014,Prestação de Contas Concluída,"2117558,52",257001,010925-Mamógrafo Digital,1,748000,texto
Mamografo,813703,2014,Prestação de Contas Concluída,"799934,63",250107,"Construção de Unidade de Atenção Básica Especializado da em Saúde (CIAM) Centro de Atendi mento Integrado a Mulher, com a de 6 consultórios com banheiros, consultório para psicólogos, sala de mamógrafo, sala de vacina, sala para esterilização, auditório, copa, sala administrativa, recepção, sala de espera, banheiros masculino e feminino adaptados para portadores de necessidade especiais, sala de almoxarifado, sala de triagem.",320,"2499,8",texto
Mamografo,821145,2015,Prestação de Contas Concluída,700000,257001,000277-Mamógrafo Convencional,1,155000,texto
Mamografo,821855,2015,Prestação de Contas Concluída,1049000,257001,010925-Mamógrafo Digital,1,600000,texto
Mamografo,823874,2015,Prestação de Contas Concluída,900000,257001,010925-Mamógrafo Digital,1,900000,texto
Mamografo,823919,2015,Prestação de Contas Concluída,1300000,257001,010925-Mamógrafo Digital,1,600000,texto
Mamografo,824090,2015,Prestação de Contas Concluída,879900,257001,010925-Mamógrafo Digital,1,580000,texto
Mamografo,824519,2015,Prestação de Contas Concluída,200000,257001,000277-Mamógrafo Convencional,1,200000,texto
Mamografo,824830,2015,Prestação de Contas Concluída,300370,257001,000277-Mamógrafo Convencional,1,200000,texto
Mamografo,824924,2015,Prestação de Contas Concluída,1210900,257001,010925-Mamógrafo Digital,1,559000,texto
Mamografo,825374,2015,Prestação de Contas Concluída,142963,257001,000277-Mamógrafo Convencional,1,142963,texto
Mamografo,825391,2015,Prestação de Contas enviada para Análise,"2832289,27",257001,010925-Mamógrafo Digital,1,535000,texto
Mamografo,832666,2016,Prestação de Contas Concluída,"634182,5",257001,010925-Mamógrafo Digital,1,"634182,5",texto
Mamografo,833151,2016,Prestação de Contas Concluída,849000,257001,000277-Mamógrafo Convencional,1,164000,texto
Mamografo,834111,2016,Prestação de Contas Concluída,200000,257001,000277-Mamógrafo Convencional,1,174000,texto
Mamografo,835042,2016,Prestação de Contas Concluída,1000000,257001,010925-Mamógrafo Digital,1,630100,texto
Mamografo,835281,2016,Prestação de Contas Concluída,730000,257001,010925-Mamógrafo Digital,1,730000,texto
Mamografo,835371,2016,Prestação de Contas Concluída,349708,257001,000277-Mamógrafo Convencional,1,170158,texto
Mamografo,836406,2016,Prestação de Contas Concluída,715000,257001,010925-Mamógrafo Digital,1,715000,texto
Mamografo,836418,2016,Prestação de Contas Concluída,1413000,257001,010925-Mamógrafo Digital,1,650000,texto
Mamografo,836959,2016,Prestação de Contas Concluída,634785,257001,000277-Mamógrafo Convencional,1,148374,texto
Mamografo,837045,2016,Prestação de Contas Concluída,913530,257001,000277-Mamógrafo Convencional,1,221091,texto
Mamografo,837160,2016,Prestação de Contas Concluída,250000,257001,000277-Mamógrafo Convencional,1,182000,texto
Mamografo,837549,2016,Prestação de Contas Concluída,4882817,257001,010925-Mamógrafo Digital,1,552877,texto
Mamografo,841023,2016,Prestação de Contas Concluída,"9334279,33",257001,010925-Mamógrafo Digital,1,"615306,25",texto
Mamografo,842188,2016,Prestação de Contas Concluída,1000000,257001,010925-Mamógrafo Digital,1,1000000,texto
Mamografo,848483,2017,Prestação de Contas Concluída,400000,257001,000277-Mamógrafo Convencional,1,219000,texto
Mamografo,848582,2017,Convênio Rescindido,500000,257001,000277-Mamógrafo Convencional,1,240000,texto
Mamografo,850827,2017,Prestação de Contas Concluída,200000,257001,000277-Mamógrafo Convencional,1,200000,texto
Mamografo,850842,2017,Prestação de Contas Concluída,249992,257001,000277-Mamógrafo Convencional,1,223832,texto
Mamografo,851163,2017,Prestação de Contas Concluída,500000,257001,010925-Mamógrafo Digital,1,500000,texto
Mamografo,851644,2017,Prestação de Contas Concluída,786000,257001,010925-Mamógrafo Digital,1,786000,texto
Mamografo,851870,2017,Prestação de Contas Concluída,1000018,257001,000277-Mamógrafo Convencional,1,218358,texto
Mamografo,856285,2017,Prestação de Contas Concluída,823000,257001,010925-Mamógrafo Digital,1,823000,texto
Mamografo,858402,2017,Prestação de Contas Concluída,6749385,257001,010925-Mamógrafo Digital,1,815900,texto
Mamografo,863914,2017,Prestação de Contas Concluída,231217,257001,000277-Mamógrafo Convencional,1,231217,texto
Mamografo,851645,2018,Prestação de Contas Concluída,3000000,257001,000277-Mamógrafo Convencional,1,218000,texto
Mamografo,868917,2018,Prestação de Contas Concluída,538794,257001,000277-Mamógrafo Convencional,1,223794,texto
Mamografo,868948,2018,Prestação de Contas Concluída,433945,257001,000277-Mamógrafo Convencional,1,220945,texto
Mamografo,869139,2018,Prestação de Contas Concluída,600520,257001,000277-Mamógrafo Convencional,1,221720,texto
Mamografo,869683,2018,Prestação de Contas Concluída,215000,257001,000277-Mamógrafo Convencional,1,215000,texto
Mamografo,875921,2018,Prestação de Contas enviada para Análise,2830000,257001,Mamógrafo Digital.,1,1230000,texto
Mamografo,876032,2018,Prestação de Contas Concluída,400000,257001,000277-Mamógrafo Convencional,1,220945,texto
Mamografo,877500,2018,Prestação de Contas Concluída,250000,257001,000277-Mamógrafo Convencional,1,220000,texto
Mamografo,877501,2018,Prestação de Contas Concluída,6694900,257001,010925-Mamógrafo Digital,1,872000,texto
Mamografo,877644,2018,Prestação de Contas Concluída,220000,257001,000277-Mamógrafo Convencional,1,220000,texto
Mamografo,877881,2018,Em execução,1399958,257001,010925-Mamógrafo Digital,1,857000,texto
Mamografo,878519,2018,Prestação de Contas Concluída,270000,257001,000277-Mamógrafo Convencional,1,220945,texto
Mamografo,880090,2018,Prestação de Contas Comprovada em Análise,1401402,810012,Mamógrafo Analógico,1,"398209,23",texto
Mamografo,883759,2019,Prestação de Contas Concluída,540000,257001,010925-Mamógrafo,1,540000,texto
Mamografo,886237,2019,Em execução,"2264461,86",250107,"As unidades funcionais a serem reformadas são: 1) Departamento de Radiologia o qual contemplará a reforma dos seguintes ambientes: Área de Registro de Pacientes (Recepção); Sala de Espera para 27 lugares; Sanitários públicos, separados por sexo; Sanitário público acessível; 03 Vestiários para Pacientes, sendo 01 acessível; Sala de Exame para Mamografia (Mamógrafo); Sala de Exame para Tomografia (Tomógrafo); 02 Salas de Exame de Raio-X com sanitário para pacientes anexos a essas; áreas de comando separadas para cada um dos equipamentos de Raio-X; Sala de Espera Interna para 15 lugares; Sala para instalação das Reveladoras; 02 Salas Administrativas; Copa e Sanitários para Funcionários. Todos os ambientes atenderão a norma de acessibilidade, e a reforma contemplará uma área de 304 metros quadrados onde serão feitas reformas de toda área descrita, como troca do piso existente; raspagem e pintura das paredes; instalação de divisórias internas; instalação de protetores de paredes e cantos (cantoneiras e bate maca); instalação e modernização da comunicação visual; troca de esquadrias; troca do forro; troca da parte elétrica, incluindo rede e iluminação; troca da rede de água e esgoto, incluindo instalação de louças e metais; abertura e fechamento de vãos de alvenaria; instalações de infraestrutura, parte elétrica e drenos para recebimento dos aparelhos de ar condicionado; relocação dos equipamentos de imagem; substituição das telhas da cobertura (telhado). 2) Unidade de internação do Transplante de Medula Óssea (TMO 1): a reforma deste local resultará em ambientes modernizados e humanizados para melhor atender aos pacientes e contemplará a reforma de 12 quartos de internação; banheiros acessíveis anexos aos quartos; 01 DML ? Depósito de Material de Limpeza; 01 Expurgo; 01 Depósito (Arsenal); Posto de Enfermagem; Copa, Vestiário e sanitários para funcionários, separados por sexo; Área de Paramentação e Circulação (corredor). Todos os ambientes atenderão a norma de acessibilidade, contemplará uma área de 550 metros quadrados onde serão feitas reformas de toda área descrita, como troca do piso existente, raspagem e pintura das paredes, troca do revestimento e dos protetores de parede, troca das cantoneiras e bate maca, modernização da comunicação visual, troca de esquadrias (portas), troca de instalações elétricas, troca das louças, metais e forro.",854,"2651,59",texto
Mamografo,886252,2019,Prestação de Contas Concluída,1173000,257001,010925-Mamógrafo,1,1173000,texto
Mamografo,886339,2019,Prestação de Contas Concluída,1844996,257001,010925-Mamógrafo,1,870296,texto
Mamografo,888569,2019,Prestação de Contas Concluída,999999,257001,010925-Mamógrafo,1,624000,texto
Mamografo,893125,2019,Prestação de Contas Concluída,4672676,257001,010925-Mamógrafo,1,650000,texto
Mamografo,895596,2019,Prestação de Contas em Análise,7000010,257001,010925-Mamógrafo Digital,1,"1098380,95",texto
Mamografo,895938,2019,Em execução,49996320,250107,"A UNIDADE DE ATENÇÃO ESPECIALIZADA EM SAÚDE será construída em terreno com área de 38.000,00 m2, aproximadamente, e possuirá uma área construída de 11.220.00 m2, divididos em dois pavimentos, localizado no centro do município, com facilidade de acesso para pedestres, trafego de transporte público e veiculo em geral, próximo ao IFRN, CER III, Biblioteca Municipal, Teatro Municipal e Museu Municipal. A unidade Hospitalar terá 120 leitos distribuídos nas clínicas de: cirurgia geral, clínica médica, clínica obstétrica e clínica pediátrica, e, 7 leitos de UTI adulto sendo 1 isolamento, 5 leitos de UTI pediátrica e 3 leitos de UCIc (Unidade Cuidados Intensivos), 1 bloco cirúrgico contendo 3 salas e, 5 leitos de pós-operatório, centro obstétrico com 2 salas e 3 PPP, serviço de apoio de diagnóstico e tratamento (SADT), com raio-x, ECG, usg, mamógrafo, laboratório de análises clínica, agência transfusional, lactário, setores de apoio logístico para área administrativo, descanso de profissionais, coordenações de divisão de serviços, serviço de nutrição e dietética com refeitório para funcionários. Compreende ainda: Estacionamento Privativo com 103 vagas descobertas com área de 2.791,02 m² e Público com 31 vagas descobertas com área de 683,45 m², Pátio e Estacionamento de Ambulância com 02 vagas cobertas e área de 80,12 m², Pronto Atendimento Infantil e Adulto com boxes de Observação,  06 Salas de aulas para Hospital Universitário, Auditório com 166 assentos, sendo 03 para PNE, Ambulatório/Raio X com sala de suturas, curativos, ortopedia. Conforto para os profissionais com áreas separadas para médicos e enfermeiros, sala de reunião e copa de apoio, Centro Obstétrico, Centro Cirúrgico, Recuperação pós anestesia (pós operatório), internação clínica cirúrgica, internação obstétrica (clínica obstétrica), internação pediátrica, Central de Medicamentos, Cozinha, Lavanderia, Farmácia Geral, Berçário, Lanchonete, Agencia Transfusinal, Anatomia Patológica, Necrotério, Patologia Clínica com laboratórios de microscopia, parasitologia, urianálise, microbiologia e bioquímica, Radiologia Clinica, com laboratório, salas de exames de ultrassonografia, teste ergométrico, eletrocardiograma, mamografia, colonoscopia, endoscopia e raio x, tomografia. Vestiários de Funcionários, Central de Gases e Subestação, Administração Geral do Hospital, Ouvidoria, Arquivo Médico, Almoxarifado, Refeitório, Oficina, Deposito Geral e Lixo Hospitalar.  A UNIDADE DE ATENÇÃO ESPECIALIZADA EM SAÚDE atenderá ao município de São Gonçalo do Amarante, além de dar suporte a outros municípios do Estado, espacialmente aos municípios da região metropolitana de Natal. O funcionamento desta Unidade Hospitalar irá desafogar o Hospital Monsenhor Walfredo Gurgel em Natal que sempre vive superlotado. A Unidade passara a atender uma população com cerca 1.342.500 habitantes, compreendendo 38.58% da população do RN.",11220,4456,texto
Mamografo,896538,2019,Prestação de Contas Concluída,4000000,257001,010925-Mamógrafo,1,868550,texto
Mamografo,896545,2019,Prestação de Contas Concluída,862000,257001,010925-Mamógrafo,1,834000,texto
Mamografo,898772,2020,Prestação de Contas Concluída,952172,257001,010925-Mamógrafo,1,939434,texto
Mamografo,899002,2020,Prestação de Contas Concluída,850000,257001,"010925-Mamógrafo. Especificação Técnica: CARACTERÍSTICAS GERAIS: EQUIPAMENTO DEMAMOGRAFIA DIGITAL NATIVO, SEM UTILIZAÇÃO DE PLACASDIGITALIZADORAS; SISTEMA DE BRAÇO GIRATÓRIO TOTALMENTE MOTORIZADOCONSISTINDO DE TUBO DE RAIOX, GERADOR, DISPOSITIVO DE COMPRESSÃO EDETECTOR; POSSUIR ALTURA AJUSTÁVEL, EXIBIÇÃO DIGITAL DE FORÇA DENota Técnica 256 (0022799648) SEI 25000.066513/2020-66 / pg. 4DETECTOR; POSSUIR ALTURA AJUSTÁVEL, EXIBIÇÃO DIGITAL DE FORÇA DECOMPRESSÃO, ESPESSURA DE COMPRESSÃO E ÂNGULO DE ROTAÇÃO;CARACTERÍSTICAS DO TUBO DE RAIO-X: ANODO GIRATÓRIO DE TUNGSTÊNIOOU MOLIBDÊNIO; CAPACIDADE TÉRMICA DE NO MÍNIMO 162.000 HU; OPÇÕESDE FILTRO: RÓDIO, VANADIO, ALUMÍNIO OU MOLIBDÊNIO; FOCO GROSSO DE0,3MM E FINO DE 0,1MM; FILTRO PERMANENTE DE BERÍLIO DE 0,63 MM NOMÍNIMO; ANODO GIRATÓRIO DE NO MÍNIMO 3000RPM; CARACTERÍSTICAS DOGERADOR: GERADOR DE ALTA FREQUÊNCIA; POTÊNCIA NOMINAL DE NOMÍNIMO 5KW; SELEÇÃO DE VALORES DE NO MÍNIMO DE 23 A 49KV EM PASSOSDE 1KV OU MENOR; INTERVALO DE VALORES DE NO MÍNIMO 4MAS E 500MAS;MOSTRAR OS PARÂMETROS DE KV, MAS, TARGET, FILTRO. CARACTERÍSTICAS DORECEPTOR DIGITAL DE IMAGEM: TECNOLOGIA DO DETECTOR DE SILÍCIO OUSELÊNIO AMORFO; DIMENSÃO MÍNIMA O DETECTOR DE 24X29CM; TAMANHO DEPIXEL 100 UM; PROFUNDIDADE DE NO MÍNIMO 13 BITS. SISTEMA DECOLIMAÇÃO AUTOMÁTICA OU MANUAL: POSICIONAMENTO AUTOMÁTICO OUMANUAL DO COLIMADOR DEPENDENDO DO TAMANHO DA PLACA DECOMPRESSÃO INSTALADA; OPÇÕES DE FILTRO: RÓDIO, PRATA, ALUMÍNIO OUMOLIBDÊNIO; INDICADOR LUMINOSO DA ÁREA IRRADIADA. MODOS DEEXPOSIÇÃO: SISTEMA DE EXPOSIÇÃO AUTOMÁTICO DEFININDO FILTRO, KVP EMAS; MANUAL:OPERADOR SELECIONA TODOS OS PARÂMETROS TÉCNICOS COMOKVP, MAS E O FILTRO. SISTEMA DE COMPRESSÃO: SISTEMA DE COMPRESSÃOMOTORIZADA ATRAVÉS DE PEDAL DUPLO ATÉ 20 DAN E MANUAL PRÉSELECIONÁVEL ATÉ 20 DAN; SELEÇÃO DE DESCOMPRESSÃO MOTORIZADA APÓSEXPOSIÇÃO. SISTEMA DE MAGNIFICAÇÃO: FATOR DE MAGNIFICAÇÃO DE 1.5 OU1.8; 01 COMPRESSOR PARA SPOT COM TAMANHO APROXIMADO 9X9 CM.COMPRESSORES: INCLUIR COMPRESSORES NOS TAMANHOS APROXIMADOS DE24X29 CM, 19X24 CM, 10X24 CM, FENESTRADO de mama, SPOT QUADRADO OUREDONDO; SUPORTE DE PAREDE PARA GUARDAR COMPRESSORES.POSICIONAMENTO: DISTÂNCIA RECEPTOR 65 ou 66 CM, RANGE DISTÂNCIARECEPTOR AO CHÃO NO MÍNIMO DE (70 a 133 CM); ROTAÇÃO NO MÍNIMO -180A +180; BRAÇO MOTORIZADO. CARACTERÍSTICAS DO CONSOLE (ESTAÇÃO DEAQUISIÇÃO) MONITOR DE NO MÍNIMO 19” DE RESOLUÇÃO DE 2MP OUSUPERIOR. ESTAÇÃO DE AQUISIÇÃO (CPU) COM SISTEMA OPERACIONAL,MEMÓRIA 4GB; TELA DE COMANDO E CONTROLE; TEMPO DE AQUISIÇÃOINFERIOR A 20 SEGUNDOS; TEMPO ENTRE EXPOSIÇÕES INFERIOR A 17SEGUNDOS; SOFTWARE DE AQUISIÇÃO DE IMAGEM COM RECURSOS DE ZOOM,ROOMING, INVERSÃO, FLIP, ROTAÇÃO DE IMAGEM, JANELA QUE PERMITAANOTAÇÕES E MEDIDAS, ENTRE OUTROS; BIOMBO DE PROTEÇÃO CONTRARADIAÇÃO. ESTAÇÃO DE PÓS-PROCESSAMENTO: MONITORES DE 21” DE ALTARESOLUÇÃO PARA DIAGNÓSTICO DE 5MP; ESTAÇÃO DE PROCESSAMENTO (CPU)COM SISTEMA OPERACIONAL E HARDWARE NECESSÁRIO PARAUTILIZAÇÃO/OPERAÇÃO DO SISTEMA; INTERFACE DICOM 3.0 - CONSOLE DERECONSTRUÇÃO: SOFTWARE QUE PERMITA JANELAMENTO EM ESCALA DECINZA, MAGNIFICAÇÃO, ANOTAÇÕES NA IMAGEM, GRAYSCALE INVERSION,ENTRE OUTROS; MEDIDAS DE DISTÂNCIA, ROTAÇÃO DA IMAGEM,ESPELHAMENTO, AJUSTE DE BRILHO, AJUSTE DE CONTRASTE E COMPARAÇÃOCOM IMAGENS ANTERIORES; DISPOSITIVOS DE COMUNICAÇÃO: INTERFACEDICOM 3.0 – CONSOLE DE OPERAÇÃO; MODALITY WORK LIST USER;FORNECEDOR DE ARMAZENAMENTO; STORAGE COMMITMENT USER;QUERY/RETRIEVE USER; BASIC GRAYSCALE; PRINT USUÁRIO; DICOMCOMPATÍVEL COM CDR DATA INTERCHANGE; MODALITY PERFORMEDPROCEDURE STEP. CARACTERÍSTICAS ELÉTRICAS: 200 VAC – 60 HZ.TREINAMENTO: TREINAMENTO PRESENCIAL DE PELO MENOS 2 DIAS, SENDODENTRO DO HORÁRIO COMERCIAL. DEVERÁ OBRIGATORIAMENTE APRESENTARNota Técnica 256 (0022799648) SEI 25000.066513/2020-66 / pg. 5REGISTRO NA ANVISA. GARANTIA MÍNIMA 12 MESES, INCLUINDO TUBO EDETECTOR.",1,850000,texto
Mamografo,899544,2020,Prestação de Contas Concluída,950000,257001,010925-Mamógrafo,1,950000,texto
Mamografo,900614,2020,Prestação de Contas Concluída,1000000,257001,010925-Mamógrafo,1,1000000,texto
Mamografo,900635,2020,Prestação de Contas Concluída,1390000,257001,010925-Mamógrafo,1,990000,texto
Mamografo,900715,2020,Prestação de Contas Concluída,1000000,257001,010925-Mamógrafo,1,1000000,texto
Mamografo,900729,2020,Prestação de Contas Concluída,1000000,257001,010925-Mamógrafo,1,1000000,texto
Mamografo,915902,2021,Prestação de Contas enviada para Análise,999963,257001,010925-Mamógrafo,1,989760,texto
Mamografo,916476,2021,Prestação de Contas Concluída,989760,257001,010925-Mamógrafo,1,989760,texto
Mamografo,917772,2021,Aguardando Prestação de Contas,1699957,257001,010925-Mamógrafo,1,1550000,texto
Mamografo,918297,2021,Prestação de Contas Concluída,1200000,257001,010925-Mamógrafo,1,1200000,texto
Mamografo,918957,2021,Prestação de Contas enviada para Análise,2114733,257001,010925-Mamógrafo,1,989760,texto
Mamografo,922037,2021,Prestação de Contas em Análise,"5928266,99",257001,010925-Mamógrafo,1,"1339277,12",texto
Mamografo,924877,2021,Prestação de Contas Comprovada em Análise,5005738,257001,010925-Mamógrafo,3,989760,texto
Mamografo,929673,2022,Prestação de Contas em Complementação,2805494,257001,010925-Mamógrafo,1,1197441,texto
Mamografo,929682,2022,Prestação de Contas Concluída,1197441,257001,010925-Mamógrafo,1,1197441,texto
Mamografo,929693,2022,Prestação de Contas Concluída,4455783,257001,010925-Mamógrafo,1,1439768,texto
Mamografo,929853,2022,Prestação de Contas em Análise,1770000,257001,010925-Mamógrafo,1,1770000,texto
Mamografo,936256,2022,Em execução,2600000,257001,010925-Mamógrafo,1,"972433,33",texto
Mamografo,937884,2022,Em execução,9988973,257001,010925-Mamógrafo,1,881025,texto
Mamografo,943920,2023,Prestação de Contas Concluída,1203313,257001,010925-Mamógrafo,1,1203313,texto
Mamografo,943969,2023,Em execução,3098200,257001,010925-Mamógrafo,1,1300000,texto
Mamografo,946461,2023,Prestação de Contas Iniciada Por Antecipação,6492897,257001,010925-Mamógrafo,1,1203313,texto
Mamografo,950114,2023,Em execução,8980892,257001,010925-Mamógrafo,1,906000,texto
Mamografo,950511,2023,Em execução,9824374,257001,010925-Mamógrafo,2,1203313,texto
Mamografo,961305,2024,Em execução,1717896,257001,010925-Mamógrafo,1,1300000,texto
Mamografo,970388,2024,Em execução,1000000,257001,010925-Mamógrafo,1,1000000,texto
Mamografo,970392,2024,Em execução,1250000,257001,010925-Mamógrafo,1,1173726,texto
Mamografo,971355,2024,Prestação de Contas Concluída,1203313,257001,010925-Mamógrafo,1,1203313,texto
Mamografo,971549,2024,Em execução,2306011,257001,010925-Mamógrafo,2,1141400,texto
Mamografo,971131,2025,Prestação de Contas Iniciada Por Antecipação,500000,257001,010925-Mamógrafo,1,500000,texto
Mamografo,971380,2025,Em execução,5812094,257001,010925-Mamógrafo,1,1141400,texto
Mamografo,983704,2025,Em execução,666400,250107,"OS AMBIENTES QUE SERÃO IMPLANTADOS SERÃO OS AMBIENTES QUE SERÃO IMPLANTADOSSERÃO 01 AREA DE RECEPÇÃO AMPLA COM ARE DE ESPERA; 02 SALAS AMPLAS COM AREA DE AVALIAÇÃO DE IMAGEM E BANHEIROS, 01 SALA PARA RAIO X E 01 SALA DE TOMOGRAFIA. SERÁ FEITA EM AREA ADJACENTE AO EDIFICIO EXISTENTE QUE ANTES TINHA 2.818,17 M² E AGORA VAI PARA 2.954,17M². OS SERVIÇOS SERÃO DE DIAGNÓSTICO POR IMAGEM E CONTEMPLARAO O PUBLICO DO SUS. ALÉM DE PODER CONTEMPLAR DIRETAMENTE MUNICIPIOS VIZINHOS ATRAVÉS DE CONTRATOS/CONVENIOS. OS PROFISSIONAIS CONTRATADOS SERÃO TECNICOS EM RADIOLOGIA E TECNICO EM ENFERMAGEM E RECEPCNIONISTA E AUXILIAR DE SERVIÇOS GERAS. O MUNICIPIO ESTÁ SEM PROCESSO DE AQUISIÇÃO DE MAMOGRAFO E TOMOGRAFO O QUE TRARÁ UM AUMENTO NO CUIDADO A SAÚDE DA POPULAÇÃO E UMA REDUÇÃO DE FILAS CONSIDERÁVEL. A AMPLIAÇÃO OBTEM DE ENGENHEIRO CAPACITADO E SERÁ TUDO REALIZADO DE ACORDO COM AS LEIS E PORTARIAS VIGENTES.",136,4900,texto
Mamografo,985640,2025,Em execução,1468257,257001,010925-Mamógrafo,1,1396507,texto
Mamografo,988835,2025,Em execução,1400643,257001,010925-Mamógrafo,1,1396507,texto
Mamografo,991708,2025,Em execução,1396507,257001,010925-Mamógrafo,1,1396507,texto
Mamografo,991766,2025,Em execução,1736185,257001,010925-Mamógrafo,1,1396507,texto
Mamografo,997347,2026,Em execução,3500000,257001,010925-Mamógrafo,1,1492954,texto
Mamografo,998828,2026,Em execução,1492954,257001,010925-Mamógrafo,1,1492954,texto
Mamografo,998861,2026,Em execução,1687211,257001,010925-Mamógrafo,1,1396507,texto
Gama-camara/SPECT,765501,,Proposta/Plano de Trabalho Aprovado,2450000,,Câmara Cintilográfica (Gama Câmara),1,600000,texto
Gama-camara/SPECT,863905,,Proposta/Plano de Trabalho Aprovado,14284998,,000595-Câmara Cintilográfica (Gama Câmara),1,1494000,texto
Gama-camara/SPECT,710615,2009,Prestação de Contas Concluída,770000,257001,"CÂMARA DE CINTILAÇÃO GAMA DE UM DETECTOR RETANGULAR, SEM CANTOS CHANFRADOS, DETECTOR DIGITAL, COM UM CONVERSOR ANALÓGO-DIGITAL EXCLUSIVO PARA CADA FOTOMULTIPLICADORA. ANGULAÇÃO NA DIREÇÃO CRÂNIO-CAUDAL DE -15° A +90°, INDEPENDÊNCIA ENERGÉTICA: APENAS UMA AQUISIÇÃO DE COBALTO OU TECNÉCIO PARA O CONTROLE DE QUALIDADE DE TODAS AS ENERGIAS, SISTEMA AUTOMÁTICO DE DETECÇÃO DE CONTORNO CORPORAL PARA ÓRBITAS NÃO CIRCULARES, EM TEMPO REAL, PARA EXAMES SPECT, SPECT CARDÍACO E DE CORPO INTEIRO, TOTALMENTE AUTOMÁTICO, SEM A NECESSIDADE DE PRÉ-SELEÇÃO DE DISTÂNCIAS MÍNIMAS ANTES DO INÍCIO DA AQUISIÇÃO, CAMPO DE VISÃO (FOV) MÍNIMO DE 35 X 50CM, CRISTAIS DE CINTILAÇÃO DE 3/8” DE NAI (IODETO DE SÓDIO), TROCA DE COLIMADORES AUTOMÁTICA (OU SEMI-AUTOMÁTICA), SPECT COM ÓRBITAS CIRCULARES OU NÃO CIRCULARES, MESA DE PACIENTES COM MOVIMENTOS LONGITUDINAL E VERTICAL MOTORIZADOS, QUE SUPORTE ATÉ 180KG, QUE POSSA BAIXAR ATÉ UMA DISTÂNCIA IGUAL OU INFERIOR A 50 CM DO PISO, POSSIBILIDADE DE SE REALIZAR EXAMES EM PACIENTES SENTADOS, DE PÉ, EM CADEIRA DE RODAS OU EM MACA, ESTAÇÃO DE TRABALHO COM DISCO RÍGIDO DE NO MÍNIMO 18GB, DICOM QUERY/RETRIEVE, DICOM PRINT, DICOM WORKLIST, PROTOCOLOS DE PROCESSAMENTO: PLANARES ESTÁTICOS E DINÂMICOS, ANÁLISE DE CURVAS DINÂMICAS, ESTUDOS DE CORPO INTEIRO, PROTOCOLOS ESPECÍFICOS DE PROCESSAMENTO: ESVAZIAMENTO GÁSTRICO, EJEÇÃO DA VESÍCULA BILIAR, ANÁLISES ANGIOGRÁFICAS NUCLEARES CARDÍACAS, SPECT DO MIOCÁRDIO, PLANAR GATED BLOODPOOL, VENTILAÇÃO E PERFUSÃO PULMONARES, ANÁLISES RENAIS MAG3 E DTPA, PARATIREÓIDE, TIREÓIDE, ANÁLISE DO FLUXO SANGUÍNEO CEREBRAL, RECONSTRUÇÃO TOMOGRÁFICA PARA ESTUDOS MULTI-PICO, RECONSTRUÇÕES FBP OU ITERATIVA, FERRAMENTA INTERATIVA DE FILTROS, CORREÇÃO DE ATENUAÇÃO PELO MÉTODO CHANG, SOFTWARE QUANTIFICAÇÃO DO MIOCÁRDIO DO DR. GUIDO GERMANO OU SIMILAR, REORIENTAÇÃO 3D EM ÂNGULO LIVRE DE SÉRIES TOMOGRÁFICAS RECONSTRUÍDAS, MODEM PARA TROCA DE IMAGENS E DIAGNÓSTICO TÉCNICO REMOTO, POSSIBILIDADE DE INSTALAÇÃO FUTURA DE UM SEGUNDO DETECTOR, SEM TROCA DO GANTRY, DA MESA E DA ESTAÇÃO DE TRABALHO, POSSIBILIDADE DE INSTALAÇÃO FUTURA DE CIRCUITO COINCIDÊNCIA PARA REALIZAÇÃO DE EXAMES PET, SEM TROCA DO GANTRY, DA MESA E DA ESTAÇÃO DE TRABALHO, SUPORTE ACOLCHOADO DE CABEÇA COM APOIO PARA OS ANTEBRAÇOS, GRAVADOR DE CDS PARA ARQUIVO DE EXAMES, EM DETRIMENTO DE OUTROS MÉTODOS DE ARQUIVO, SOFWTARE DE CORREÇÃO DE MOVIMENTO AUTOMÁTICO PARA EXAMES CARDÍACOS, SOFTWARE DE PROCESSAMENTO INTERATIVO PARA AQUISIÇÃO DE CINTILOGRAFIA DE CORPO INTEIRO NA METADE DO TEMPO, COM OS SEGUINTES ACESSÓRIOS OBRIGATÓRIOS: MONITOR DE ECG PARA EXAMES SINCRONIZADOS, COLIMADOR DE BAIXA ENERGIA, 140KEV, E ALTA RESOLUÇÃO, COLIMADORES DE ALTA ENERGIA, 360KEV, FANTOMA DE BARRAS, FANTOMA PLANO PREENCHÍVEL COM TC-99M, IMPRESSORA COLORIDA DE ALTA RESOLUÇÃO.",1,490000,texto
Gama-camara/SPECT,757993,2011,Prestação de Contas Concluída,"791968,68",257001,Câmara Cintilográfica (Gama Câmara),1,"791968,68",texto
Gama-camara/SPECT,762110,2011,Prestação de Contas Concluída,2945000,257001,Câmara Cintilográfica (Gama Câmara),1,700000,texto
Gama-camara/SPECT,765894,2011,Prestação de Contas Concluída,"1855220,96",257001,Câmara Cintilográfica (Gama Câmara),1,731000,texto
Gama-camara/SPECT,766000,2011,Prestação de Contas Concluída,"2653238,4",257001,Câmara Cintilográfica (Gama Câmara),1,"848393,73",texto
Gama-camara/SPECT,768433,2011,Prestação de Contas enviada para Análise,"17277003,24",257001,Câmara Cintilográfica,1,"448405,91",texto
Gama-camara/SPECT,775383,2012,Prestação de Contas Concluída,975000,257001,000595-Câmara Cintilográfica (Gama Câmara),1,650000,texto
Gama-camara/SPECT,782123,2012,Prestação de Contas Concluída,10000000,257001,Câmara Cintilográfica,1,2340000,texto
Gama-camara/SPECT,790769,2013,Prestação de Contas Concluída,4350000,257001,000595-Câmara Cintilográfica (Gama Câmara),1,1150000,texto
Gama-camara/SPECT,807820,2014,Prestação de Contas Concluída,"857810,41",257001,000595-Câmara Cintilográfica (Gama Câmara),1,700000,texto
Gama-camara/SPECT,807986,2014,Prestação de Contas Concluída,1000000,257001,000595-Câmara Cintilográfica (Gama Câmara),1,1000000,texto
Gama-camara/SPECT,824520,2015,Prestação de Contas Concluída,1000000,257001,000595-Câmara Cintilográfica (Gama Câmara),1,1000000,texto
Gama-camara/SPECT,835063,2016,Prestação de Contas Concluída,2000000,257001,000595-Câmara Cintilográfica (Gama Câmara),1,2000000,texto
Gama-camara/SPECT,835117,2016,Prestação de Contas Concluída,1611189,257001,000595-Câmara Cintilográfica (Gama Câmara),1,1051859,texto
Gama-camara/SPECT,837074,2016,Prestação de Contas Concluída,1052811,257001,000595-Câmara Cintilográfica (Gama Câmara),1,1052811,texto
Gama-camara/SPECT,837193,2016,Prestação de Contas Concluída,2389300,257001,000595-Câmara Cintilográfica (Gama Câmara),1,1900000,texto
Gama-camara/SPECT,848564,2017,Prestação de Contas Concluída,1409538,257001,000595-Câmara Cintilográfica (Gama Câmara),1,1392538,texto
Gama-camara/SPECT,850883,2017,Prestação de Contas Concluída,1477710,257001,000595-Câmara Cintilográfica (Gama Câmara),1,1477710,texto
Gama-camara/SPECT,852477,2017,Prestação de Contas Concluída,2000000,257001,000595-Câmara Cintilográfica (Gama Câmara),1,1500000,texto
Gama-camara/SPECT,863013,2017,Prestação de Contas Concluída,1020000,257001,000595-Câmara Cintilográfica (Gama Câmara),1,1020000,texto
Gama-camara/SPECT,895959,2019,Em execução,5599525,250107,"As unidades funcionais a serem reformadas no Hospital Amaral Carvalho são: Unidades de Internação Onco/TMO/Paliativo (contemplará 25 quartos de internação; banheiros acessíveis anexos aos quartos; 01 DML; 1 Expurgo; 03 Posto de Enfermagem; Copa de Distribuição; Sala de Higienização (apoio à Copa de Distribuição); sanitários de funcionários, separados por sexo; área dos plantonistas com 03 quartos, 02 banheiros e, 01 sala de conforto). Unidade de Internação SUS (contemplará 26 quartos de internação; banheiros acessíveis anexos aos quartos; 02 quartos de isolamento com banheiros acessíveis anexos a cada um; área de conforto e sanitários de funcionários, esses separados por sexo; 02 DML; 02 Expurgos; 02 Rouparias; 02 Posto de Enfermagem; salas de Exames e Curativos anexas a cada Posto de Enfermagem; Copa de Distribuição; Sala de Higienização (apoio à Copa de Distribuição); Interligação com prédio do centro cirúrgico (somente corredor); Sanitário púbico (visitas)). Atendimento Pediátrico (contemplará 10 quartos de internação; banheiros acessíveis anexos aos quartos; 01 DML; 1 Expurgo; 01 Depósito (Arsenal); Posto de Enfermagem; Copa e Sanitário para Funcionários; Vestiário para mães; Sala Administrativa; Sala de Curativos; Sala de Procedimentos; Copa de Distribuição; Lavanderia com Pátio para Roupas (estendal); Sala de Aula; Salão de Convivência e Refeitório; Sala de TV; 02 Consultórios, Sala de Espera Ambulatorial com 02 Sanitários; e Circulação). Pintura externa de todos os prédios; Troca dos Chillers de refrigeração de ambiente do prédio do Hemonúcleo; Troca do quadros elétricos e de seus alimentadores; e reforma do departamento de Medicina Nuclear para a instalação de um novo equipamento de Gama Câmara (esta área resultará em ambientes como sala de comando, Sala de Exames e aumento da recepção). Na aba Anexos consta Memorial Fotográfico (obra quadros elétricos), Memorial Assistencial da Unidade, e justificativa de cada área citada, onde todos os ambientes atenderão a norma de acessibilidade, contemplará uma área de 3.343 metros quadrados e serão feitas reformas como troca do piso existente; troca do revestimento de parede; troca dos protetores de paredes e cantos (cantoneiras e bate maca); instalação da comunicação visual (placas); troca de esquadrias (portas); troca de instalação elétrica, incluindo rede e iluminação; troca das louças e metais; abertura e fechamento de vãos de alvenaria; instalação de bancadas de granito; instalação de proteção radiológica; descascamento da pintura existente, impermeabilização, aplicação de seladora, emassamento com massa acrílica, e aplicação de tinta tipo epóxi (serviços de pintura); troca dos chillers de refrigeração do prédio do Hemonúcleo; e troca dos quadros elétricos e de seus alimentadores. A necessidade da reforma se deve ao fato de nos últimos anos ter um aumento considerável de pacientes em atendimento no Hospital Amaral Carvalho e também devido aos seus mais de 100 anos de atuação, pois os setores necessitam frequentemente de manutenções e reformas, o que justifica a adequação dos locais e das áreas físicas. Com estas adequações será proporcionado melhorias na infraestrutura das unidades funcionais, além de redução dos custos com manutenções, não havendo aumento de área física nos locais da reforma em questão. As reformas citadas resultarão em melhorias dos ambientes e estarão em conformidade com as normas vigentes e proporcionará ambientes mais adequados e amplos para os pacientes. No anexos encontram-se os cronogramas, memorial de atividades assistencial e relatórios fotográficos para análise e conhecimento. Informamos ainda que, todos os serviços a serem orçados para as referidas obras terão dois referenciais: Boletim referencial de custos da CPOS e Serviços SINAPI da Caixa, sempre baseado no que preconiza a Lei de Diretrizes Orçamentárias do ano vigente. Os custos foram levantados por Engenheiro com CREA, tendo a certeza dos orçamentos enviados e atenderá o projeto proposto.",3343,1675,texto
Gama-camara/SPECT,906601,2020,Prestação de Contas Concluída,1800000,257001,000595-Câmara Cintilográfica (Gama Câmara),1,1800000,texto
Gama-camara/SPECT,906742,2020,Prestação de Contas em Análise,4600000,257001,000595-Câmara Cintilográfica (Gama Câmara),1,1700000,texto
Gama-camara/SPECT,919846,2021,Em execução,34000000,257001,000595-Câmara Cintilográfica (Gama Câmara),1,2169000,texto
Gama-camara/SPECT,922037,2021,Prestação de Contas em Análise,"5928266,99",257001,000595-Câmara Cintilográfica (Gama Câmara),1,"2354999,99",texto
Gama-camara/SPECT,924907,2021,Em execução,13542719,257001,000595-Câmara Cintilográfica (Gama Câmara),1,2095000,texto
Gama-camara/SPECT,925333,2021,Prestação de Contas Concluída,2254820,257001,000595-Câmara Cintilográfica (Gama Câmara),1,2254820,texto
Gama-camara/SPECT,942625,2023,Em execução,2216534,257001,000595-Câmara Cintilográfica (Gama Câmara),1,2216534,texto
Gama-camara/SPECT,943884,2023,Em execução,2300000,257001,000595-Câmara Cintilográfica (Gama Câmara),1,2300000,texto
Gama-camara/SPECT,946461,2023,Prestação de Contas Iniciada Por Antecipação,6492897,257001,000595-Câmara Cintilográfica (Gama Câmara),1,2216534,texto
Gama-camara/SPECT,949415,2023,Em execução,11469500,257001,000595-Câmara Cintilográfica (Gama Câmara),1,2316500,texto
Gama-camara/SPECT,956481,2024,Em execução,163906479,250107,"ÁREA CONTRUÍDA: Bloco A HOSPITAL ÁREA 16.063,95m² Possui 7 pavimentos: Áreas amarela,verde e vermelha,  Laboratórios para patologia Clínica,Tomografia, Raio X, ECG,EEG,Ultrassom,Endoscopia,Sala laudos,Sala proced. invasivos,Consultórios e WC?s. Centro cirúrgico com 5 salas ,OPME,Repousos,Farmácia,Serv social,Vestiários e WC?s; Área téc. climatização, elétrica, telefônica, IT médico;42 undiades de Enfermarias,Estar pacientes/acompanhantes/visitantes,Brinquedoteca,Copa,Isolamento UTI adulto e pediátrico, Documentação e Informação Central de Material Esterilizado e WC?s;Bloco B NUTRIÇÃO ÁREA 1.185,04m² 2 Pavimentos: Armaz.,Distrib.,Descartáveis,Parenterais,Correlatos,Germicidas,Medicamentos,Vestiários,Sanitização,Hortifruti,Saladas,Sobremesas,Montagem,Nutricionista,Dietas,Cocção,Resfriados,Congelados,Açougue,Higienizações,WC?s,Resíduo diário,Refeitório,Lactário,Lavagem carros,Expedição. Bloco C ADMINISTRAÇÃO/CENTRAIS TÉCNICAS ÁREA 1.113,20m² 2 pavimentos:Consertos gerais,Mecânica,Elétrica,Almoxarifado,Oficina,Engenharia clinica;Sala de reuniões,Recursos humanos,Compras,Financeiro,Contas médicas,Arquivo,Chefias,Diretoria,Copa,Sala de segurança,CCIH,CPD, WC?s. Bloco D CENTRAL DE RESÍDUOS SÓLIDOS ÁREA 163,33m² resíduos comuns/infectantes/perfuro cortantes/químicos/radiotaticos/metais/vidros/papel/plástico; Bloco E PORTARIA DE SERVIÇO ÁREA 9,08m²;Bloco F MANUTENÇÃO ÁREA 331,78m²; Garagem ônibus, Garagem carros, Repouso motoristas, Mecânica autos, BWC; Bloco G NECROTÉRIO ÁREA  183,31m²;Bloco H PROCESSAMENTO DE ROUPAS ÁREA 206,88m²; área suja e limpa/armazenamento/distribuição/separação/pesagem; Bloco I CANTINA ÁREA 74,66m²; Bloco J PORTARIA PRINCIPAL ÁREA 117,00m²;Bloco L HEMOCENTRO ÁREA 13.511,94m² 4 pavimentos: Ressonância Magnética,Gama Câmara,Tomografia,Laudos,Vestiários,Ergométrico,Laboratório de análise clínica,Copa, Recepção,Triagem,Serviço social,Farmácia,Fisioterapia,Psicologia,Odontologia,Nutrição,Enfermagem,Consultórios e WC?s,Trat. hemodialítico,DPAC,DPI,Recuperação,Reproc. dialisadores não contaminados e dialisa Hep C,Consultório,Hemodinâmica,OPME,Vestiários,Estar,Repouso, Transfusão adulto e pediatra,Isolamento,Copa,Lab. Imunohematologia,Estocagem,Proc. sangue,Irradiador sangue,Esterilização,Lavagem,Hemostasia, DVMO,Hematologia,Resid. Químico e WC?s, Vestiarios,Central de ar,TI,Almoxarifado,sala elétrica, serviços Administrativos Central de Material Esterilizado e WC?s;Bloco M CENTRAL DE GASES ÁREA 48,87m² Oxido nitroso/ar comprimido, Bloco N CENTRAL DE VÁCUO ÁREA 30,28m². ÁREAS DESCOBERTAS: Bloco O TANQUE DE OXIGÊNIO ÁREA 8,54m²; Bloco P ESTAÇÃO DE TRATAMENTO DE ESGOTO (ETE) 360,00m², Estação de tratamento de fluentes sanitários hospitalares em polipropileno ? DBO com capacidade de vazão estimada em  400 m³/dia.; Bloco Q ADUTORA (POÇOS ARTESIANOS) ÁREA 104,04m² será composta por 3 poços artesianos de alta vazão; Bloco R TORRE DE TERMOACUMULAÇÃO ÁREA 63,62m²: Tanque metálico de termoacumulação de água gelada com capacidade de 1500m³; Bloco S CENTRAL DE GÁS GLP ÁREA 38,50m²; Bloco T ESTACIONAMENTO DE MOTOS (DESCOBERTO) ÁREA 508,00m²; Bloco U BICICLETÁRIO (DESCOBERTO) ÁREA 180m²; Bloco V ESTACIONAMENTO DE VEÍCULOS (DESCOBERTO) ÁREA 21.518,00m²;Disposição geral de leitos: Clínica adulto?90,Isolamento Clínica adulto?4,Clínica Cirúrgica pediátrica?14,Isolamento Clínica Cirúrgica pediátrica?1;Clínica Cirúrgica adulto?59;Clínica Cirúrgica adulto Isolamento?2;UTI adulto-18;Isolamento UTI adulto?2;UTI pediátrica-9;Isolamento UTI pediátrica?1;Emergência?2;Retaguarda adulto?8; Isolamento Retaguarda adulto?1;Retaguarda pediátrica?4; Isolamento Retaguarda pediátrica?1;Sala de observação adulto?8;Isolamento observação adultos?1;Sala de observação pediátrica?4;Isolamento observação pediátrica?1;Rec. Pós Anestésica?10;Total leitos?240. Exames na unidade são:Exames de imagem através de tomógrafo, raio-x e ressonância magnética; Exames cardiológicos, como eletro cárdio e encefalograma; Exames urinálise/bacteri/hemato/parasito",33039,4961,texto
Gama-camara/SPECT,971398,2024,Em execução,2234058,257001,000595-Câmara Cintilográfica (Gama Câmara),1,2234058,texto
Braquiterapia,715384,,Proposta/Plano de Trabalho Aprovado,300000,,"Aplicadores em titânio para braquiterapia composto de:01 Par de Mini colpostatsColpostats para 20 mm de expansãoColpostats para 25 mm de expansãoColpostats para 30 mm de expansãoSonda colpostat em titânio, esquerdaSonda colpostat em titânio, direitaSonda intra-uterina em titânio, ângulo de 15ºSonda intra-uterina em titânio, ângulo de 30º               Sonda intra-uterina em titânio, ângulo de 45ºTubo de fixação para segmentos colpostatMecanismo central de fixação em titânioPonto cervicalMontagem da sonda central de titânio para aplicadores de três canaisCápsulas de limpeza, amarela, embalagem com 20Botões de interrupção de vazamento, não estéreis, pacote com 50Chave-L, 2.5 mmInstruções de esterilizaçãoKit básico de acessórios com 03(três) marcadores de raio X 320mm, 03(três) tubos guias de 320mm, 01(um) medidor de comprimento, 02(duas) ferramentas para cilindros vaginais, 05(cinco) cápsulas de limpeza preta (embalagem com 20), 05(cinco) cápsulas de limpeza cinza (embalagem com 20), mandarim com 113mm de comprimento e instruções de esterilização.",4,42000,texto
Braquiterapia,769077,,Proposta/Plano de Trabalho Aprovado,500000,,Braquiterapia com Sistema de Controle Remoto,1,500000,texto
Braquiterapia,773954,,Proposta/Plano de Trabalho Aprovado,"956490,2",257001,010547-Braquiterapia com Sistema de Controle Remoto,1,500000,texto
Braquiterapia,752772,2010,Prestação de Contas Concluída,4145000,257001,"Workstation de Planejamento de braquiterapia Processador Dual Core Xeon, 2,26 Ghz ou superior, 4 Gb memória RAM DDR3 1066 Mhz, 2 discos rígidos SATA de capacidade de 250 Gb ou superior, unidade DVD/RW SATA, Windows XP Pro, placa aceleradora gráfica de 256 Mb ou superior, 4 portas USB ou superior, monitor LCD 20 polegadas, impressora jato de tinta colorida tamanho papel A4. Scanner USB com densidade óptica de 0.00 – 3.40, tamanho 17,2 x 12,2 polegadas, área de transparência 16,5 x 12,2 polegadas, grayshade 4096, resolução de 2400 x 4800 dpi. Computador console, com processador Core 2 Duo 1.86 Ghz ou superior, 512 Mb memória RAM, HD 80 Gb ou superior, impressora jato de tinta colorida tamanho papel A4, monitor LCD 19 polegadas ou superior, software de controle de tratamento GammaMed (Upgrade), instalação e treinamento. A solução deve prever um sistema completo de planejamento de tratamentos 3D baseados no paciente e nas imagens. e que atenda todas as necessidades de planejamento de braquiterapia, oferecendo: - Integração com o sistema de planejamento de tratamentos com banco de dados, registro de pacientes e interface comuns; - Aquisição de imagens por meio de digitalizador de . lmes, DICOM 3, ultra-som ou diretamente de um sistema de planejamento, simulação; - Inserção de dados relativos a aplicadores em radiografia. as, coordenadas, imagens transversais ou planos reconstruídos, além de planos padronizados e bibliotecas de aplicadores; - Marcação de contornos e segmentação; - Processo interativo de planejamento e otimização; - Avaliação e análise de planos.",1,145000,texto
Braquiterapia,758733,2011,Prestação de Contas Concluída,"1089819,44",257001,Braquiterapia com Sistema de Controle Remoto,1,601545,texto
Braquiterapia,766000,2011,Prestação de Contas Concluída,"2653238,4",257001,Braquiterapia com Sistema de Controle Remoto.,1,574200,texto
Braquiterapia,777446,2012,Prestação de Contas Concluída,1762500,257001,010547-Braquiterapia com Sistema de Controle Remoto,1,450000,texto
Braquiterapia,797280,2013,Prestação de Contas Concluída,"728396,63",257001,"010547-Braquiterapia com Sistema de Controle Remoto - Sistema de pós-carregamento remoto de radioisótopo Irídio 192 (192Ir) de alta taxa de dose, com no mínimo 18 canais, Exatidão de posicionamento da fonte de 1 mm; Sistema de retração manual da fonte;Sistema de emergência de recolhimento das fontes, com backup de baterias e 04  fontes de 192Ir para uso no primeiro ano, sendo que o primeiro envio deve coincidir  com o termino da instalação e as demais posteriores a cada noventa dias.Sistema de planejamento acoplado contendo o hardware com  Software de Planejamento; 01 Computador  com Monitor Colorido LCD/LED  de no minimo19 polegadas e suportando a resolução de 1280x960 dpi True Color ou maior;  Leitor/Gravador de CD/DVD; Interface de comunicação com Sistema de pós-carregamento remoto Interface de comunicação que permita upgrade para diagnóstico remoto. 01Impressora Laser Colorida com resolução igual ou superior a 1200x1200 dpi e com capacidade de impressão em papéis de tamanho A3, Tabloide e A4; sistema de backup por disco rígido externo ou fita LTO ou equivalente; 01 Mesa digitalizadora, 01 Scanner óptico de reflexão e transmissão para filmes radiológicos com área mínima de 43x37cm e resolução de no mínimo 1200x1200 dpi; 01 Nobreak . Software de planejamento com possibilidade de cálculo a partir de imagens planas semi-ortogonais e de imagens tomográficas;  Importação de imagens DICOM; otimização de cálculo volumétrica e pontual; Visualização e impressão de isodoses em 03 planos ortogonais; com capacidade de armazenar cinco ou mais planos de tratamentos por paciente. 01 Jogo de aplicadores ginecológicos tipo Fletcher com respectiva caixa para esterilização contendo 5 ou mais opções de aplicador intrauterino com diferentes dimensões e ângulos; 3 ou mais diâmetros de colpostatos;  um  Retrator retal; Com os respectivos acessórios de fixação e colocação das componentes descritas; 01 Jogo de aplicadores vaginais/cervix  com respectiva caixa para esterilização contendo: Cinco cilindros com diâmetros diferentes no intervalo de 15 mm a 40 mm;  Cinco ou mais opções de aplicador intrauterino com diferentes dimensões e ângulos; com  respectivos acessórios de fixação e colocação das componentes descritas; Jogo de aplicadores ginecológicos tipo anel com respectiva caixa para esterilização contendo: Três ou mais opções de anel com diferentes dimensões e ângulos;cinco ou mais opções de aplicador intrauterino com diferentes dimensões e ângulos compatíveis com os anéis; retrator retal; com respectivos acessórios de fixação e colocação das componentes descritas; Deve  conter os seguintes acessórios de tratamento Um suporte para aplicador ginecológico;  Mínimo de 03 tubos de Transferência da fonte de 192Ir para os aplicadores ginecológicos; Jogo de 03 ou mais marcadores radiográficos (fontes falsas) compatíveis com todos os aplicadores;  Apoiador ortogonal de cassete radiográfico (Box acrílico); Cofre de chumbo para emergência ou manutenção para fonte de 192Ir; . Um par de monitores de radiação de área, fixos em parede sendo 01 interno com detector de radiação e o segundo externo para visualização das informações; Um par de intercomunicadores orais com potência sonora superior a 3 Watts cada, microfones de alta sensibilidade, permitir a comunicação entre dois pontos distanciados no mínimo por 10 m, um dos pontos deve permitir a comunicação sem o acionamento de botões; conjunto dosimétrico composto por câmara de ionização tipo poço com posicionador (¿holder¿) compatível com o equipamento de braquiterapia, eletrômetro de 4,5 dígitos e cabo de extensão de 10m;  Sistema de auto-radiografia e régua calibrada de verificação de posicionamento da fonte. Um sistema de verificação de parada de fonte para controle de qualidade.",1,"563816,63",texto
Braquiterapia,797851,2013,Prestação de Contas Concluída,450000,257001,Braquiterapia com Sistema de Controle Remoto.,1,450000,texto
Braquiterapia,797863,2013,Prestação de Contas Concluída,5354700,257001,Braquiterapia com Sistema de Controle Remoto,1,1092000,texto
Braquiterapia,798390,2013,Prestação de Contas Concluída,720000,257001,010547-Braquiterapia com Sistema de Controle Remoto,1,720000,texto
Braquiterapia,797840,2014,Prestação de Contas Concluída,850000,257001,"010547-Braquiterapia com Sistema de Controle Remoto - especificação conforme TR anexado ao parecer n° 0017/2017, do ajuste de PT.",1,850000,texto
Braquiterapia,821878,2015,Prestação de Contas Concluída,1015944,257001,010547-Braquiterapia com Sistema de Controle Remoto,1,944444,texto
Braquiterapia,824838,2015,Prestação de Contas Concluída,1000000,257001,010547-Braquiterapia com Sistema de Controle Remoto,1,1000000,texto
Braquiterapia,824916,2015,Prestação de Contas Concluída,912392,257001,010547-Braquiterapia com Sistema de Controle Remoto,1,737392,texto
Braquiterapia,835154,2016,Prestação de Contas Concluída,1269485,257001,010547-Braquiterapia com Sistema de Controle Remoto,1,1269485,texto
Braquiterapia,835185,2016,Prestação de Contas Concluída,1150000,257001,010547-Braquiterapia com Sistema de Controle Remoto,1,640000,texto
Braquiterapia,840013,2016,Prestação de Contas Concluída,"2784380,84",257001,010547-Braquiterapia com Sistema de Controle Remoto,1,1269485,texto
Braquiterapia,899004,2020,Prestação de Contas Concluída,2427190,257001,010547-Braquiterapia com Sistema de Controle Remoto,1,2423690,texto
Braquiterapia,925313,2021,Prestação de Contas Concluída,2463601,257001,010547-Braquiterapia com Sistema de Controle Remoto,1,2463601,texto
Braquiterapia,929643,2022,Prestação de Contas Concluída,1715000,257001,010547-Braquiterapia com Sistema de Controle Remoto,1,1365587,texto
Braquiterapia,937610,2022,Prestação de Contas enviada para Análise,12898384,257001,010547-Braquiterapia com Sistema de Controle Remoto,1,1478230,texto
Braquiterapia,949415,2023,Em execução,11469500,257001,010547-Braquiterapia com Sistema de Controle Remoto,1,1864500,texto
Braquiterapia,970343,2024,Em execução,2100000,257001,010547-Braquiterapia com Sistema de Controle Remoto,1,2100000,texto
Braquiterapia,970357,2025,Em execução,4749928,257001,010547-Braquiterapia com Sistema de Controle Remoto,1,1795907,texto
Braquiterapia,985653,2025,Em execução,1938009,257001,010547-Braquiterapia com Sistema de Controle Remoto,1,1933873,texto
PET/CT,882037,,Proposta/Plano de Trabalho Aprovado,14787100,,000301-PET CT,1,6645100,texto
PET/CT,900704,,,6666277,,000301-PET CT,1,5600000,texto
PET/CT,725685,2009,Prestação de Contas enviada para Análise,"3149888,3",153080,Tomógrafo por Emissão de Pósitrons com tecnologia para Tomografia Computadorizada acoplada (PET-CT),1,2870415,texto
PET/CT,781334,2012,Prestação de Contas Concluída,"4231240,34",257001,000301-PET CT,1,2730000,texto
PET/CT,797270,2013,Prestação de Contas Concluída,"8325701,87",257001,"000301-PET CT - Detector PET-Mínimo 12000 Cristais de LSO ou BGO,Dimensão máxima dos cristais 6,5mmX6,5mmX30mm, Mínimo de 24 anéis,FOV Transaxial  e Axial mínimo de 600mm e 155mm respectivamente,Diâmetro de abertura mínimo: 70cm. Operacional	 PET-Janela de coincidência máxima de 9,5ns,Aquisição estática e multiestática,Matriz de aquisição máxima: mínima de 256X256 pixels,Fração máxima de espalhamento de 38%,NECR mínimo:54kcps a 15KBq/ml,Sensibilidade mínima:4,2cps/KBq,Resolução Energética Máxima:15%, Uniformidade de Campo Máxima: 5%,Resolução Espacial Axial e Transaxial Máxima a 1cm de 5,6mm e 5,9mm respectivamente,Resolução Espacial Axial e Transaxial Máxima a 10cm de 6,3mm e 6,0mm respectivamente.Detector CT-Gantry com aquisição Multislice,16 fileiras de detectores sólidos ou cerâmicos,Diâmetro de abertura mínimo:70cm,Tubo de raios-x com capacidade máxima de armazenamento térmico do ânodo:mínimo de 5MHU,Potência máxima do Gerador de raios-x mínima: 50Kw,Intervalo Mínimo de corrente: 20 a 345mA.Operacional CT-16 cortes por rotação do tubo,Tempo mínimo de rotação 360º de 0,6s,Espessura de corte de 0,6 a 10mm,Mínimo de 16 cortes por rotação do tubo,FOV máximo: mínimo de 500mm,Tempo mínimo de rotação de 360º: 0,6s,Tempo máximo de varredura helicoidal: 120s,Velocidade mínima de reconstrução: 6cortes/s,Espessuras de corte: 0,625mm a 10mm.Características Gerais do Equipamento ¿ PET e CT ¿ HARDWARE:Consoles de aquisição e processamento(Monitor de LCD de 19¿¿ com resolução 1280X1024 ou superior (para processamento 2 monitores,Processador de quatro núcleos ou superior,Capacidade de armazenamento de imagens 600GB (gigabytes),Memória RAM DDR3 mínima de 12GB (gigabytes),Teclado ABNT2,Mouse com 3 botões,Placa Ethernet 10/100/1000,Habilitadas para o padrão DICOM 3.0 modalidades:C-tore,Print,StorageCommitment,Worklist,Query/Retrieve,MPPS);Mesa:deslocamento vertical de 55-95cm e longitudinal de 260cm,capacidade de sustentação de 225kg,capacidade de fazer uma aquisição de PET/CT de 170cm sem reposicionamento;SOFTWARE:Matrizes de reconstrução máxima:dimensão mínima 256x256 (PET) e 512x512 (CT) e matriz de visualização 1024x1024,Ampliação de imagem de 16 vezes,Visualização de 16 cortes simultâneos,Reconstrução de imagens em 3D,Reconstrução multiplanar (coronal, sagital, axial, oblíqua e curva),Exploração dinâmica, Angiografia,Modulação online de dose de raios-x,Software de Oncologia para Segmentação automática de lesões incluindo a quantificação das imagens em unidades de Hounsfield (CT) e SUV (PET),Programas no Console de Aquisição (Protocolo pediátrico,Modulação de doses,Reconstrução multiplanar em tempo real (MPR),Reconstrução em 3D (SSD) com renderização de volumes,Projeção de intensidade máxima (MIP),Projeção de intensidade mínima (MinIP),Detecção de chegada de contraste em região de interesse,Aquisição de angiografia para vasos arteriais,Reconstruções vasculares curvilíneas em diferentes planos,Estudos dinâmicos e contrastados);Programas no Console de Processamento(Reconstrução multiplanar em tempo real (MPR),Reconstrução em 3D (SSD) com renderização de volumes,Projeção de intensidade máxima (MIP),Projeção de intensidade mínima (MinIP), Reconstruções vasculares curvilíneas em diferentes planos,Endoscopia virtual.ALIMENTAÇÃO: elétrica trifásica 380Vac @ 60hz e monofásica 220Vac @ 60hz. ACESSÓRIOS Fantomas para calibração,Fonte de Germânio para calibração,Fantomas para controle de qualidade do sistema PET/CT no padrão NEMA,Suporte adulto: cabeça,coronal com suporte para queixo e testa,Suportes para braços e pernas,Cunhas para posicionamento de paciente,Berço para posicionamento de crianças,Estabilizador para o sistema,02 No-breaks,que garantam 10 minutos de funcionamento para o console de operação e as estações de trabalho,Intercomunicador de 02 vias (operador / paciente),Monitor de ECG para aquisição sincronizada de imagens cardíacas,Cabo de ECG, Bomba injetora de meio de contraste de 02 cabeças,Impressora a seco.",1,"2700919,87",texto
PET/CT,848278,2017,Prestação de Contas Concluída,7100000,257001,000301-PET CT,1,"6238938,8",texto
PET/CT,851416,2017,Prestação de Contas Concluída,"4038804,84",250107,"Reforma dos setores Diagnóstico por Imagem, Ambulatório de Quimioterapia e áreas anexas, localizadas no pavimento Térreo do Bloco I do Hospital do Câncer de Muriaé e respectivos ambientes, de acordo com projeto, conforme segue:- Na preparação para realização das intervenções serão realizadas a Locação de obra, as instalações provisórias (tapumes) para os devidos isolamentos.No DIAGNÓSTICO POR IMAGEM serão realizadas as seguintes intervenções por área:- Troca e adequação às normas das instalações elétricas, nas ÁREAS TÉCNICAS E SALAS DE COMANDO DOS TOMÓGRAFOS;- Demolição e execução de novas paredes, troca de esquadrias de porta e janela, emboço, piso, forro, emassamento e pintura, instalações hidrossanitárias, troca e adequação às normas das instalações elétricas NA SALA DE PREPARO E PUNÇÃO DE PACIENTES, SALAS ADMINISTRATIVAS;- Demolição e execução de novas paredes, troca de esquadrias de porta e janela, emboço, piso, forro, emassamento e pintura, instalações hidrossanitárias, troca e adequação às normas das instalações elétricas para comportar equipamentos e áreas de apoio para o serviço de PET CT (SALA DE EXAME, COMANDO E OBSERVAÇÕES INDIVIDUAIS);- Demolição e execução de novas paredes, troca de esquadrias de porta e janela, emboço, piso, forro, revestimento cerâmico em parede, instalações hidrossanitárias de SANITÁRIOS PARA PACIENTES E PROFISSIONAIS e dos DML?s;- Demolição e execução de novas paredes, troca de esquadrias de porta e janela, emboço, piso, forro, remanejamento e ampliação da rede de gases medicinais, emassamento e pintura, instalações hidrossanitárias, troca e adequação às normas das instalações elétricas na SALA DE OBSERVAÇÃO para pacientes;- Retirada, remanejamento e adequação às normas do SISTEMA DE CLIMATIZAÇÃO DOS AMBIENTES COM CONTROLE DE TEMPERATURA E UMIDADE das salas de atendimento e trabalho;- Demolição e execução de novas paredes, troca de esquadrias de porta e janela, emboço, piso, forro, emassamento e pintura, instalações hidrossanitárias, troca e adequação às normas das instalações elétricas, remanejamento e adequação às normas do sistema de prevenção e combate a incêndio nas demais ÁREAS DE ESPERA, RECEPÇÃO, APOIO E DE INFRAESTRUTURA conforme RDC 50/2002 e outras normas vigentes.No AMBULATÓRIO DE QUIMIOTERAPIA serão realizadas as seguintes intervenções por área:- Demolição e execução de novas paredes, troca de esquadrias de porta e janela, emboço, piso, forro, emassamento e pintura, instalações hidrossanitárias, troca e adequação às normas das instalações elétricas dos atuais e novos CONSULTÓRIOS MÉDICOS E DE OUTROS PROFISSIONAIS, da FARMÁCIA DE MANIPULAÇÃO E DE DISPENSAÇÃO DE MEDICAMENTOS AMBULATORIAIS, POSTO DE COLETO LABORATORIAL, das SALAS ADMINISTRATIVAS;- Demolição e execução de novas paredes, emboço, troca de esquadrias de porta e janela, retirada e novas instalações de rede de gases medicinais, substituição do piso, emassamento e pintura, instalações hidrossanitárias, retirada e nova instalação de forro, troca e adequação às normas das instalações elétricas, para ampliação do SALÃO DE QUIMIOTERAPIA;- Demolição e execução de novas paredes, troca de esquadrias de porta e janela, emboço, piso, revestimento cerâmico em parede, instalações hidrossanitárias de SANITÁRIOS PARA PACIENTES E PROFISSIONAIS e dos DML?s;- Demolição e execução de novas paredes, troca de esquadrias de porta e janela, emboço, piso, forro, emassamento e pintura, instalações hidrossanitárias, troca e adequação às normas das instalações elétricas, remanejamento e adequação às normas do sistema de prevenção e combate a incêndio nas demais ÁREAS DE ESPERA, RECEPÇÃO, ATENDIMENTO, ÁREAS DE APOIO E DE INFRAESTRUTURA conforme RDC 50/2002 e outras normas vigentes.- Após a conclusão das intervenções será realizada a Limpeza Geral da Obra para uso.",2296,"1759,06",texto
PET/CT,862771,2017,Prestação de Contas Concluída,5519900,257001,000301-PET CT,1,5519900,texto
PET/CT,892034,2019,Prestação de Contas Concluída,5818260,257001,000301-PET CT,1,5818260,texto
PET/CT,915915,2021,Prestação de Contas Concluída,5900000,257001,000301-PET CT,1,5900000,texto
PET/CT,921373,2021,Prestação de Contas Concluída,6295961,257001,000301-PET CT,1,6295961,texto
PET/CT,942842,2023,Prestação de Contas em Análise,6400000,257001,000301-PET CT,1,6400000,texto
PET/CT,950114,2023,Em execução,8980892,257001,000301-PET CT,1,4000000,texto
PET/CT,971253,2024,Em execução,223338623,250107,"O novo Instituto de Cardiologia de Santa Catarina (ICSC), localizado em São José/SC, atenderá às crescentes demandas de saúde pública especializada no Estado. O novo hospital será uma estrutura independente, moderna e alinhada às normas reguladoras, incluindo as da ANVISA. Com 38.446,87 metros quadrados de área construída, distribuída em 02 blocos, a obra visa fortalecer a capacidade de atendimento à população pelo SUS, em regimes de emergência e consultas eletivas.O ICSC será um hospital de grande porte, com 244 leitos no total, sendo 144 de internação, 40 leitos de UTI, 36 de leitos de atendimento imediato na emergência e 24 leitos de recuperação cirurgica, além de 3 salas de hemodinâmica, 8 salas cirúrgicas, Unidade de Medicina Nuclear, Hospital Dia com 12 leitos, Ambulatório com 23 consultórios, Unidade de Urgência e Emergência, espaço para Reabilitação junto à natureza com 454,95m² de área edificada coberta, já contemplada no total da edificação, com as áreas de desenvolvimento de exercícios envidraçadas, permitindo contato visual com a vegetação nativa que será mantida no terreno. O hospital funcionará com atendimento ambulatorial de segunda a sexta-feira, das 7h às 19h, e demais serviços 24 horas por dia. Será implementado um sistema logístico integrado para serviços técnicos e administrativos, garantindo agilidade e eficiência no suporte aos pacientes, sendo os seguintes setores beneficiados: Unidades de ambulatório, Atendimento imediato, Reabilitação, Medicina nuclear, Imagenologia (eletrocardiograma, raio x, tomografia, cintilografia, PET CT), exames de patologia clínica (laboratório), Métodos gráficos, Centro Cirúrgico, Internação, Unidade de Tratamento Intensiva , Centro de Materiais e Esterilizados , Serviços de Nutrição e Dietética, Nutrição Enteral, Patologia Clínica, Farmácia, Agência Transfusional, Hemodinâmica, Depósito Externo de Resíduos Externos, Armazenamento Geral de Roupas, Necrotério e Administrativo. O Processamento de Roupas será terceirizado, sendo realizado fora do ambiente hospitalar, como ocorre com todos os hospitais próprios do Estado. Está previsto: o Setor de Armazenamento Geral de roupa Suja (pesagem e retirada) e o Setor de Armazenamento Geral de Roupa Limpa (entrega e distribuição aos demais setores). A construção será composta por duas edificações: 1 - BLOCO HOSPITALAR: para as atividades de saúde distribuída em 12 pavimentos, área total 27.406,03m²:SUBSOLO 02 (Cisterna); SUBSOLO 01 (Estacionamento da Emergência c/ 29 vagas); TÉRREO (Urgência, Emergência, Reabilitação, Nutrição e Dietética, Farmácia, Almoxarifado, Rouparia, Necrotério); 1° PAV (Ambulatório, Hospital-dia, Imaginologia, Tomografia, Raio-x, Ressonância Magnética, Ecografia, Eco com esteira; Métodos Gráficos; Medicina Nuclear, Cintilografias, PET CT); 2° PAV (Centro Cirúrgico, Hemodinâmica, CME, OPME); 3° PAV (Área Técnica, Anatomia Patológica, Banco de Sangue, Engenharia Clínica); 4° PAV (UTI); 5° PAV (Internação); 6° PAV (Internação); 7° PAV (Internação); 8º PAV (Administração, Ensino e Pesquisa); 9º PAV (Área Técnica Coberta); 10º PAV (Cobertura Técnica, Heliponto); 11º PAV (Barrilete); 12º PAV (Reservatório) 2- BLOCO DE ACESSO: para recepção dos pacientes deambulantes e serviços de apoio, distribuída em 4 pavimentos, área total 11.039,61m²:SUBSOLO 04 (Abrigo de Resíduos, Garagem de ambulâncias e Carros Oficiais, Zeladoria); SUBSOLO 03 (Estacionamento G1, Manutenção); SUBSOLO 02 (Estacionamento G2); SUBSOLO 01 (Estacionamento G3, Voluntariado, Capela Ecumênica, Sanitário Público); TÉRREO (Praça de Acesso, Recepção Principal, Praça de alimentação, Auditório).A captação de recursos será fundamental para assegurar a entrega de um hospital completo, que combina eficiência, modernidade e sustentabilidade. A nova instalação trará um impacto significativo na saúde pública da região, justificando plenamente o investimento requerido.",38447,5809,texto
PET/CT,971399,2024,Em execução,7250000,257001,000301-PET CT,1,7250000,texto
