ano_programa,nm_programa,id_proposta,ente_recebedor,situacao_proposta
2024,"Pronas/PCD - Formação, treinamento e aperfeiçoamento de recursos humanos em todos os níveis",74752,ASSOCIACAO BENEFICENTE BOM SAMARITANO,Aprovada
2024,"Pronas/PCD - Formação, treinamento e aperfeiçoamento de recursos humanos em todos os níveis",237,ASSOCIACAO RENASCER,Rejeitada
2024,"Pronas/PCD - Formação, treinamento e aperfeiçoamento de recursos humanos em todos os níveis",352,PEQUENO COTOLENGO DO PARANA DOM ORIONE,Aprovada
2024,"Pronas/PCD - Formação, treinamento e aperfeiçoamento de recursos humanos em todos os níveis",371,BENEFICENCIA SOCIAL BOM SAMARITANO,Rejeitada
2024,"Pronas/PCD - Formação, treinamento e aperfeiçoamento de recursos humanos em todos os níveis",461,INSTITUTO DE ENSINO E PESQUISA ALBERTO SANTOS DUMONT,Rejeitada
2024,"Pronas/PCD - Formação, treinamento e aperfeiçoamento de recursos humanos em todos os níveis",8,ASSOCIACAO RENASCER,Em Elaboração
2024,"Pronas/PCD - Formação, treinamento e aperfeiçoamento de recursos humanos em todos os níveis",131,INSTITUTO DE TECNOLOGIA SOCIAL - ITS BRASIL,Rejeitada
2024,"Pronas/PCD - Formação, treinamento e aperfeiçoamento de recursos humanos em todos os níveis",129,ASSOCIACAO DE SURDOS DE LAJEADO - RS,Rejeitada
2024,"Pronas/PCD - Formação, treinamento e aperfeiçoamento de recursos humanos em todos os níveis",297,ASSOCIACAO HOSPITALAR SANTA ROSALIA,Aprovada
2024,"Pronas/PCD - Formação, treinamento e aperfeiçoamento de recursos humanos em todos os níveis",1025,FUNDACAO INSTITUTO DE PESQUISA E ESTUDO DE DIAGNOSTICO POR IMAGEM - FIDI,Aprovada
2024,"Pronas/PCD - Formação, treinamento e aperfeiçoamento de recursos humanos em todos os níveis",11138,FUNDACAO ANTONIO PRUDENTE,Aprovada
2024,"Pronas/PCD - Formação, treinamento e aperfeiçoamento de recursos humanos em todos os níveis",462,ASSOCIACAO CULTURAL EDUCACIONAL SOCIAL E ASSISTENCIAL CAPUAVA,Aprovada
2024,"Pronas/PCD - Formação, treinamento e aperfeiçoamento de recursos humanos em todos os níveis",24497,UNIAO OESTE PARANAENSE DE ESTUDOS E COMBATE AO CANCER,Aprovada
2024,"Pronas/PCD - Formação, treinamento e aperfeiçoamento de recursos humanos em todos os níveis",584,FUNDACAO BENJAMIN GUIMARAES,Rejeitada
2024,"Pronas/PCD - Formação, treinamento e aperfeiçoamento de recursos humanos em todos os níveis",567,ASSOCIACAO PESTALOZZI DE ARAPIRACA,Rejeitada
2024,"Pronas/PCD - Formação, treinamento e aperfeiçoamento de recursos humanos em todos os níveis",564,INSTITUTO DA PRIMEIRA INFANCIA,Rejeitada
2024,"Pronas/PCD - Formação, treinamento e aperfeiçoamento de recursos humanos em todos os níveis",557,ASSOCIACAO DE PAIS E AMIGOS DOS EXCEPCIONAIS DE TOMAZINA,Rejeitada
2024,"Pronas/PCD - Formação, treinamento e aperfeiçoamento de recursos humanos em todos os níveis",492,INSTITUTO MANO DOWN,Rejeitada
2024,"Pronas/PCD - Formação, treinamento e aperfeiçoamento de recursos humanos em todos os níveis",480,"ASSOCIACAO PARA A EDUCACAO, ESPORTE, EMPREENDEDORISMO E DIREITOS DOS PACIENTES DA DIVISAO DE REABILITACAO DO HOSPITAL DAS CLINICAS",Aprovada
2024,"Pronas/PCD - Formação, treinamento e aperfeiçoamento de recursos humanos em todos os níveis",63,ASSOCIACAO EDUCACIONAL E ASSISTENCIAL CASA DOS AMARELINHOS,Em Elaboração
2024,"Pronas/PCD - Formação, treinamento e aperfeiçoamento de recursos humanos em todos os níveis",17,ASSOCIACAO DE PAIS E AMIGOS DOS EXCEPCIONAIS PALMA SOLA,Em Elaboração
2024,"Pronas/PCD - Formação, treinamento e aperfeiçoamento de recursos humanos em todos os níveis",518,APAE ASSOC DE PAIS E AMIGOS DOS EXCEP DE F DE SANTANA,Aprovada
2024,"Pronas/PCD - Formação, treinamento e aperfeiçoamento de recursos humanos em todos os níveis",1255,IMAGEMAGICA,Aprovada
2024,"Pronas/PCD - Formação, treinamento e aperfeiçoamento de recursos humanos em todos os níveis",110,INSTITUTO DE TECNOLOGIA SOCIAL - ITS BRASIL,Em Elaboração
2024,"Pronas/PCD - Formação, treinamento e aperfeiçoamento de recursos humanos em todos os níveis",402,UNIAO DOS CEGOS NO BRASIL,Em Elaboração
2024,"Pronas/PCD - Formação, treinamento e aperfeiçoamento de recursos humanos em todos os níveis",412,A P A E DE TAQUARITUBA,Rejeitada
2024,"Pronas/PCD - Formação, treinamento e aperfeiçoamento de recursos humanos em todos os níveis",252,ASSOCIACAO DE PAIS E AMIGOS DOS EXCEPCIONAIS DE SALTO GRANDE,Rejeitada
2024,"Pronas/PCD - Formação, treinamento e aperfeiçoamento de recursos humanos em todos os níveis",197,ASS DE PAIS E AMIGOS DOS EXCEPCIONAIS DE PARA DE MINAS,Aprovada
2024,"Pronas/PCD - Formação, treinamento e aperfeiçoamento de recursos humanos em todos os níveis",89548,SOCIEDADE PERNAMBUCANA DE COMBATE AO CANCER,Aprovada
2024,"Pronas/PCD - Formação, treinamento e aperfeiçoamento de recursos humanos em todos os níveis",1295,SANTA CASA DE MISERICORDIA DA BAHIA,Aprovada
2024,"Pronas/PCD - Formação, treinamento e aperfeiçoamento de recursos humanos em todos os níveis",84,CENTRO DE VIVENCIAS - DESPERTAR PARA VIDA,Aprovada
2024,"Pronas/PCD - Realização de pesquisas clínicas, epidemiológicas, experimentais e socioantropológicas",65,ASSOCIACAO DE PAIS E AMIGOS DOS EXCEPCIONAIS DE S PAULO,Rejeitada
2024,"Pronas/PCD - Realização de pesquisas clínicas, epidemiológicas, experimentais e socioantropológicas",153,ASSOCIACAO DE PAIS E AMIGOS DOS EXCEPCIONAIS DE CAJURU,Em Elaboração
2024,"Pronas/PCD - Realização de pesquisas clínicas, epidemiológicas, experimentais e socioantropológicas",144,ASSOCIACAO DE PAIS E AMIGOS DOS EXCEPCIONAIS - APAE DE CARATINGA MG,Em Elaboração
2024,"Pronas/PCD - Realização de pesquisas clínicas, epidemiológicas, experimentais e socioantropológicas",481,INSTITUTO D'OR DE GESTAO DE SAUDE PUBLICA,Aprovada
2024,"Pronas/PCD - Realização de pesquisas clínicas, epidemiológicas, experimentais e socioantropológicas",357,FUNDACAO SAO PAULO,Rejeitada
2024,"Pronas/PCD - Realização de pesquisas clínicas, epidemiológicas, experimentais e socioantropológicas",397,ASSOCIACAO BRASILEIRA DE FACIO-ESCAPULO-UMERAL - ABRAFEU,Rejeitada
2024,"Pronas/PCD - Realização de pesquisas clínicas, epidemiológicas, experimentais e socioantropológicas",1079,ASSOCIACAO DE PAIS E AMIGOS DOS EXCEPCIONAIS,Aprovada
2024,"Pronas/PCD - Realização de pesquisas clínicas, epidemiológicas, experimentais e socioantropológicas",111,ASSOC DE PAIS E AMIGOS DOS EXCEP DE BOA VENTURA DE S RO,Em Elaboração
2024,"Pronas/PCD - Realização de pesquisas clínicas, epidemiológicas, experimentais e socioantropológicas",609,INSTITUTO DE PESQUISA PENSI SANDRA MUTARELLI SETUBAL,Rejeitada
2024,"Pronas/PCD - Realização de pesquisas clínicas, epidemiológicas, experimentais e socioantropológicas",294,ASSOCIACAO DE PAIS E AMIGOS DOS EXCEPCIONAIS BATATAIS,Em Elaboração
2024,"Pronas/PCD - Realização de pesquisas clínicas, epidemiológicas, experimentais e socioantropológicas",566,FUNDACAO EDUCACIONAL DE CRICIUMA,Rejeitada
2024,"Pronas/PCD - Realização de pesquisas clínicas, epidemiológicas, experimentais e socioantropológicas",100,FUNDACAO FACULDADE DE MEDICINA,Rejeitada
2024,"Pronas/PCD - Realização de pesquisas clínicas, epidemiológicas, experimentais e socioantropológicas",1019,FIOTEC - FUNDACAO PARA O DESENVOLVIMENTO CIENTIFICO E TECNOLOGICO EM SAUDE,Aprovada
2024,"Pronas/PCD - Realização de pesquisas clínicas, epidemiológicas, experimentais e socioantropológicas",332,REAL E BENEMERITA ASSOCIACAO PORTUGUESA DE BENEFICENCIA,Rejeitada
2024,"Pronas/PCD - Realização de pesquisas clínicas, epidemiológicas, experimentais e socioantropológicas",310,ESCOLA DE GENTE- COMUNICACAO EM INCLUSAO,Rejeitada
2024,"Pronas/PCD - Realização de pesquisas clínicas, epidemiológicas, experimentais e socioantropológicas",285,FUNDACAO ASSISTENCIAL DA PARAIBA- FAP,Rejeitada
2024,"Pronas/PCD - Realização de pesquisas clínicas, epidemiológicas, experimentais e socioantropológicas",19,ASSOCIACAO DE PAIS E AMIGOS EXCEPCIONAIS DE LOUVEIRA,Em Elaboração
2024,"Pronas/PCD - Realização de pesquisas clínicas, epidemiológicas, experimentais e socioantropológicas",333,INSTITUTO D'OR DE GESTAO DE SAUDE PUBLICA,Em Elaboração
2024,"Pronas/PCD - Realização de pesquisas clínicas, epidemiológicas, experimentais e socioantropológicas",289,INSTITUTO D'OR DE GESTAO DE SAUDE PUBLICA,Em Elaboração
2024,"Pronas/PCD - Realização de pesquisas clínicas, epidemiológicas, experimentais e socioantropológicas",36,ASSOCIACAO DE PAIS E AMIGOS EXCEPCIONAIS DE LOUVEIRA,Em Elaboração
2024,"Pronas/PCD - Realização de pesquisas clínicas, epidemiológicas, experimentais e socioantropológicas",257,CENTRO INF DE INVEST HEMAT DR DOMINGOS A BOLDRINI,Inativada
2024,"Pronas/PCD - Realização de pesquisas clínicas, epidemiológicas, experimentais e socioantropológicas",98,ASSOCIACAO AQUARELA PRO-AUTISTA,Em Elaboração
2024,"Pronas/PCD - Realização de pesquisas clínicas, epidemiológicas, experimentais e socioantropológicas",203,ASSOCIACAO DE PAIS E AMIGOS DOS EXCEPCIONAIS - APAE DE MIGUELOPOLIS,Em Elaboração
2024,"Pronas/PCD - Realização de pesquisas clínicas, epidemiológicas, experimentais e socioantropológicas",154,ASSOCIACAO DE PAIS AMIGOS DOS EXCEPCIONAIS DA FELIZ,Inativada
2024,"Pronas/PCD - Realização de pesquisas clínicas, epidemiológicas, experimentais e socioantropológicas",293,ASSOCIACAO DE PAIS E AMIGOS DOS EXCEPCIONAIS DE GUAIRA,Em Elaboração
2024,"Pronas/PCD - Realização de pesquisas clínicas, epidemiológicas, experimentais e socioantropológicas",1332,INSTITUTO PAULO GONTIJO,Aprovada
2024,Pronas/PCD - Serviços médico-assistenciais,185,ASSOCIACAO DE PAIS E AMIGOS DOS EXCEPCIONAIS-APAE MARAB,Aprovada
2024,Pronas/PCD - Serviços médico-assistenciais,322,ASSOCIACAO DE PAIS E AMIGOS DOS EXCEPCIONAIS DE COLMEIA,Rejeitada
2024,Pronas/PCD - Serviços médico-assistenciais,325,LUTA PELA PAZ,Rejeitada
2024,Pronas/PCD - Serviços médico-assistenciais,348,ASSOCIACAO DE PAIS E AMIGOS DOS EXCEPCIONAIS DE CARIACICA,Em Elaboração
2024,Pronas/PCD - Serviços médico-assistenciais,5,ASSOCIACAO PRO-ESPORTE E CULTURA,Aprovada
2024,Pronas/PCD - Serviços médico-assistenciais,44,ASSOCIACAO DE PAIS E AMIGOS DOS EXCEPCIONAIS,Em Elaboração
2024,Pronas/PCD - Serviços médico-assistenciais,47,ASSOC TERAPEUTICA DE ESTIMULACAO AUDITIVA E LINGUAGEM,Rejeitada
2024,Pronas/PCD - Serviços médico-assistenciais,134,ASSOCIACAO DE PAIS E AMIGOS DOS EXCEPCIONAIS DTE NORTE,Em Elaboração
2024,Pronas/PCD - Serviços médico-assistenciais,387,ASSOC DE PAIS E AMIGOS DOSEXCEP DE VENDA NOVA IMIGRANTE,Rejeitada
2024,Pronas/PCD - Serviços médico-assistenciais,323,ABRACE ASSOC BRAS P/ O ADOLESCENTE E A CRIANCA ESPECIAL,Rejeitada
2024,Pronas/PCD - Serviços médico-assistenciais,76,ASSOCIACAO DE PAIS E AMIGOS DOS EXCEPCIONAIS DE BOA ESPERANCA DO IGUACU,Em Elaboração
2024,Pronas/PCD - Serviços médico-assistenciais,87,ASSOCIACAO DE PAIS E AMIGOS DOS EXCEPCIONAIS DE LUIS EDUARDO MAGALHAES,Rejeitada
2024,Pronas/PCD - Serviços médico-assistenciais,99,ASSOCIACAO DE PAIS E AMIGOS DOS EXCEPCIONAIS - APAE / MACAE,Em Elaboração
2024,Pronas/PCD - Serviços médico-assistenciais,120,APAE ASSOCIACAO DE PAIS E AMIGOS DE CAP L MARQUES PR,Em Elaboração
2024,Pronas/PCD - Serviços médico-assistenciais,208,ASSOCIACAO DE DEFICIENTES FISICOS DE LAJEADO - ADEFIL,Rejeitada
2024,Pronas/PCD - Serviços médico-assistenciais,137,ASSOCIACAO DE PAIS E AMIGOS DE PESSOAS COM SINDROME DE DOWN DE CARIACICA - CARIACICA DOWN,Rejeitada
2024,Pronas/PCD - Serviços médico-assistenciais,149,ASSOCIACAO DE PAIS E AMIGOS DOS EXCEP DE BOA V DA APARE,Aprovada
2024,Pronas/PCD - Serviços médico-assistenciais,182,UNIAO DE CEGOS DO RIO GRANDE DO SUL,Rejeitada
2024,Pronas/PCD - Serviços médico-assistenciais,191,ASSOCIACAO DE PAIS E AMIGOS DOS EXCEPCIONAIS DE PINHALAO,Rejeitada
2024,Pronas/PCD - Serviços médico-assistenciais,235,SOCIEDADE ESPIRITA CINCO DE SETEMBRO,Em Elaboração
2024,Pronas/PCD - Serviços médico-assistenciais,243,OBRAS SOCIAIS MISSIONARIOS DA COMPAIXAO DE NOSSA SENHORA DO MONTE CARMELO,Rejeitada
2024,Pronas/PCD - Serviços médico-assistenciais,222,ASSOCIACAO PESTALOZZI DE FORTALEZA,Em Elaboração
2024,Pronas/PCD - Serviços médico-assistenciais,214,ASSOCIACAO DE PAIS AMIGOS DOS EXCEPCIONAIS DA FELIZ,Rejeitada
2024,Pronas/PCD - Serviços médico-assistenciais,250,ASSOCIACAO DE PAIS E AMIGOS DOS EXCEPCIONAIS DE SAO JOAO DO OESTE,Em Elaboração
2024,Pronas/PCD - Serviços médico-assistenciais,290,ASSOCIACAO PAIS AMIGOS DOS EXEPCIONAIS ITAIOPOLIS APAE,Rejeitada
2024,Pronas/PCD - Serviços médico-assistenciais,392,"ASSOCIACAO DOS PAIS, AMIGOS E DE PESSOAS COM DEFICIENCIA VISUAL DE LAJEADO",Rejeitada
2024,Pronas/PCD - Serviços médico-assistenciais,307,ASSOCIACAO DE PAIS E AMIGOS DOS EXCEPCIONAIS DE LAGOA DA CONFUSAO,Rejeitada
2024,Pronas/PCD - Serviços médico-assistenciais,317,INSTITUTO DE MEDICINA INTEGRAL PROFESSOR FERNANDO FIGUEIRA - IMIP,Rejeitada
2024,Pronas/PCD - Serviços médico-assistenciais,320,ASSOCIACAO DE PAIS E AMIGOS DOS EXCEPCIONAIS DE CARUARU,Rejeitada
2024,Pronas/PCD - Serviços médico-assistenciais,327,ASSOCIACAO DE PAIS E AMIGOS DOS EXCEPCIONAIS APAE,Rejeitada
2024,Pronas/PCD - Serviços médico-assistenciais,390,ASSOC PAIS AMIGOS DOS EXCEPCIONAIS DE POMERODE,Aprovada
2024,Pronas/PCD - Serviços médico-assistenciais,406,ASSOCIACAO DE PAIS E AMIGOS DOS EXCEPCIONAIS DE MACATUBA,Rejeitada
2024,Pronas/PCD - Serviços médico-assistenciais,409,ASSOCIACAO DE PAIS E AMIGOS DOS EXCEPCIONAIS STO ANDRE,Rejeitada
2024,Pronas/PCD - Serviços médico-assistenciais,476,ASSOCIACAO DE PAIS E AMIGOS DOS EXCEPCIONAIS DE GUAIRA,Rejeitada
2024,Pronas/PCD - Serviços médico-assistenciais,472,ASSOC DE PAIS E AMIGOS DOS EXCEPCIONAIS DE MANDIRITUBA,Rejeitada
2024,Pronas/PCD - Serviços médico-assistenciais,488,ASSOCIACAO DE PAIS E AMIGOS DOS EXCEPCIONAIS - APAE DE MIGUELOPOLIS,Aprovada
2024,Pronas/PCD - Serviços médico-assistenciais,571,REDE PAULO DE TARSO,Rejeitada
2024,Pronas/PCD - Serviços médico-assistenciais,517,ASSOCIACAO DE PAIS E AMIGOS DOS EXCEPCIONAIS - APAE DE PIRIPIRI,Em Elaboração
2024,Pronas/PCD - Serviços médico-assistenciais,523,ASSOC DE PAIS E AMIGOS DOS EXCEPCIONAIS DE MINACU GO,Em Elaboração
2024,Pronas/PCD - Serviços médico-assistenciais,522,SANTA CASA DE MISERICORDIA DE BELO HORIZONTE,Rejeitada
2024,Pronas/PCD - Serviços médico-assistenciais,533,ASSOCIACAO DE PAIS E AMIGOS DOS EXCEPCIONAIS,Rejeitada
2024,Pronas/PCD - Serviços médico-assistenciais,600,APAE - ASSOCIACAO DE PAIS E AMIGOS DOS EXCEPCIONAIS DE TURVO,Rejeitada
2024,Pronas/PCD - Serviços médico-assistenciais,618,ASSOCIACAO DE PAIS E AMIGOS DOS EXCEPCIONAIS - APAE DE PIRIPIRI,Rejeitada
2024,Pronas/PCD - Serviços médico-assistenciais,396,SOCIEDADE BENEFICENTE CASA DA ESPERANCA,Rejeitada
2024,Pronas/PCD - Serviços médico-assistenciais,457,ASSOC DE PAIS E AMIGOS DOS EXCEPCIONAIS JUIZ DE FORA,Rejeitada
2024,Pronas/PCD - Serviços médico-assistenciais,521,SOCIEDADE DE ASSISTENCIA E PROTECAO A INFANCIA DE FORTALEZA,Rejeitada
2024,Pronas/PCD - Serviços médico-assistenciais,369,ASSOCIACAO PODE - PORTADORES DE DIREITOS ESPECIAIS,Rejeitada
2024,Pronas/PCD - Serviços médico-assistenciais,1,ASSOCIACAO DE PAIS E AMIGOS DOS EXCEPCIONAIS DE CHAPADINHA,Aprovada
2024,Pronas/PCD - Serviços médico-assistenciais,85,ASSOCIACAO DE PAIS E AMIGOS DOS EXCEPCIONAIS,Aprovada
2024,Pronas/PCD - Serviços médico-assistenciais,138,ASSOCIACAO PREFEITO HELCIO VALENTIN DE ANDRADE,Aprovada
2024,Pronas/PCD - Serviços médico-assistenciais,298,ASSOCIACAO DE PAIS E AMIGOS DOS EXCEPCIONAIS DE OEIRAS,Aprovada
2024,Pronas/PCD - Serviços médico-assistenciais,1316,ASSOC.DE PAIS E AMIGOS DOS EXCEPCI APAE DE P.OLEGARIO,Aprovada
2024,Pronas/PCD - Serviços médico-assistenciais,3,ASSOCIACAO DE PAIS E AMIGOS DOS EXCEPCIONAIS DE VARGEM GRANDE - APAE,Aprovada
2024,Pronas/PCD - Serviços médico-assistenciais,194,ASSOC. DE PAIS E AMIGOS DOS EXCEP. DE RONDON DO PARA - APAE,Aprovada
2024,Pronas/PCD - Serviços médico-assistenciais,24496,FUNDACAO PIO XII,Aprovada
2024,Pronas/PCD - Serviços médico-assistenciais,198,CENTRO MINEIRO DE REABILITACAO AUDITIVA - CEMEAR,Aprovada
2024,Pronas/PCD - Serviços médico-assistenciais,1270,ASSOCIACAO DE PAIS E AMIGOS DOS EXCEPCIONAIS DE ARINOS,Aprovada
2024,Pronas/PCD - Serviços médico-assistenciais,218,ASSOCIACAO DE PAIS E AMIGOS DOS EXCEPCIONAIS DE SOBRADINHO.,Aprovada
2024,Pronas/PCD - Serviços médico-assistenciais,281,ASSOCIACAO FLUMINENSE DE REABILITACAO AFR,Aprovada
2024,Pronas/PCD - Serviços médico-assistenciais,20,ASSOCIACAO DE PAIS E AMIGOS DOS EXCEPCIONAIS PALMA SOLA,Aprovada
2024,Pronas/PCD - Serviços médico-assistenciais,506,CONGREGACAO DAS IRMAS SALESIANAS DOS SAGRADOS CORACOES,Aprovada
2024,Pronas/PCD - Serviços médico-assistenciais,28,APAE DE SANTA MARIA DE JETIBA,Aprovada
2024,Pronas/PCD - Serviços médico-assistenciais,69,AMA - ASSOCIACAO DOS PAIS E AMIGOS DOS AUTISTAS DE CAMPOS NOVOS,Aprovada
2024,Pronas/PCD - Serviços médico-assistenciais,319,ASSOCIACAO DE PAIS E AMIGOS DOS EXCEPCIONAIS,Aprovada
2024,Pronas/PCD - Serviços médico-assistenciais,329,ASSOCIACAO DE PAIS E AMIGOS DOS EXCEPCIONAIS DE ITA,Aprovada
2024,Pronas/PCD - Serviços médico-assistenciais,430,APAE ASSOCIACAO DE PAIS E AMIGOS DOS EXCEPCIONAIS DE ANAPOLIS,Aprovada
2024,Pronas/PCD - Serviços médico-assistenciais,470,ASSOCIACAO DE PAIS E AMIGOS DOS EXCEPCIONAIS,Aprovada
2024,Pronas/PCD - Serviços médico-assistenciais,2768,ASSOC. DE PAIS E AMIGOS DO S EXCEP PARAISO DO TOCANTINS,Aprovada
2024,Pronas/PCD - Serviços médico-assistenciais,497,APAE,Aprovada
2024,Pronas/PCD - Serviços médico-assistenciais,546,FUNDACAO FACULDADE REGIONAL DE MEDICINA S J RIO PRETO,Aprovada
2024,Pronas/PCD - Serviços médico-assistenciais,556,ASSOCIACAO DE PAIS E AMIGOS DOS EXCEPCIONAIS DE ITACOATIARA,Aprovada
2024,Pronas/PCD - Serviços médico-assistenciais,43536,ASSOCIACAO HOSPITALAR E EDUCACIONAL DE POMERODE,Aprovada
2024,Pronas/PCD - Serviços médico-assistenciais,88,AMEDEF ASSOCIACAO MEDIANEIRENSE DOS DEFICIENTES FISICOS,Aprovada
2024,Pronas/PCD - Serviços médico-assistenciais,427,ASSOCIACAO DE PAIS E AMIGOS DOS EXCEPCIONAIS,Aprovada
2024,Pronas/PCD - Serviços médico-assistenciais,29845,ASSOCIACAO DE PAIS E AMIGOS DOS EXCEPCIONAIS DE ARAXA - APAE,Aprovada
2024,Pronas/PCD - Serviços médico-assistenciais,589,APAE - ASSOCIACAO DE PAIS E AMIGOS DOS EXCEPCIONAIS,Aprovada
2024,Pronas/PCD - Serviços médico-assistenciais,119,ASSOC DE PAIS E AMIGOS DOS EXCEPCIONAIS,Rejeitada
2024,Pronas/PCD - Serviços médico-assistenciais,378,ASSOCIACAO DE PAIS E AMIGOS DOS EXCEPCIONAIS APAE,Rejeitada
2024,Pronas/PCD - Serviços médico-assistenciais,377,ASSOCIACAO DE PAIS E AMIGOS DOS EXCEPCIONAIS DE VIANA,Rejeitada
2024,Pronas/PCD - Serviços médico-assistenciais,376,ASSOCIACAO DE PAIS E AMIGOS DOS EXCEPCIONAIS DE LOANDA,Rejeitada
2024,Pronas/PCD - Serviços médico-assistenciais,306,ASSOCIACAO DE PAIS E AMIGOS DOS EXCEPCIONAIS DE NOVA LARANJEIRAS,Rejeitada
2024,Pronas/PCD - Serviços médico-assistenciais,296,ASSOCIACAO HOSPITALAR SANTA ROSA,Rejeitada
2024,Pronas/PCD - Serviços médico-assistenciais,467,ASSOC DE PAIS E AMIGOS DOS EXCEPCIONAIS DE GUARAMIRIM,Aprovada
2024,Pronas/PCD - Serviços médico-assistenciais,504,ASSOCIACAO DE PAIS E AMIGOS DOS EXCEPCIONAIS - APAE DE CARATINGA MG,Rejeitada
2024,Pronas/PCD - Serviços médico-assistenciais,530,ASSOCIACAO OBRAS SOCIAIS IRMA DULCE,Rejeitada
2024,Pronas/PCD - Serviços médico-assistenciais,527,ASSOCIACAO DE PAIS E AMIGOS DOS EXCEPCIONAIS DE E.R.M.,Rejeitada
2024,Pronas/PCD - Serviços médico-assistenciais,524,ASSOCIACAO PESTALOZZI DE RIO NOVO DO SUL,Rejeitada
2024,Pronas/PCD - Serviços médico-assistenciais,545,FUNDACAO PADRE ALBINO,Aprovada
2024,Pronas/PCD - Serviços médico-assistenciais,487,FUNDACAO DE DESENVOLVIMENTO DA PESQUISA,Rejeitada
2024,Pronas/PCD - Serviços médico-assistenciais,460,ASSOCIACAO DE PAIS E AMIGOS DOS EXCEPCIONAIS DE DOURADINA,Rejeitada
2024,Pronas/PCD - Serviços médico-assistenciais,455,"ASSOCIACAO DE PREVENCAO, ATENDIMENTO ESPECIALIZADO E INCLUSAO DA PESSOA COM DEFICIENCIA DE RIBEIRAO PIRES",Rejeitada
2024,Pronas/PCD - Serviços médico-assistenciais,453,ASSOCIACAO DOS PAIS E AMIGOS DOS EXCEPCIONAIS,Aprovada
2024,Pronas/PCD - Serviços médico-assistenciais,448,IRMANDADE DE NOSSA SENHORA DA SAUDE,Rejeitada
2024,Pronas/PCD - Serviços médico-assistenciais,432,ASSOCIACAO DE PAIS E AMIGOS DOS EXCEPCIONAIS DE ARACAJU,Rejeitada
2024,Pronas/PCD - Serviços médico-assistenciais,443,ASSOCIACAO DE PAIS E AMIGOS DOS EXCEPCIONAIS,Aprovada
2024,Pronas/PCD - Serviços médico-assistenciais,541,FUNDACAO PADRE ALBINO,Em Elaboração
2024,Pronas/PCD - Serviços médico-assistenciais,614,CENTRO DE ATENDIMENTO E INCLUSAO SOCIAL - CAIS,Em Elaboração
2024,Pronas/PCD - Serviços médico-assistenciais,27,ASSOCIACAO DE PAIS E AMIGOS DOS EXCEPCIONAIS DE IBATIBA,Em Elaboração
2024,Pronas/PCD - Serviços médico-assistenciais,128,ASSOCIACAO DE PAIS E AMIGOS DOS EXCEPCIONAIS DE AMERICANA,Em Elaboração
2024,Pronas/PCD - Serviços médico-assistenciais,236,ASSOCIACAO DE PAIS E AMIGOS DOS EXCEPCIONAIS DE IBIRAIARAS,Em Elaboração
2024,Pronas/PCD - Serviços médico-assistenciais,343,ASSOCIACAO DE PAIS E A DOS EXCEPCIONAIS DE IPATINGA,Em Elaboração
2024,Pronas/PCD - Serviços médico-assistenciais,450,ASSOCIACAO DOS PAIS E AMIGOS DOS EXCEPCIONAIS,Em Elaboração
2024,Pronas/PCD - Serviços médico-assistenciais,503,ASSOCIACAO DE PAIS E AMIGOS DOS EXCEPCIONAIS - APAE DE PIRIPIRI,Em Elaboração
2024,Pronas/PCD - Serviços médico-assistenciais,577,ASSOCIACAO DE PAIS E AMIGOS DOS EXCEPCIONAIS - APAE DE PIRIPIRI,Em Elaboração
2024,Pronas/PCD - Serviços médico-assistenciais,588,ASSOCIACAO DE PAIS E AMIGOS DOS EXCEPCIONAIS DE PIRATINI - APAE,Em Elaboração
2024,Pronas/PCD - Serviços médico-assistenciais,606,CENTRO DE ATENDIMENTO E INCLUSAO SOCIAL - CAIS,Em Elaboração
2024,Pronas/PCD - Serviços médico-assistenciais,563,APAE ASSOC DE PAIS E AMIGOS DOS EXCEPCIONAIS DE PINHAO,Rejeitada
2024,Pronas/PCD - Serviços médico-assistenciais,560,ASSOCIACAO DE PAIS E AMIGOS DOS EXCEPCIONAIS DO MUNICIPIO DE ARAPIRACA,Rejeitada
2024,Pronas/PCD - Serviços médico-assistenciais,621,ASSOCIACAO DE PAIS E AMIGOS DOS EXCEPCIONAIS DE IRANI,Rejeitada
2024,Pronas/PCD - Serviços médico-assistenciais,601,ASSOCIACAO DE PAIS E AMIGOS DOS EXCEPCIONAIS DE ITAPUA DO OESTE,Rejeitada
2024,Pronas/PCD - Serviços médico-assistenciais,590,"ASSOCIACAO DE APOIO, ATENDIMENTO E ASSESSORAMENTO A COMUNIDADE SURDA - GENY DE JESUS SOUZA RIBAS",Rejeitada
2024,Pronas/PCD - Serviços médico-assistenciais,417,ASSOCIACAO DE PAIS E AMIGOS DOS EXCEPCIONAIS DE SAO TOME,Rejeitada
2024,Pronas/PCD - Serviços médico-assistenciais,265,SOCIEDADE ESPIRITA CINCO DE SETEMBRO,Rejeitada
2024,Pronas/PCD - Serviços médico-assistenciais,251,APAE-ASSOCIACAO DE PAIS E AMIGOS DOS EXCEPCIONAIS DE GUARATINGA,Rejeitada
2024,Pronas/PCD - Serviços médico-assistenciais,249,ASSOCIACAO AMOR PRA DOWN,Rejeitada
2024,Pronas/PCD - Serviços médico-assistenciais,245,ASSOCIACAO DE PAIS E AMIGOS DOS EXCEPCIONAIS DE MAIRINQUE,Rejeitada
2024,Pronas/PCD - Serviços médico-assistenciais,231,ASSOCIACAO DE PAIS E AMIGOS DOS EXCEPCIONAIS DE SANTOS DUMONT - MG,Rejeitada
2024,Pronas/PCD - Serviços médico-assistenciais,228,ASSOCIACAO DE PAIS E AMIGOS DOS EXCEPCIONAIS DE PORTO VELHO / APAE,Rejeitada
2024,Pronas/PCD - Serviços médico-assistenciais,226,ASSOCIACAO DE PAIS E AMIGOS DOS EXCEPCIONAIS DE TANGARA DA SERRA/MT - APAE,Rejeitada
2024,Pronas/PCD - Serviços médico-assistenciais,225,ASSOCIACAO DE PAIS E AMIGOS DOS EXCEPCIONAIS,Rejeitada
2024,Pronas/PCD - Serviços médico-assistenciais,220,ASSOCIACAO DE PAIS E AMIGOS DOS EXCEPCIONAIS DE SANTA CRUZ DO SUL-APAE,Rejeitada
2024,Pronas/PCD - Serviços médico-assistenciais,207,ASSOCIACAO CRUZ VERDE,Rejeitada
2024,Pronas/PCD - Serviços médico-assistenciais,205,ASSOCIACAO DAS PESSOAS COM DEFICIENCIA FISICA E NEUROLOGICA ASSOCIADA DE BENTO GONCALVES,Aprovada
2024,Pronas/PCD - Serviços médico-assistenciais,187,ASSOCIACAO NOSSA SENHORA DOS PRAZERES,Rejeitada
2024,Pronas/PCD - Serviços médico-assistenciais,186,ASSOCIACAO DOS PAIS E AMIGOS DOS EXCEPCIONAIS DE PASSAGEM FRANCA DO PIAUI,Rejeitada
2024,Pronas/PCD - Serviços médico-assistenciais,156,ASSOCIACAO NACIONAL DE DESENVOLVIMENTO ESPORTE E EDUCACAO - ANDEE,Rejeitada
2024,Pronas/PCD - Serviços médico-assistenciais,133,ASSOCIACAO DE PAIS E AMIGOS DOS EXCEPCIONAIS DE JAPURA - APAE DE JAPURA,Rejeitada
2024,Pronas/PCD - Serviços médico-assistenciais,124,ASSOCIACAO PESTALOZZI DE ATILIO VIVACQUA,Rejeitada
2024,Pronas/PCD - Serviços médico-assistenciais,121,"ASSOCIACAO SAN JULIAN, AMIGOS E COLABORADORES",Rejeitada
2024,Pronas/PCD - Serviços médico-assistenciais,30321,FUNDACAO JOSE SILVEIRA,Aprovada
2024,Pronas/PCD - Serviços médico-assistenciais,118,ASSOCIACAO DE PAIS E AMIGOS DOS EXCEPCIONAIS DE CARLOS BARBOSA,Aprovada
2024,Pronas/PCD - Serviços médico-assistenciais,145,ASSOCIACAO DE PAIS E AMIGOS DOS EXCEPCIONAIS ( APAE ) DE TUTOIA-MA,Aprovada
2024,Pronas/PCD - Serviços médico-assistenciais,49,ASSOCIACAO DOS PAIS E AMIGOS DOS EXCEPCIONAIS DE PINHAIS,Rejeitada
2024,Pronas/PCD - Serviços médico-assistenciais,64,INSTITUTO OLGA KOS DE INCLUSAO CULTURAL,Rejeitada
2024,Pronas/PCD - Serviços médico-assistenciais,57,ASSOCIACAO DE PAIS E AMIGOS DOS EXCEPCIONAIS DE IVATE,Rejeitada
2024,Pronas/PCD - Serviços médico-assistenciais,56,APAE DE SAO JOSE DO NORTE,Rejeitada
2024,Pronas/PCD - Serviços médico-assistenciais,50,ASSOCIACAO DOS AMIGOS E PAIS DE PESSOAS ESPECIAIS,Rejeitada
2024,Pronas/PCD - Serviços médico-assistenciais,37,ASSOCIACAO DE PAIS E AMIGOS DOS EXCEPCIONAIS,Rejeitada
2024,Pronas/PCD - Serviços médico-assistenciais,31,SERVICOS DE ESTIMULACAO E REABILITACAO DA CRIANCA SERC,Rejeitada
2024,Pronas/PCD - Serviços médico-assistenciais,26,VILA SAO JOSE BENTO COTTOLENGO,Rejeitada
2024,Pronas/PCD - Serviços médico-assistenciais,77,ASSOCIACAO DE PAIS E AMIGOS DOS EXCEPCIONAIS DE ESPERAN,Aprovada
2024,Pronas/PCD - Serviços médico-assistenciais,24,ASSOC PAIS E AMIGOS DOS EXCEPCIONAIS DE ITAUNA DO SUL,Rejeitada
2024,Pronas/PCD - Serviços médico-assistenciais,13,ASSOCIACAO DE PAIS E AMIGOS DOS EXCEPCIONAIS DE MURIAE,Aprovada
2024,Pronas/PCD - Serviços médico-assistenciais,410,SANTA CASA DE MISERICORDIA DE SOBRAL,Rejeitada
2024,Pronas/PCD - Serviços médico-assistenciais,408,ASSOCIACAO DE PAIS E AMIGOS DOS EXCEPCIONAIS DE NOVA OLIMPIA,Rejeitada
2024,Pronas/PCD - Serviços médico-assistenciais,404,ASSOCIACAO DE PAIS E AMIGOS DOS EXCEPCIONAIS DE MONTENEGRO,Rejeitada
2024,Pronas/PCD - Serviços médico-assistenciais,400,ASSOCIACAO DE PAIS E AMIGOS DOS EXCEPCIONAIS DE LENCOIS PAULISTA,Rejeitada
2024,Pronas/PCD - Serviços médico-assistenciais,401,ASSOCIACAO DE PAIS E AMIGOS DOS EXCEPCIONAIS,Aprovada
2024,Pronas/PCD - Serviços médico-assistenciais,391,LIGA PARANAENSE DE COMBATE AO CANCER,Rejeitada
2024,Pronas/PCD - Serviços médico-assistenciais,389,CASA DE SAUDE MENINO JESUS DE PRAGA,Rejeitada
2024,Pronas/PCD - Serviços médico-assistenciais,382,ASS DE PAIS E AMIGOS DOS EXCEP APAE S GABRIEL DA PALHA,Rejeitada
2024,Pronas/PCD - Serviços médico-assistenciais,375,SOCIEDADE BENEF ISRAELITABRAS HOSPITAL ALBERT EINSTEIN,Rejeitada
2024,Pronas/PCD - Serviços médico-assistenciais,368,"ASSOCIACAO DE PAIS, AMIGOS E PESSOAS COM SINDROME DE DOWN DO ESPIRITO SANTO - VITORIA DOWN",Rejeitada
2024,Pronas/PCD - Serviços médico-assistenciais,346,ASSOCIACAO DOS AMIGOS DOS AUTISTAS DO ESTADO DO ESPIRITO SANTO-AMAES,Aprovada
2024,Pronas/PCD - Serviços médico-assistenciais,451,ASSOCIACAO DE PAIS E AMIGOS EXCEPCIONAIS DE LOUVEIRA,Aprovada
2024,Pronas/PCD - Serviços médico-assistenciais,342,ASSOCIACAO DE SINDROME DE DOWN DE JOINVILLE,Rejeitada
2024,Pronas/PCD - Serviços médico-assistenciais,341,FUNDACAO IVAN GOULART,Rejeitada
2024,Pronas/PCD - Serviços médico-assistenciais,338,ASSOCIACAO DE DESENVOLVIMENTO SOCIAL DO RIO GRANDE DO SUL,Rejeitada
2024,Pronas/PCD - Serviços médico-assistenciais,337,ASSOCIACAO DE PAIS E AMIGOS DOS EXCEPCIONAIS DE ROLANDIA,Rejeitada
2024,Pronas/PCD - Serviços médico-assistenciais,336,ASSOCIACAO DE PAIS E AMIGOS DOS EXCEPCIONAIS DE B MANSA,Rejeitada
2024,Pronas/PCD - Serviços médico-assistenciais,549,LAR DE DANIEL CRISTOVAO,Rejeitada
2024,Pronas/PCD - Serviços médico-assistenciais,395,APAE-ASSOCIACAO DOS PAIS E AMIGOS DOS EXCEPCIONAIS,Rejeitada
2024,Pronas/PCD - Serviços médico-assistenciais,598,ASSOCIACAO DE PAIS E AMIGOS DOS EXCEPCIONAIS DE CRATO,Aprovada
2024,Pronas/PCD - Serviços médico-assistenciais,359,ASSOCIACAO DE PAIS E AMIGOS DOS EXCEPCIONAIS DE VARGEM GRANDE DO SUL- SP,Rejeitada
2024,Pronas/PCD - Serviços médico-assistenciais,350,ASSOCIACAO DE PAIS E AMIGOS DOS EXCEPCIONAIS DE SAO JOSE DO CEDRO SC- APAE,Rejeitada
2024,Pronas/PCD - Serviços médico-assistenciais,345,APAE ASSOCIACAO DE PAIS E AMIGOS DOS EXCEPCIONAIS DE ANAPOLIS,Rejeitada
2024,Pronas/PCD - Serviços médico-assistenciais,344,ASSOC DE PAIS E AMIGOS DOS EXCEP DE BOM RETIRO DO SUL,Rejeitada
2024,Pronas/PCD - Serviços médico-assistenciais,18432,CENTRO INF DE INVEST HEMAT DR DOMINGOS A BOLDRINI,Aprovada
2024,Pronas/PCD - Serviços médico-assistenciais,331,IRMANDADE DA SANTA CASA DE MISERICORDIA DE VITORIA,Rejeitada
2024,Pronas/PCD - Serviços médico-assistenciais,79,INSTITUTO OLGA KOS BRASILIA,Aprovada
2024,Pronas/PCD - Serviços médico-assistenciais,351,ASSOCIACAO DE PAIS E AMIGOS DOS EXCEPCIONAIS - APAE DE OLIVEIRA,Aprovada
2024,Pronas/PCD - Serviços médico-assistenciais,493,INSTITUTO SANTA MONICA - APAE DE ITAUNA,Aprovada
2024,Pronas/PCD - Serviços médico-assistenciais,328,ASSOCIACAO DOS PAIS E AMIGOS DOS EXCEPCIONAIS,Aprovada
2024,Pronas/PCD - Serviços médico-assistenciais,312,ASSOCIACAO DE PAIS E AMIGOS DOS EXCEPCIONAIS DE JAPERI,Rejeitada
2024,Pronas/PCD - Serviços médico-assistenciais,311,ASSOCIACAO EVANGELICA BENEFICENTE ESPIRITO-SANTENSE - AEBES,Rejeitada
2024,Pronas/PCD - Serviços médico-assistenciais,309,ASSOCIACAO VIDA ATIVA SAO JOSE,Aprovada
2024,Pronas/PCD - Serviços médico-assistenciais,308,ASSOCIACAO DE PROMOCAO E DESENVOLVIMENTO SOCIAL NOVO MUNDO,Rejeitada
2024,Pronas/PCD - Serviços médico-assistenciais,300,ASSOCIACAO DOS DEFICIENTES FISICOS DE PILAR-ADEFIP,Rejeitada
2024,Pronas/PCD - Serviços médico-assistenciais,288,FUNDACAO CRISTIANO VARELLA,Rejeitada
2024,Pronas/PCD - Serviços médico-assistenciais,301,ASSOCIACAO DE PAIS E AMIGOS DOS EXCEPCIONAIS DE GUARAI,Aprovada
2024,Pronas/PCD - Serviços médico-assistenciais,1323,ASSOC DE PAIS E AMIGOS DOS EXCEPCIONAIS DE BLUMENAU,Aprovada
2024,Pronas/PCD - Serviços médico-assistenciais,284,ASSOCIACAO DE PAIS E AMIGOS DOS EXCEPCIONAIS - APAE DE MALACACHETA,Rejeitada
2024,Pronas/PCD - Serviços médico-assistenciais,302,ASSOCIACAO DE PAIS E AMIGOS DOS EXPEPCIONAIS,Aprovada
2024,Pronas/PCD - Serviços médico-assistenciais,271,ASS. DE PAIS E AMIGOS DOS EXCEPCIONAIS DE FOZ DO IGUACU,Em Elaboração
2024,Pronas/PCD - Serviços médico-assistenciais,411,ASSOCIACAO DE PAIS E AMIGOS DOS EXCEPCIONAIS APAE,Aprovada
2024,Pronas/PCD - Serviços médico-assistenciais,477,ASSOC DE PAIS E AMIGOS DOS EXCEPCIONAIS DE TUPACIGUARA,Aprovada
2024,Pronas/PCD - Serviços médico-assistenciais,466,CONGREGACAO DAS IRMAS SALESIANAS DOS SAGRADOS CORACOES,Aprovada
2024,Pronas/PCD - Serviços médico-assistenciais,362,ASSOCIACAO DE PAIS E AMIGOS DOS EXCEPCIONAIS DE TIRADENTES,Aprovada
2024,Pronas/PCD - Serviços médico-assistenciais,313,FUNDACAO DOUTOR AMARAL CARVALHO,Rejeitada
2024,Pronas/PCD - Serviços médico-assistenciais,283,APAE - ASSOCIACAO DE PAIS E AMIGOS DOS EXEPCIONAIS DE BOCAIUVA,Rejeitada
2024,Pronas/PCD - Serviços médico-assistenciais,278,ASSOCIACAO DE PAIS E AMIGOS DOS EXCEPCIONAIS,Rejeitada
2024,Pronas/PCD - Serviços médico-assistenciais,276,ASSOCIACAO DE PAIS E AMIGOS DOS EXCEPCIONAIS DE S LUIZ,Rejeitada
2024,Pronas/PCD - Serviços médico-assistenciais,1173,APAE-ASSOCIACAO DE PAIS E AMIGOS EXCEPCIONAIS,Aprovada
2024,Pronas/PCD - Serviços médico-assistenciais,595,"INSTITUTO MARIA SCHMITT DE DESENVOLVIMENTO DE ENSINO, ASSISTENCIA SOCIAL E SAUDE DO CIDADAO",Rejeitada
2024,Pronas/PCD - Serviços médico-assistenciais,592,ASSOCIACAO DE PAIS E AMIGOS DOS EXCEPCIONAIS DE PRIMEIRO DE MAIO,Rejeitada
2024,Pronas/PCD - Serviços médico-assistenciais,597,ASSOCIACAO PESTALOZZI DE BRASILIA,Rejeitada
2024,Pronas/PCD - Serviços médico-assistenciais,593,CANTINHO DO CEU HOSPITAL DE RETAGUARDA,Rejeitada
2024,Pronas/PCD - Serviços médico-assistenciais,586,ASSOCIACAO DE PAIS E AMIGOS DOS EXCEPCIONAIS DE S A SUD,Rejeitada
2024,Pronas/PCD - Serviços médico-assistenciais,591,NUCLEO DE TRATAMENTO E ESTIMULACAO PRECOCE - NUTEP,Rejeitada
2024,Pronas/PCD - Serviços médico-assistenciais,583,ASSOCIACAO DE PAIS E AMIGOS DOS EXCEPCIONAIS,Rejeitada
2024,Pronas/PCD - Serviços médico-assistenciais,580,ASSOCIACAO DE PAIS E AMIGOS DOS EXCEPCIONAIS,Rejeitada
2024,Pronas/PCD - Serviços médico-assistenciais,579,ASSOCIACAO DE PAIS E AMIGOS DOS EXCEPCIONAIS DE MARANGU,Rejeitada
2024,Pronas/PCD - Serviços médico-assistenciais,569,ASSOCIACAO DE PAIS E AMIGOS DOS EXCEPCIONAIS PIRAQUARA,Rejeitada
2024,Pronas/PCD - Serviços médico-assistenciais,575,ASSOC DE PAIS E AMIGOS DOS EXCEPCIONAIS DE C GRANDE,Rejeitada
2024,Pronas/PCD - Serviços médico-assistenciais,574,ASSOCIACAO DE PAIS E AMIGOS DOS EXCEPCIONAIS - APAE DE ITUVERAVA,Rejeitada
2024,Pronas/PCD - Serviços médico-assistenciais,562,APAE ASSOCIACAO DE PAIS E AMIGOS DOS EXCEPCIONAIS DO DF,Rejeitada
2024,Pronas/PCD - Serviços médico-assistenciais,561,ASSOCIACAO DE PAIS E AMIGOS DOS EXCEPCIONAIS DE DESCANSO,Rejeitada
2024,Pronas/PCD - Serviços médico-assistenciais,608,ASSOCIACAO DOS PROTETORES DAS PESSOAS CARENTES,Rejeitada
2024,Pronas/PCD - Serviços médico-assistenciais,605,INSTITUTO DO CARINHO,Rejeitada
2024,Pronas/PCD - Serviços médico-assistenciais,38647,ASSOCIACAO DOS DEFICIENTES VISUAIS DE RIBEIRAO PRETO E RE GIAO,Aprovada
2024,Pronas/PCD - Serviços médico-assistenciais,478,ASSOCIACAO DE PAIS E AMIGOS DOS EXCEPCIONAIS DE CAJURU,Aprovada
2024,Pronas/PCD - Serviços médico-assistenciais,41750,ASSOCIACAO DE PAIS E AMIGOS DOS EXCEPCIONAIS,Aprovada
2024,Pronas/PCD - Serviços médico-assistenciais,555,FUNDACAO VARGINHENSE DE ASSISTENCIA AOS EXCEPCIONAIS,Rejeitada
2024,Pronas/PCD - Serviços médico-assistenciais,520,"APABB - ASSOCIACAO DE PAIS, AMIGOS E PESSOAS COM DEFICIENCIA DE FUNCIONARIOS DO BANCO DO BRASIL E DA COMUNIDADE",Aprovada
2024,Pronas/PCD - Serviços médico-assistenciais,511,ASSOCIACAO DE PAIS E AMIGOS DOS EXCEPCIONAIS DE FORTALEZA,Rejeitada
2024,Pronas/PCD - Serviços médico-assistenciais,508,CENTRO DE CONVIVENCIA MAO AMIGA,Rejeitada
2024,Pronas/PCD - Serviços médico-assistenciais,499,ASSOCIACAO DE PAIS E AMIGOS DOS EXCEPCIONAIS DE TEUTONIA,Rejeitada
2024,Pronas/PCD - Serviços médico-assistenciais,498,ASSOCIACAO DE PAIS E AMIGOS DOS EXCEPCIONAIS DA SERRA - APAE DA SERRA,Rejeitada
2024,Pronas/PCD - Serviços médico-assistenciais,495,ASSOC DE PAIS E AMIGOS DOS EXCEPCIONAIS DE NOVA IGUACU,Rejeitada
2024,Pronas/PCD - Serviços médico-assistenciais,494,APAE DE CARMO DO PARANAIBA,Rejeitada
2024,Pronas/PCD - Serviços médico-assistenciais,551,ASSOCIACAO DOS PAIS E AMIGOS DOS EXCEPCIONAIS DE COELHO NETO - MA.,Aprovada
2024,Pronas/PCD - Serviços médico-assistenciais,30503,ASSOCIACAO DE PAIS E AMIGOS DOS EXCEPCIONAIS DE BOA ESPERANCA DO IGUACU,Aprovada
2024,Pronas/PCD - Serviços médico-assistenciais,550,ASSOCIACAO DE PAIS E AMIGOS DOS EXCEPCIONAIS DE PEDERS,Rejeitada
2024,Pronas/PCD - Serviços médico-assistenciais,542,INSTITUICAO BETHESDA,Rejeitada
2024,Pronas/PCD - Serviços médico-assistenciais,29135,ASSOCIACAO DE PAIS E AMIGOS DOS EXCEPCIONAIS BATATAIS,Aprovada
2024,Pronas/PCD - Serviços médico-assistenciais,491,ASSOCIACAO VIDA PLENA AMOR EXIGENTE SANTA ROSA/RS - AVIPAE,Rejeitada
2024,Pronas/PCD - Serviços médico-assistenciais,529,ASSOCIACAO DE PAIS E AMIGOS DOS EXCEPCIONAIS APAE DE JUAZEIRO DO NORTE,Aprovada
2024,Pronas/PCD - Serviços médico-assistenciais,474,ASSOCIACAO DE PAIS E AMIGOS DOS EXCEPCIONAIS DE ELDORADO DO CARAJAS-PARA,Rejeitada
2024,Pronas/PCD - Serviços médico-assistenciais,469,CONGREGACAO DAS IRMAS SALESIANAS DOS SAGRADOS CORACOES,Rejeitada
2024,Pronas/PCD - Serviços médico-assistenciais,468,INSTITUTO DE DESENVOLVIMENTO DE TALENTOS - IDT,Rejeitada
2024,Pronas/PCD - Serviços médico-assistenciais,465,UNIVERSIDADE LIVRE PARA A EFICIENCIA HUMANA,Rejeitada
2024,Pronas/PCD - Serviços médico-assistenciais,454,APAE - ASSOCIACAO DE PAIS E AMIGOS DOS EXCEPCIONAIS DE COCAL DO SUL,Rejeitada
2024,Pronas/PCD - Serviços médico-assistenciais,449,ASSOCIACAO HOSPITALAR BENEFICENTE SANTO ANTONIO,Rejeitada
2024,Pronas/PCD - Serviços médico-assistenciais,440,ASSOCIACAO PARANAENSE DE CULTURA - APC,Rejeitada
2024,Pronas/PCD - Serviços médico-assistenciais,437,APAE ASSOC DE PAIS E AMIGOS DOS EXCEPCIONAIS DE PBA,Rejeitada
2024,Pronas/PCD - Serviços médico-assistenciais,434,ASSOCIACAO DE PAIS E AMIGOS DOS EXCEPCIONAIS DE M RIBAS,Rejeitada
2024,Pronas/PCD - Serviços médico-assistenciais,446,ASSOCIACAO DE PAIS E AMIGOS DOS EXCEPCIONAIS DE CACHOEIRA DE MINAS,Aprovada
2024,Pronas/PCD - Serviços médico-assistenciais,40,ASSOCIACAO DE PAIS E AMIGOS DOS EXCEPCIONAIS DE LUIS EDUARDO MAGALHAES,Em Elaboração
2024,Pronas/PCD - Serviços médico-assistenciais,58,FUNDACAO PIO XII,Em Elaboração
2024,Pronas/PCD - Serviços médico-assistenciais,147,INSTITUTO SOCIAL PERTENCE,Em Elaboração
2024,Pronas/PCD - Serviços médico-assistenciais,80,ASSOCIACAO DE PAIS E AMIGOS DOS EXCEPCIONAIS DE S PAULO,Em Elaboração
2024,Pronas/PCD - Serviços médico-assistenciais,38,ASSOCIACAO DE PAIS E AMIGOS DOS EXCEPCIONAIS,Em Elaboração
2024,Pronas/PCD - Serviços médico-assistenciais,233,ASS DE PAIS E AMIGOS DOS EXCEP APAE S GABRIEL DA PALHA,Em Elaboração
2024,Pronas/PCD - Serviços médico-assistenciais,188,ASSOCIACAO DE PAIS E AMIGOS DOS EXCEPCIONAIS DE PINHALAO,Em Elaboração
2024,Pronas/PCD - Serviços médico-assistenciais,274,ASSOCIACAO DE PAIS E AMIGOS DOS EXCEPCIONAIS DE OEIRAS,Em Elaboração
2024,Pronas/PCD - Serviços médico-assistenciais,475,ASSOCIACAO DE PAIS E AMIGOS DOS EXCEPCIONAIS - APAE DE PIRIPIRI,Em Elaboração
2024,Pronas/PCD - Serviços médico-assistenciais,512,SOCIEDADE DE ASSISTENCIA E PROTECAO A INFANCIA DE FORTALEZA,Em Elaboração
2024,Pronas/PCD - Serviços médico-assistenciais,532,ASSOCIACAO DE PAIS E AMIGOS DOS EXCEPCIONAIS CANOINHAS,Aprovada
2024,Pronas/PCD - Serviços médico-assistenciais,130,ASSOCIACAO DE PROMOCAO E DESENVOLVIMENTO SOCIAL NOVO MUNDO,Em Elaboração
2024,Pronas/PCD - Serviços médico-assistenciais,379,ASS DE PAIS E AMIGOS DOS EXCEP APAE S GABRIEL DA PALHA,Em Elaboração
2024,Pronas/PCD - Serviços médico-assistenciais,72,ASSOCIACAO DE PAIS E AMIGOS DOS EXCEPCIONAIS,Em Elaboração
2024,Pronas/PCD - Serviços médico-assistenciais,539,ASSOCIACAO DE PAIS E AMIGOS DOS EXCEPCIONAIS - APAE DE PIRIPIRI,Em Elaboração
2024,Pronas/PCD - Serviços médico-assistenciais,12,ASSOCIACAO DE PAIS E AMIGOS DOS EXCEPCIONAIS PIRAQUARA,Em Elaboração
2024,Pronas/PCD - Serviços médico-assistenciais,81,ASSOCIACAO DE PAIS E AMIGOS DOS EXCEPCIONAIS DE LUIS EDUARDO MAGALHAES,Em Elaboração
2024,Pronas/PCD - Serviços médico-assistenciais,83,ASSOCIACAO DE PAIS E AMIGOS DOS EXCEPCIONAIS DE NAZARENO / MG - APAE,Em Elaboração
2024,Pronas/PCD - Serviços médico-assistenciais,326,ASSOCIACAO DE PAIS E AMIGOS DOS EXCEPCIONAIS DE ROLANDIA,Em Elaboração
2024,Pronas/PCD - Serviços médico-assistenciais,101,ASSOCIACAO DE PAIS E AMIGOS DOS EXCEPCIONAIS DE TERESIN,Em Elaboração
2024,Pronas/PCD - Serviços médico-assistenciais,299,ASSOCIACAO DE PAIS E AMIGOS DOS EXCEPCIONAIS,Em Elaboração
2024,Pronas/PCD - Serviços médico-assistenciais,280,ASSOCIACAO FLUMINENSE DE REABILITACAO AFR,Em Elaboração
2024,Pronas/PCD - Serviços médico-assistenciais,603,ASSOCIACAO DE PAIS E AMIGOS DOS EXCEPCIONAIS APAE SANTA BARBARA,Rejeitada
2024,Pronas/PCD - Serviços médico-assistenciais,496,ASSOC DE PAIS E AMIGOS DOS EXCEPCIONAIS DE C GRANDE,Em Elaboração
2024,Pronas/PCD - Serviços médico-assistenciais,114,ASSOCIACAO PESTALOZZI DE MAGE,Em Elaboração
2024,Pronas/PCD - Serviços médico-assistenciais,115,ASSOC DE PAIS E AMIGOS DOS EXCEP DE BOA VENTURA DE S RO,Em Elaboração
2024,Pronas/PCD - Serviços médico-assistenciais,565,ASSOCIACAO DE PAIS E AMIGOS DOS EXCEPCIONAIS DE BOA ESPERANCA DO IGUACU,Em Elaboração
2024,Pronas/PCD - Serviços médico-assistenciais,164,FUNDACAO DE APOIO A FACULDADE DE MEDICINA DE MARILIA E AO HOSPITAL DAS CLINICAS DA FACULDADE DE MEDICINA DE MARILIA - FAMAR,Em Elaboração
2024,Pronas/PCD - Serviços médico-assistenciais,232,ASS DE PAIS E AMIGOS DOS EXCEP APAE S GABRIEL DA PALHA,Em Elaboração
2024,Pronas/PCD - Serviços médico-assistenciais,393,ASSOCIACAO DE PAIS E AMIGOS DOS EXCEPCIONAIS DE LAGES,Aprovada
2024,Pronas/PCD - Serviços médico-assistenciais,202,ASSOCIACAO DE PAIS E AMIGOS DOS EXCEPCIONAIS DE ARINOS,Em Elaboração
2024,Pronas/PCD - Serviços médico-assistenciais,305,ASSOC DE PAIS E AMIGOS DOS EXCEPCIONAIS-BARAO DE COCAIS,Rejeitada
2024,Pronas/PCD - Serviços médico-assistenciais,113,ASSOCIACAO DE PAIS E AMIGOS DOS AUTISTAS DE ITAPOA (AMA),Em Elaboração
2024,Pronas/PCD - Serviços médico-assistenciais,140,"ASSOCIACAO AMIGOS DA JUSTICA CIDADANIA, EDUCACAO E ARTE",Em Elaboração
2024,Pronas/PCD - Serviços médico-assistenciais,426,INSTITUTO PASSO A PASSO,Rejeitada
2024,Pronas/PCD - Serviços médico-assistenciais,159,ASS DE PAIS E AMIGOS DOS EXCEPCIONAIS DE SALVADOR,Em Elaboração
2024,Pronas/PCD - Serviços médico-assistenciais,604,ASSOCIACAO BENEFICENTE OURO BRANCO,Rejeitada
2024,Pronas/PCD - Serviços médico-assistenciais,181,ASSOCIACAO DE DEFICIENTES VISUAIS E AMIGOS,Rejeitada
2024,Pronas/PCD - Serviços médico-assistenciais,385,ASSOCIACAO DE PAIS E AMIGOS DOS EXCEPCIONAIS DE PIRATINI - APAE,Em Elaboração
2024,Pronas/PCD - Serviços médico-assistenciais,416,APAE ASSOC DE PAIS E AMIGOS DOS EXCEPCIONAIS DE PBA,Em Elaboração
2024,Pronas/PCD - Serviços médico-assistenciais,439,ASSOCIACAO DE PAIS E AMIGOS DOS EXCEPCIONAIS DE P UNIAO,Em Elaboração
2024,Pronas/PCD - Serviços médico-assistenciais,415,ASSOCIACAO DE PAIS E AMIGOS DOS EXCEPCIONAIS DE SAO TOME,Em Elaboração
2024,Pronas/PCD - Serviços médico-assistenciais,599,ASSOCIACAO DE PAIS E AMIGOS DOS EXCEPCIONAIS,Aprovada
2024,Pronas/PCD - Serviços médico-assistenciais,183,ASS DE PAIS E AMIGOS DOS EXCEP APAE S GABRIEL DA PALHA,Em Elaboração
2024,Pronas/PCD - Serviços médico-assistenciais,500,ASSOC DE PAIS E AMIGOS DOS EXCEPCIONAIS,Em Elaboração
2024,Pronas/PCD - Serviços médico-assistenciais,515,ASSOCIACAO DE PAIS E AMIGOS DOS EXCEPCIONAIS,Em Elaboração
2024,Pronas/PCD - Serviços médico-assistenciais,479,ASSOC. DE PAIS E AMIGOS DO S EXCEP PARAISO DO TOCANTINS,Em Elaboração
2024,Pronas/PCD - Serviços médico-assistenciais,510,ASSOCIACAO DE PAIS E AMIGOS DOS EXCEPCIONAIS DE ITUPIRANGA,Em Elaboração
2024,Pronas/PCD - Serviços médico-assistenciais,536,ASSOCIACAO DE PAIS E AMIGOS DOS EXCEPCIONAIS - APAE DE PIRIPIRI,Em Elaboração
2024,Pronas/PCD - Serviços médico-assistenciais,559,ASSOCIACAO DE PAIS E AMIGOS DOS EXCEPCIONAIS DE GANDU,Em Elaboração
2024,Pronas/PCD - Serviços médico-assistenciais,558,ASSOCIACAO DE PAIS E AMIGOS DOS EXCEPCIONAIS - APAE DE PIRIPIRI,Em Elaboração
2024,Pronas/PCD - Serviços médico-assistenciais,581,ASSOCIACAO DE PAIS E AMIGOS DOS EXCEPCIONAIS,Em Elaboração
2024,Pronas/PCD - Serviços médico-assistenciais,548,ASSOCIACAO DE PAIS E AMIGOS DOS EXCEPCIONAIS,Rejeitada
2024,Pronas/PCD - Serviços médico-assistenciais,544,ASSOCIACAO PESTALOZZI DE MARICA,Rejeitada
2024,Pronas/PCD - Serviços médico-assistenciais,622,ASSOC DE PAIS E AMIGOS DOS EXCEPCIONAIS DE S J PINHAIS,Rejeitada
2024,Pronas/PCD - Serviços médico-assistenciais,613,ASSOCIACAO BENEFICENTE DE ASSISTENCIA SOCIAL NOSSA SENHORA DO PARI,Rejeitada
2024,Pronas/PCD - Serviços médico-assistenciais,610,ASSOCIACAO DE PAIS E AMIGOS DOS EXCEPCIONAIS DE CORUMBA,Rejeitada
2024,Pronas/PCD - Serviços médico-assistenciais,607,INSTITUTO PAULO GONTIJO,Rejeitada
2024,Pronas/PCD - Serviços médico-assistenciais,576,COTOLENGO SUL-MATOGROSSENSE,Rejeitada
2024,Pronas/PCD - Serviços médico-assistenciais,419,ASSOCIACAO DE PAIS E AMIGOS DOS EXCEPCIONAIS DE MAFRA,Rejeitada
2024,Pronas/PCD - Serviços médico-assistenciais,414,APAE - ASSOCIACAO DE PAIS E AMIGOS DOS EXCEPCIONAIS DE IGUAT,Rejeitada
2024,Pronas/PCD - Serviços médico-assistenciais,413,ASSOCIACAO DE PAIS E AMIGOS DOS EXCEPCIONAIS DTE NORTE,Rejeitada
2024,Pronas/PCD - Serviços médico-assistenciais,516,ASSOCIACAO DE PAIS E AMIGOS DOS EXCEPCIONAIS DE ITUPIRANGA,Aprovada
2024,Pronas/PCD - Serviços médico-assistenciais,269,ASSOCIACAO DE PAIS E AMIGOS DOS EXCEPCIONAIS,Rejeitada
2024,Pronas/PCD - Serviços médico-assistenciais,266,ASSOCIACAO DE PAIS E AMIGOS DOS EXCEPCIONAIS DE LIMEIRA,Rejeitada
2024,Pronas/PCD - Serviços médico-assistenciais,264,APAE ASSOCIACAO DE PAIS EAMIGOS DOS EXCEPCIONAIS,Rejeitada
2024,Pronas/PCD - Serviços médico-assistenciais,247,APAE ASSOCIACAO DE PAIS E AMIGOS DOS EXCEPCIONAIS,Rejeitada
2024,Pronas/PCD - Serviços médico-assistenciais,230,ASSOCIACAO DE PAIS E AMIGOS DO EXCEPCIONAL DE BORDA DA MATA,Rejeitada
2024,Pronas/PCD - Serviços médico-assistenciais,221,ASSOCIACAO DE PAIS E AMIGOS DOS EXCEPCIONAIS DE TIJUCAS DO SUL,Rejeitada
2024,Pronas/PCD - Serviços médico-assistenciais,215,ASSOCIACAO DOS DEFICIENTES FISICOS DO ALTO URUGUAI,Rejeitada
2024,Pronas/PCD - Serviços médico-assistenciais,136,ASSOCIACAO DE PAIS E AMIGOS DOS EXCEPCIONAIS DE CANDOI,Rejeitada
2024,Pronas/PCD - Serviços médico-assistenciais,204,"ASSOCIACAO AMIGOS DA JUSTICA CIDADANIA, EDUCACAO E ARTE",Rejeitada
2024,Pronas/PCD - Serviços médico-assistenciais,199,ASSOCIACAO DE PAIS E AMIGOS DOS EXCEPCIONAIS DE PALHOCA,Rejeitada
2024,Pronas/PCD - Serviços médico-assistenciais,216,ASSOCIACAO PESTALOZZI DE MISSAO VELHA - CENTRO DE ATENDIMENTO EDUCACIONAL ESPECIALIZADO,Aprovada
2024,Pronas/PCD - Serviços médico-assistenciais,246,APAE ASSOCIACAO DE PAIS E AMIGOS DOS EXCEPCIONAIS,Aprovada
2024,Pronas/PCD - Serviços médico-assistenciais,248,ASSOC DE PAIS E AMIGOS DE EXCEPC DE SANTA INES MARANHAO,Aprovada
2024,Pronas/PCD - Serviços médico-assistenciais,192,ASSOCIACAO DE PAIS E AMIGOS DOS EXCEPCIONAIS DE ESMERALDAS - MG,Rejeitada
2024,Pronas/PCD - Serviços médico-assistenciais,193,ASSOCIACAO DE PAIS E AMIGOS DOS EXCEPCIONAIS DE TIMON,Rejeitada
2024,Pronas/PCD - Serviços médico-assistenciais,190,ASSOCIACAO DE PAIS E AMIGOS DOS EXCEPCIONAIS DE CARIACICA,Rejeitada
2024,Pronas/PCD - Serviços médico-assistenciais,184,BAIRRO DA JUVENTUDE DOS PADRES ROGACIONISTAS,Aprovada
2024,Pronas/PCD - Serviços médico-assistenciais,160,FUND DE APOIO AO ENSINO PESQ E ASSISTENCIA HCFMRPUSP,Aprovada
2024,Pronas/PCD - Serviços médico-assistenciais,173,ASSOCIACAO DE PAIS E AMIGOS DOS EXCEPCIONAIS DE CARANDAI,Rejeitada
2024,Pronas/PCD - Serviços médico-assistenciais,172,ASSOCIACAO DE PAIS E AMIGOS DOS EXCEPCIONAIS,Rejeitada
2024,Pronas/PCD - Serviços médico-assistenciais,170,ASSOCIACAO DE PAIS E AMIGOS DOS EXCEPCIONAIS DE IBIRAIARAS,Rejeitada
2024,Pronas/PCD - Serviços médico-assistenciais,165,ASSOCIACAO DE PAIS E AMIGOS DOS EXCEPCIONAIS DE ILHA GRANDE,Rejeitada
2024,Pronas/PCD - Serviços médico-assistenciais,161,ASSOCIACAO DE PAIS E AMIGOS DOS EXCEPCIONAIS DE SANTA MONICA,Rejeitada
2024,Pronas/PCD - Serviços médico-assistenciais,158,INSTITUTO ALCIDES D' ANDRADE LIMA,Rejeitada
2024,Pronas/PCD - Serviços médico-assistenciais,152,ASSOCIACAO DE PAIS E AMIGOS DOS EXCEPCIONAIS DE P UNIAO,Rejeitada
2024,Pronas/PCD - Serviços médico-assistenciais,143,ASSOC DE PAIS E AMIGOS DOS EXCEPCIONAIS DE S J DO SUL,Rejeitada
2024,Pronas/PCD - Serviços médico-assistenciais,135,ASSOCIACAO DE PAIS E AMIGOS DOS EXCEPCIONAIS DE GOIANIA,Rejeitada
2024,Pronas/PCD - Serviços médico-assistenciais,132,ASSOCIACAO DE PAIS E AMIGOS DOS EXCEPCIONAIS DE S P PR,Rejeitada
2024,Pronas/PCD - Serviços médico-assistenciais,126,ASSOCIACAO PAIS E AMIGOS DOS EXCEPCIONAIS DE M CARMELO,Aprovada
2024,Pronas/PCD - Serviços médico-assistenciais,123,ASSOCIACAO DE PAIS E AMIG DOS EXCEPCIO DE J DE FREITAS,Rejeitada
2024,Pronas/PCD - Serviços médico-assistenciais,122,ASSOCIACAO DE PAIS E AMIGOS DOS EXCEPCIONAIS DE SAO JORGE D OESTE,Rejeitada
2024,Pronas/PCD - Serviços médico-assistenciais,189,FUNDACAO DOM BOSCO,Aprovada
2024,Pronas/PCD - Serviços médico-assistenciais,106,ASSOC DE PAIS E AMIGOS DOS EXCEPCIONAIS APAE DE DIADEMA,Rejeitada
2024,Pronas/PCD - Serviços médico-assistenciais,104,INSTITUTO PARANAENSE DE CEGOS - IPC,Rejeitada
2024,Pronas/PCD - Serviços médico-assistenciais,97,AMENA ASSOCIACAO MANTENEDORA DO ENSINO ALTERNATIVO,Rejeitada
2024,Pronas/PCD - Serviços médico-assistenciais,95,ASSOCIACAO COLIBRI,Rejeitada
2024,Pronas/PCD - Serviços médico-assistenciais,86,ASSOCIACAO PARAIBANA DE INCLUSAO DA PESSOA COM DEFICIENCIA,Rejeitada
2024,Pronas/PCD - Serviços médico-assistenciais,82,ASSOC DE PAIS E AMIGOS DOS EXCEPCIONAIS DE SIDEROPOLIS,Rejeitada
2024,Pronas/PCD - Serviços médico-assistenciais,78,ASSOCIACAO HOSPITALAR DE PROT INFANCIA DR RAUL CARNEIRO,Rejeitada
2024,Pronas/PCD - Serviços médico-assistenciais,74,ASSOCIACAO CULTURAL EDUCACIONAL SOCIAL E ASSISTENCIAL CAPUAVA,Rejeitada
2024,Pronas/PCD - Serviços médico-assistenciais,33,INSTITUTO MAIS IDENTIDADE,Rejeitada
2024,Pronas/PCD - Serviços médico-assistenciais,73,ASSOCIACAO DE PAIS E AMIGOS DOS EXCEPCIONAIS DE NAZARENO / MG - APAE,Aprovada
2024,Pronas/PCD - Serviços médico-assistenciais,43,ASSOCIACAO DE PAIS E AMIGOS DOS EXCEPCIONAIS,Aprovada
2024,Pronas/PCD - Serviços médico-assistenciais,93,ASSOCIACAO DE PAIS AMIGOS DOS EXCEPCIONAIS DE PARNAIBA,Aprovada
2024,Pronas/PCD - Serviços médico-assistenciais,4,ASSOCIACAO DE PAIS E AMIGOS DOS EXCEPCIONAIS DE COLINAS DO TOCANTINS TO - APAE,Rejeitada
2024,Pronas/PCD - Serviços médico-assistenciais,2,OBRA SOCIAL DONA MECA,Rejeitada
2024,Pronas/PCD - Serviços médico-assistenciais,403,ASSOCIACAO DE PAIS E AMIGOS DOS EXCEPCIONAIS DE VILA VALERIO,Aprovada
2024,Pronas/PCD - Serviços médico-assistenciais,339,ASSOCIACAO DE PAIS E AMIGOS DOS EXCEPCIONAIS DE TIMOTEO,Aprovada
2024,Pronas/PCD - Serviços médico-assistenciais,587,ASSOCIACAO PESTALOZZI DE CAMPO GRANDE - MS,Aprovada
2024,Pronas/PCD - Serviços médico-assistenciais,263,ASSOCIACAO DE PAIS E AMIGOS DOS EXCEPCIONAIS,Aprovada
2024,Pronas/PCD - Serviços médico-assistenciais,29839,ASSOCIACAO DE PAIS E AMIGOS DOS EXCEPCIONAIS,Aprovada
2024,Pronas/PCD - Serviços médico-assistenciais,407,LIGA ALVARO BAHIA CONTRA A MORTALIDADE INFANTIL,Aprovada
2024,Pronas/PCD - Serviços médico-assistenciais,30218,ASSOCIACAO PESTALOZZI DE DOURADOS,Aprovada
2024,Pronas/PCD - Serviços médico-assistenciais,45137,FUNDACAO ALTINO VENTURA,Aprovada
2024,"Pronon - Formação, o treinamento e o aperfeiçoamento de recursos humanos em todos os níveis",1327,GACC - GRUPO DE ASSISTENCIA A CRIANCA COM CANCER,Aprovada
2024,"Pronon - Formação, o treinamento e o aperfeiçoamento de recursos humanos em todos os níveis",483,INSTITUTO VENCER O CANCER,Aprovada
2024,"Pronon - Formação, o treinamento e o aperfeiçoamento de recursos humanos em todos os níveis",33694,IMAGEMAGICA,Aprovada
2024,"Pronon - Formação, o treinamento e o aperfeiçoamento de recursos humanos em todos os níveis",7,INSTITUTO BEABA,Em Elaboração
2024,"Pronon - Formação, o treinamento e o aperfeiçoamento de recursos humanos em todos os níveis",456,ASSOCIACAO DE AMIGOS DA CRIANCA COM CANCER DE MATO GROSSO,Em Elaboração
2024,"Pronon - Formação, o treinamento e o aperfeiçoamento de recursos humanos em todos os níveis",210,INSTITUTO RONALD MCDONALD DE APOIO A CRIANCA,Aprovada
2024,"Pronon - Formação, o treinamento e o aperfeiçoamento de recursos humanos em todos os níveis",45275,ASSOCIACAO BRASILEIRA DE LINFOMA E LEUCEMIA - ABRALE,Aprovada
2024,"Pronon - Formação, o treinamento e o aperfeiçoamento de recursos humanos em todos os níveis",109,GRUPO DE APOIO A CRIANCA COM CANCER DE SERGIPE (GACC/SE),Aprovada
2024,"Pronon - Formação, o treinamento e o aperfeiçoamento de recursos humanos em todos os níveis",602,ASSOCIACAO HOSPITALAR VILA NOVA,Rejeitada
2024,"Pronon - Formação, o treinamento e o aperfeiçoamento de recursos humanos em todos os níveis",148,GRUPO DE APOIO A CRIANCA COM CANCER SUL BAHIA,Em Elaboração
2024,"Pronon - Formação, o treinamento e o aperfeiçoamento de recursos humanos em todos os níveis",41,ACAO SOLIDARIA AS PESSOAS COM CANCER - ASPEC,Em Elaboração
2024,"Pronon - Formação, o treinamento e o aperfeiçoamento de recursos humanos em todos os níveis",35,ASSOCIACAO DE PAIS E AMIGOS DOS EXCEPCIONAIS DE CHAPADINHA,Em Elaboração
2024,"Pronon - Formação, o treinamento e o aperfeiçoamento de recursos humanos em todos os níveis",42,ACAO SOLIDARIA AS PESSOAS COM CANCER - ASPEC,Em Elaboração
2024,"Pronon - Formação, o treinamento e o aperfeiçoamento de recursos humanos em todos os níveis",45,IRMANDADE SENHOR DOS PASSOS E SANTA CASA DE MISERICORDIA DE GUARATINGUETA,Em Elaboração
2024,"Pronon - Formação, o treinamento e o aperfeiçoamento de recursos humanos em todos os níveis",10,"ASSOCIACAO PARA A EDUCACAO, ESPORTE, EMPREENDEDORISMO E DIREITOS DOS PACIENTES DA DIVISAO DE REABILITACAO DO HOSPITAL DAS CLINICAS",Em Elaboração
2024,"Pronon - Formação, o treinamento e o aperfeiçoamento de recursos humanos em todos os níveis",425,INSTITUTO LADO A LADO PELA VIDA,Rejeitada
2024,"Pronon - Formação, o treinamento e o aperfeiçoamento de recursos humanos em todos os níveis",142,AMERICAS AMIGAS,Aprovada
2024,"Pronon - Formação, o treinamento e o aperfeiçoamento de recursos humanos em todos os níveis",1022,FUNDACAO COMUNITARIA DE ENSINO SUPERIOR DE ITABIRA,Aprovada
2024,"Pronon - Formação, o treinamento e o aperfeiçoamento de recursos humanos em todos os níveis",90,SANTA CASA DE MISERICORDIA DA BAHIA,Rejeitada
2024,"Pronon - Formação, o treinamento e o aperfeiçoamento de recursos humanos em todos os níveis",51,FUNDACAO EDUCACIONAL LUCAS MACHADO FELUMA,Rejeitada
2024,"Pronon - Realização de pesquisas clínicas, epidemiológicas e experimentais",315,FUND DE APOIO AO ENSINO PESQ E ASSISTENCIA HCFMRPUSP,Rejeitada
2024,"Pronon - Realização de pesquisas clínicas, epidemiológicas e experimentais",399,INSTITUTO DO CANCER ARNALDO VIEIRA DE CARVALHO,Rejeitada
2024,"Pronon - Realização de pesquisas clínicas, epidemiológicas e experimentais",442,ASSOCIACAO DE COMBATE AO CANCER INFANTOJUVENIL,Rejeitada
2024,"Pronon - Realização de pesquisas clínicas, epidemiológicas e experimentais",535,FUNDACAO PEDRO AMERICO,Rejeitada
2024,"Pronon - Realização de pesquisas clínicas, epidemiológicas e experimentais",304,FUNDACAO DOUTOR AMARAL CARVALHO,Rejeitada
2024,"Pronon - Realização de pesquisas clínicas, epidemiológicas e experimentais",421,FUNDACAO ARY FRAUZINO PARA PESQUISA E CONTROLE DO CANCER,Rejeitada
2024,"Pronon - Realização de pesquisas clínicas, epidemiológicas e experimentais",242,FUNDACAO ASSISTENCIAL DA PARAIBA- FAP,Rejeitada
2024,"Pronon - Realização de pesquisas clínicas, epidemiológicas e experimentais",200,ASSOCIACAO INSTITUTO PROJETO CURA,Rejeitada
2024,"Pronon - Realização de pesquisas clínicas, epidemiológicas e experimentais",23,ASSOCIACAO PARA CRIANCAS E ADOLESCENTES COM CANCER - TUCCA,Rejeitada
2024,"Pronon - Realização de pesquisas clínicas, epidemiológicas e experimentais",383,LIGA NORTE RIOGRANDENSE CONTRA O CANCER,Rejeitada
2024,"Pronon - Realização de pesquisas clínicas, epidemiológicas e experimentais",1107,SOCIEDADE BENEF ISRAELITABRAS HOSPITAL ALBERT EINSTEIN,Aprovada
2024,"Pronon - Realização de pesquisas clínicas, epidemiológicas e experimentais",358,INSTITUTO DO CANCER DO CEARA,Rejeitada
2024,"Pronon - Realização de pesquisas clínicas, epidemiológicas e experimentais",349,INSTITUTO D'OR DE GESTAO DE SAUDE PUBLICA,Rejeitada
2024,"Pronon - Realização de pesquisas clínicas, epidemiológicas e experimentais",330,REAL E BENEMERITA ASSOCIACAO PORTUGUESA DE BENEFICENCIA,Rejeitada
2024,"Pronon - Realização de pesquisas clínicas, epidemiológicas e experimentais",292,GRUPO BRASILEIRO DE ESTUDOS DO CANCER DE MAMA,Rejeitada
2024,"Pronon - Realização de pesquisas clínicas, epidemiológicas e experimentais",287,INSTITUTO DO FIGADO E TRANSPLANTE DE PERNAMBUCO - IFP,Rejeitada
2024,"Pronon - Realização de pesquisas clínicas, epidemiológicas e experimentais",206,FIOTEC - FUNDACAO PARA O DESENVOLVIMENTO CIENTIFICO E TECNOLOGICO EM SAUDE,Aprovada
2024,"Pronon - Realização de pesquisas clínicas, epidemiológicas e experimentais",534,INSTITUTO DO CANCER INFANTIL,Rejeitada
2024,"Pronon - Realização de pesquisas clínicas, epidemiológicas e experimentais",22,SOCIEDADE LITERARIA E CARITATIVA SANTO AGOSTINHO,Em Elaboração
2024,"Pronon - Realização de pesquisas clínicas, epidemiológicas e experimentais",60,ASSOCIACAO PARA CRIANCAS E ADOLESCENTES COM CANCER - TUCCA,Em Elaboração
2024,"Pronon - Realização de pesquisas clínicas, epidemiológicas e experimentais",259,INSTITUTO D'OR DE GESTAO DE SAUDE PUBLICA,Em Elaboração
2024,"Pronon - Realização de pesquisas clínicas, epidemiológicas e experimentais",89,LIGA NORTE RIOGRANDENSE CONTRA O CANCER,Em Elaboração
2024,"Pronon - Realização de pesquisas clínicas, epidemiológicas e experimentais",347,FUNDACAO ARY FRAUZINO PARA PESQUISA E CONTROLE DO CANCER,Em Elaboração
2024,"Pronon - Realização de pesquisas clínicas, epidemiológicas e experimentais",364,FUNDACAO SOUSANDRADE DE APOIO AO DESENVOL DA UFMA,Em Elaboração
2024,"Pronon - Realização de pesquisas clínicas, epidemiológicas e experimentais",254,FUNDACAO ANTONIO PRUDENTE,Rejeitada
2024,"Pronon - Realização de pesquisas clínicas, epidemiológicas e experimentais",1312,FUNDACAO SOUSANDRADE DE APOIO AO DESENVOL DA UFMA,Aprovada
2024,"Pronon - Realização de pesquisas clínicas, epidemiológicas e experimentais",260,INSTITUTO D'OR DE GESTAO DE SAUDE PUBLICA,Em Elaboração
2024,"Pronon - Realização de pesquisas clínicas, epidemiológicas e experimentais",258,CENTRO INF DE INVEST HEMAT DR DOMINGOS A BOLDRINI,Rejeitada
2024,"Pronon - Realização de pesquisas clínicas, epidemiológicas e experimentais",195,FUNDACAO HEMOCENTRO DE RIBEIRAO PRETO,Rejeitada
2024,"Pronon - Realização de pesquisas clínicas, epidemiológicas e experimentais",53,GRUPO LUTA PELA VIDA,Rejeitada
2024,"Pronon - Realização de pesquisas clínicas, epidemiológicas e experimentais",1311,FUNDACAO FACULDADE DE MEDICINA,Aprovada
2024,"Pronon - Realização de pesquisas clínicas, epidemiológicas e experimentais",82239,ASSOCIACAO HOSPITALAR DE PROT INFANCIA DR RAUL CARNEIRO,Aprovada
2024,Pronon - Serviços médico-assistenciais,270,ASSOCIACAO HOSPITALAR BENEFICENTE DE MARAU,Aprovada
2024,Pronon - Serviços médico-assistenciais,212,SOCIEDADE BENEFICENTE DO HOSPITAL DE CARIDADE,Aprovada
2024,Pronon - Serviços médico-assistenciais,21,CASA DE CARIDADE DE ALFENAS N S P SOCORRO,Em Elaboração
2024,Pronon - Serviços médico-assistenciais,70,SOCIEDADE HOSPITALAR SAO JOSE,Em Elaboração
2024,Pronon - Serviços médico-assistenciais,141,INSTITUTO DE APOIO A CRIANCA COM CANCER,Em Elaboração
2024,Pronon - Serviços médico-assistenciais,286,IRMANDADE DA SANTA CASA DE MISERICORDIA DE ARARAQUARA,Aprovada
2024,Pronon - Serviços médico-assistenciais,261,INSTITUTO DO CANCER ARNALDO VIEIRA DE CARVALHO,Em Elaboração
2024,Pronon - Serviços médico-assistenciais,268,ASSOCIACAO HOSPITALAR SANTA ROSA,Em Elaboração
2024,Pronon - Serviços médico-assistenciais,291,FUNDACAO DE ESTUDOS DAS DOENCAS DO FIGADO - KOUTOULAS -RIBEIRO,Rejeitada
2024,Pronon - Serviços médico-assistenciais,611,ASSOCIACAO BRASILEIRA DE CANCER DE CABECA E PESCOCO,Rejeitada
2024,Pronon - Serviços médico-assistenciais,340,FUNDACAO PARA O DESENVOLVIMENTO MEDICO E HOSPITALAR,Rejeitada
2024,Pronon - Serviços médico-assistenciais,405,FUNDACAO DE SAUDE DO ALTO VALE DO ITAJAI,Rejeitada
2024,Pronon - Serviços médico-assistenciais,372,SANTA CASA DE MISERICORDIA DE SOBRAL,Rejeitada
2024,Pronon - Serviços médico-assistenciais,433,GRUPO DE APOIO A PORTADORES DE DOENCAS ONCO-HEMATOLOGICAS RAIO DE SOL,Rejeitada
2024,Pronon - Serviços médico-assistenciais,447,ASSOCIACAO LAR SAO FRANCISCO DE ASSIS NA PROVIDENCIA DE DEUS,Em Elaboração
2024,Pronon - Serviços médico-assistenciais,543,HOSPITAL NOSSA SENHORA DAS GRACAS,Rejeitada
2024,Pronon - Serviços médico-assistenciais,619,ASSOCIACAO BENEFICENTE OURO BRANCO,Rejeitada
2024,Pronon - Serviços médico-assistenciais,386,FUNDACAO DE DESENVOLVIMENTO DA PESQUISA,Rejeitada
2024,Pronon - Serviços médico-assistenciais,36668,SOCIEDADE PERNAMBUCANA DE COMBATE AO CANCER,Aprovada
2024,Pronon - Serviços médico-assistenciais,102,REDE FEMININA DE COMBATE AO CANCER DE SAO FRCO DO SUL,Aprovada
2024,Pronon - Serviços médico-assistenciais,46,FUNDACAO HOSPITALAR SAO FRANCISCO DE ASSIS - FHSFA,Aprovada
2024,Pronon - Serviços médico-assistenciais,107,FUNDACAO DE ASSISTENCIA SOCIAL DE ANAPOLIS,Aprovada
2024,Pronon - Serviços médico-assistenciais,1285,LIGA MOSSOROENSE DE ESTUDOS E COMBATE AO CANCER,Aprovada
2024,Pronon - Serviços médico-assistenciais,155,IRMANDADE DA SANTA CASA DE MISERICORDIA DE MARILIA,Aprovada
2024,Pronon - Serviços médico-assistenciais,540,FUNDACAO SEVERINO SOMBRA,Aprovada
2024,Pronon - Serviços médico-assistenciais,514,IRMANDADE NOSSA SENHORA DAS DORES,Aprovada
2024,Pronon - Serviços médico-assistenciais,452,IRMANDADE DA SANTA CASA DE SAO JOSE DOS CAMPOS,Em Elaboração
2024,Pronon - Serviços médico-assistenciais,502,CONGREGACAO DAS IRMAS SALESIANAS DOS SAGRADOS CORACOES,Em Elaboração
2024,Pronon - Serviços médico-assistenciais,552,FUNDACAO VARGINHENSE DE ASSISTENCIA AOS EXCEPCIONAIS,Em Elaboração
2024,Pronon - Serviços médico-assistenciais,578,CENTRO DE ESTUDOS E PESQUISAS DR JOAO AMORIM,Em Elaboração
2024,Pronon - Serviços médico-assistenciais,422,SANTA CASA DE MISERICORDIA DE BELO HORIZONTE,Rejeitada
2024,Pronon - Serviços médico-assistenciais,418,HOSPITAL DE CLINICAS DE CARAZINHO,Rejeitada
2024,Pronon - Serviços médico-assistenciais,617,ASSOCIACAO BENEFICENTE BOM SAMARITANO,Aprovada
2024,Pronon - Serviços médico-assistenciais,272,ASS PETROLINENSE DE AMPARO A MATERNIDADE E A INFANCIA,Rejeitada
2024,Pronon - Serviços médico-assistenciais,217,INSTITUTO DE DESENVOLVIMENTO DE TALENTOS - IDT,Rejeitada
2024,Pronon - Serviços médico-assistenciais,211,SOCIEDADE CAMPINEIRA DE EDUCACAO E INSTRUCAO,Aprovada
2024,Pronon - Serviços médico-assistenciais,219,FUNDACAO BENEFICENTE RIO DOCE,Aprovada
2024,Pronon - Serviços médico-assistenciais,370,BENEFICENCIA SOCIAL BOM SAMARITANO,Aprovada
2024,Pronon - Serviços médico-assistenciais,398,FUNDACAO FACULDADE REGIONAL DE MEDICINA S J RIO PRETO,Aprovada
2024,Pronon - Serviços médico-assistenciais,394,CASA DE CARIDADE DE ALFENAS N S P SOCORRO,Aprovada
2024,Pronon - Serviços médico-assistenciais,384,SANTA CASA DE MISERICORDIA DE POMPEU,Rejeitada
2024,Pronon - Serviços médico-assistenciais,381,FUNDACAO UNIVERSIDADE DE CAXIAS DO SUL,Aprovada
2024,Pronon - Serviços médico-assistenciais,380,REDE FEMENINA DE COMBATE AO CANCER,Rejeitada
2024,Pronon - Serviços médico-assistenciais,374,FUNDACAO UNIVERSIDADE DO OESTE DE SANTA CATARINA,Rejeitada
2024,Pronon - Serviços médico-assistenciais,360,ASSOCIACAO UNIFICADA DE RECUPERACAO E APOIO - AURA,Rejeitada
2024,Pronon - Serviços médico-assistenciais,356,ASSOCIACAO MATOGROSSENSE DE COMBATE AO CANCER,Rejeitada
2024,Pronon - Serviços médico-assistenciais,354,SANTA CASA DE MISERICORDIA DE ITABUNA,Aprovada
2024,Pronon - Serviços médico-assistenciais,355,REDE FEMININA DE COMBATE AO CANCER DE BRUSQUE,Aprovada
2024,Pronon - Serviços médico-assistenciais,229,IRMANDADE DA SANTA CASA DE MISERICORDIA DE PIRACICABA,Aprovada
2024,Pronon - Serviços médico-assistenciais,83892,IRMANDADE DA SANTA CASA DE MISERICORDIA DE PASSOS,Aprovada
2024,Pronon - Serviços médico-assistenciais,83894,INSTITUTO DO CANCER INFANTIL E PEDIATRIA ESPECIALIZADA - ICIPE,Aprovada
2024,Pronon - Serviços médico-assistenciais,37026,FUNDACAO PIO XII,Aprovada
2024,Pronon - Serviços médico-assistenciais,519,FUNDACAO ALTINO VENTURA,Em Elaboração
2024,Pronon - Serviços médico-assistenciais,83742,FUNDACAO DE APOIO A FACULDADE DE MEDICINA DE MARILIA E AO HOSPITAL DAS CLINICAS DA FACULDADE DE MEDICINA DE MARILIA - FAMAR,Aprovada
2024,Pronon - Serviços médico-assistenciais,335,CONFERENCIA SAO JOSE DO AVAI,Aprovada
2024,Pronon - Serviços médico-assistenciais,365,SOCIEDADE HOSPITALAR ANGELINA CARON,Aprovada
2024,Pronon - Serviços médico-assistenciais,238,ASSOCIACAO EVANGELICA BENEFICENTE ESPIRITO-SANTENSE - AEBES,Aprovada
2024,Pronon - Serviços médico-assistenciais,83945,HOSPITAL ANA NERY SANTA CRUZ DO SUL,Aprovada
2024,Pronon - Serviços médico-assistenciais,295,PIO SODALICIO DAS DAMAS DE CARIDADE DE CAXIAS DO SUL,Aprovada
2024,Pronon - Serviços médico-assistenciais,262,ASSOCIACAO FEMININA DE EDUCACAO E COMBATE AO CANCER,Aprovada
2024,Pronon - Serviços médico-assistenciais,324,FUNDACAO CRISTIANO VARELLA,Aprovada
2024,Pronon - Serviços médico-assistenciais,314,HOSPITAL MATERNIDADE SAO VICENTE DE PAULO,Aprovada
2024,Pronon - Serviços médico-assistenciais,67242,ASSOC DE ASSIST SOCIAL DA SANTA CASA DE MISERIC ARAXA,Aprovada
2024,Pronon - Serviços médico-assistenciais,321,HOSPITAL SAO JOAO BATISTA,Aprovada
2024,Pronon - Serviços médico-assistenciais,572,SOCIEDADE BENEFICENTE SAO CAMILO,Aprovada
2024,Pronon - Serviços médico-assistenciais,275,ASSOCIACAO HOSPITALAR SANTA ROSA,Aprovada
2024,Pronon - Serviços médico-assistenciais,279,IRMANDADE DO HOSPITAL DA SANTA CASA DE POCOS DE CALDAS,Rejeitada
2024,Pronon - Serviços médico-assistenciais,277,IRMANDADE DA SANTA CASA DE MISERICORDIA DE S J R PRETO,Rejeitada
2024,Pronon - Serviços médico-assistenciais,367,REDE FEMININA DE COMBATE AO CANCER DE BLUMENAU,Aprovada
2024,Pronon - Serviços médico-assistenciais,594,SOCIEDADE BENEFICENTE DO HOSPITAL N S AUXILIADORA,Rejeitada
2024,Pronon - Serviços médico-assistenciais,26879,ASSOCIACAO DE PAIS E AMIGOS DOS EXCEPCIONAIS APAE DE JUAZEIRO DO NORTE,Aprovada
2024,Pronon - Serviços médico-assistenciais,582,IRMANDADE DA SANTA CASA DE MISERICORDIA DE PORTO ALEGRE,Rejeitada
2024,Pronon - Serviços médico-assistenciais,570,HOSPITAL REGIONAL DARCY VARGAS,Aprovada
2024,Pronon - Serviços médico-assistenciais,513,FUNDACAO BENJAMIN GUIMARAES,Aprovada
2024,Pronon - Serviços médico-assistenciais,509,SOCIEDADE BENEFICENTE DE SENHORAS - HOSPITAL SIRIO LIBANES,Rejeitada
2024,Pronon - Serviços médico-assistenciais,507,SANTA CASA DE MISERICORDIA DE GOIANIA,Rejeitada
2024,Pronon - Serviços médico-assistenciais,505,REDE VOLUNTARIA DE COMBATE AO CANCER DE TUPA E REGIAO,Rejeitada
2024,Pronon - Serviços médico-assistenciais,501,CENTRO ONCOLOGICO DR. OCACYR DE SIQUEIRA,Rejeitada
2024,Pronon - Serviços médico-assistenciais,553,ASSOCIACAO DA SANTA CASA DE MISERICORDIA DE OURINHOS,Rejeitada
2024,Pronon - Serviços médico-assistenciais,538,UNIAO BRASILEIRA DE EDUCACAO E ASSISTENCIA,Rejeitada
2024,Pronon - Serviços médico-assistenciais,489,INSTITUTO DE APOIO A CRIANCA COM CANCER,Rejeitada
2024,Pronon - Serviços médico-assistenciais,485,ASSOCIACAO DOS FORNECEDORES DE CANA DE PIRACICABA,Aprovada
2024,Pronon - Serviços médico-assistenciais,444,FUNDACAO PADRE ALBINO,Aprovada
2024,Pronon - Serviços médico-assistenciais,436,ASSOCIACAO PIAUIENSE DE COMBATE AO CANCER ALCENOR ALMEIDA,Rejeitada
2024,Pronon - Serviços médico-assistenciais,428,FUNDACAO INSTITUTO DE PESQUISA E ESTUDO DE DIAGNOSTICO POR IMAGEM - FIDI,Rejeitada
2024,Pronon - Serviços médico-assistenciais,29,IRMANDADE DA SANTA CASA DE MISERICORDIA DE SAO PAULO,Em Elaboração
2024,Pronon - Serviços médico-assistenciais,568,ASSOCIACAO DE PAIS E AMIGOS DOS EXCEPCIONAIS DE GANDU,Em Elaboração
2024,Pronon - Serviços médico-assistenciais,55,APAE DE SAO JOSE DO NORTE,Em Elaboração
2024,Pronon - Serviços médico-assistenciais,30,IRMANDADE DA SANTA CASA DE MISERICORDIA DE SAO CARLOS,Em Elaboração
2024,Pronon - Serviços médico-assistenciais,112,ASSOCIACAO CONGREGACAO DE SANTA CATARINA,Em Elaboração
2024,Pronon - Serviços médico-assistenciais,18,INSTITUTO RESTAURANDO O SER,Em Elaboração
2024,Pronon - Serviços médico-assistenciais,125,FUNDACAO ASSISTENCIAL DA PARAIBA- FAP,Em Elaboração
2024,Pronon - Serviços médico-assistenciais,177,GRUPO DE APOIO A PORTADORES DE DOENCAS ONCO-HEMATOLOGICAS RAIO DE SOL,Em Elaboração
2024,Pronon - Serviços médico-assistenciais,175,GRUPO DE APOIO A PORTADORES DE DOENCAS ONCO-HEMATOLOGICAS RAIO DE SOL,Em Elaboração
2024,Pronon - Serviços médico-assistenciais,68,ASSOCIACAO DOS PAIS E AMIGOS DOS EXCEPCIONAIS,Em Elaboração
2024,Pronon - Serviços médico-assistenciais,62,SOCIEDADE PADRE EDUARDO MICHELIS,Em Elaboração
2024,Pronon - Serviços médico-assistenciais,66,SOCIEDADE B H SANTA CASA DE MISERICORDIA DE R PRETO,Em Elaboração
2024,Pronon - Serviços médico-assistenciais,11,FUNDACAO SEVERINO SOMBRA,Em Elaboração
2024,Pronon - Serviços médico-assistenciais,6,FUNDACAO DE ASSISTENCIA SOCIAL DE ANAPOLIS,Em Elaboração
2024,Pronon - Serviços médico-assistenciais,94,SOCIEDADE HOSPITALAR ANGELINA CARON,Em Elaboração
2024,Pronon - Serviços médico-assistenciais,441,LIGA ALVARO BAHIA CONTRA A MORTALIDADE INFANTIL,Em Elaboração
2024,Pronon - Serviços médico-assistenciais,176,GRUPO DE APOIO A PORTADORES DE DOENCAS ONCO-HEMATOLOGICAS RAIO DE SOL,Em Elaboração
2024,Pronon - Serviços médico-assistenciais,234,FUNDACAO CARLOS JOFRE DO AMARAL,Rejeitada
2024,Pronon - Serviços médico-assistenciais,244,FUNDACAO DE ENSINO SUPERIOR DO VALE DO SAPUCAI,Em Elaboração
2024,Pronon - Serviços médico-assistenciais,166,INSTITUTO DE APOIO A CRIANCA COM CANCER,Em Elaboração
2024,Pronon - Serviços médico-assistenciais,241,ASSOC DE PAIS E AMIGOS DOS EXCEPCIONAIS DE GUARAMIRIM,Em Elaboração
2024,Pronon - Serviços médico-assistenciais,438,CASA DE CARIDADE DE ALFENAS N S P SOCORRO,Em Elaboração
2024,Pronon - Serviços médico-assistenciais,388,CASA DE CARIDADE DE ALFENAS N S P SOCORRO,Em Elaboração
2024,Pronon - Serviços médico-assistenciais,445,ASSOCIACAO CULTURAL E CIENTIFICA VIRVI RAMOS,Em Elaboração
2024,Pronon - Serviços médico-assistenciais,424,ASSOCIACAO DE PAIS E AMIGOS DOS EXCEPCIONAIS,Em Elaboração
2024,Pronon - Serviços médico-assistenciais,168,INSTITUTO DE APOIO A CRIANCA COM CANCER,Em Elaboração
2024,Pronon - Serviços médico-assistenciais,88466,ASSOCIACAO LAR SAO FRANCISCO DE ASSIS NA PROVIDENCIA DE DEUS,Aprovada
2024,Pronon - Serviços médico-assistenciais,463,"INSTITUTO MARIA SCHMITT DE DESENVOLVIMENTO DE ENSINO, ASSISTENCIA SOCIAL E SAUDE DO CIDADAO",Aprovada
2024,Pronon - Serviços médico-assistenciais,471,INSTITUTO VENCER O CANCER,Em Elaboração
2024,Pronon - Serviços médico-assistenciais,473,FUNDACAO SEVERINO SOMBRA,Em Elaboração
2024,Pronon - Serviços médico-assistenciais,537,FUNDACAO DE ENSINO SUPERIOR DO VALE DO SAPUCAI,Aprovada
2024,Pronon - Serviços médico-assistenciais,620,ASSOCIACAO CAPELINHENSE DE APOIO AOS PORTADORES DE CANCER,Em Elaboração
2024,Pronon - Serviços médico-assistenciais,554,FUND SOCIAL RURAL DE COLATINA,Rejeitada
2024,Pronon - Serviços médico-assistenciais,420,HOSPITAL SANTA CASA DE MISERICORDIA DE CAMPO MOURAO,Aprovada
2024,Pronon - Serviços médico-assistenciais,256,IRMANDADE NOSSA SENHORA DAS MERCES DE MONTES CLAROS,Rejeitada
2024,Pronon - Serviços médico-assistenciais,224,IRMANDADE DE NOSSA SENHORA DAS GRACAS,Aprovada
2024,Pronon - Serviços médico-assistenciais,213,HOSPITAL DE CARIDADE E BENEFICENCIA,Rejeitada
2024,Pronon - Serviços médico-assistenciais,239,ASSOCIACAO HOSPITALAR BENEFICENTE SAO VICENTE DE PAULO,Aprovada
2024,Pronon - Serviços médico-assistenciais,253,ASSOCIACAO DE COMBATE AO CANCER EM GOIAS,Aprovada
2024,Pronon - Serviços médico-assistenciais,178,FUNDACAO HOSPITAL REGIONAL DO CANCER DA SANTA CASA DE MISERICORDIA DE PRESIDENTE PRUDENTE,Rejeitada
2024,Pronon - Serviços médico-assistenciais,163,INSTITUTO POLICLINICA PB,Rejeitada
2024,Pronon - Serviços médico-assistenciais,157,SOCIEDADE LITERARIA E CARITATIVA SANTO AGOSTINHO,Aprovada
2024,Pronon - Serviços médico-assistenciais,117,HOSPITAL DE CLINICAS DE PASSO FUNDO,Rejeitada
2024,Pronon - Serviços médico-assistenciais,108,HOSPITAL EVANGELICO DE CACHOEIRO DE ITAPEMIRIM,Rejeitada
2024,Pronon - Serviços médico-assistenciais,116,IRMANDADE DA SANTA CASA DE MISERICORDIA DE VITORIA,Aprovada
2024,Pronon - Serviços médico-assistenciais,150,FUNDACAO ANTONIO JORGE DINO,Aprovada
2024,Pronon - Serviços médico-assistenciais,167,CASA DE SAUDE SANTA MARCELINA,Aprovada
2024,Pronon - Serviços médico-assistenciais,67,SOCIEDADE B H SANTA CASA DE MISERICORDIA DE R PRETO,Rejeitada
2024,Pronon - Serviços médico-assistenciais,59,SPDM - ASSOCIACAO PAULISTA PARA O DESENVOLVIMENTO DA MEDICINA,Aprovada
2024,Pronon - Serviços médico-assistenciais,16,ASSOCIACAO HOSPITALAR LENOIR VARGAS FERREIRA,Aprovada
2024,Pronon - Serviços médico-assistenciais,54,SANTA CASA DE MISERICORDIA DE ARACATUBA,Rejeitada
2024,Pronon - Serviços médico-assistenciais,34,INSTITUTO MAIS IDENTIDADE,Rejeitada
2024,Pronon - Serviços médico-assistenciais,32,IRMANDADE DA SANTA CASA DE MISERICORDIA DE SAO CARLOS,Rejeitada
2024,Pronon - Serviços médico-assistenciais,71,SOCIEDADE HOSPITALAR SAO JOSE,Aprovada
2024,Pronon - Serviços médico-assistenciais,96,IRMANDADE DA SANTA CASA DE MISERICORDIA DE SAO PAULO,Aprovada
2024,Pronon - Serviços médico-assistenciais,38265,ASSOCIACAO CIRANDA DA VIDA,Aprovada
2024,Pronon - Serviços médico-assistenciais,89551,UNIAO OESTE PARANAENSE DE ESTUDOS E COMBATE AO CANCER,Aprovada
2024,Pronon - Serviços médico-assistenciais,89553,INSTITUTO DE CANCER DE LONDRINA,Aprovada
2024,Pronon - Serviços médico-assistenciais,525,ASSOCIACAO MARIO PENNA,Aprovada
2024,Pronon - Serviços médico-assistenciais,86418,ASSOCIACAO OBRAS SOCIAIS IRMA DULCE,Aprovada
2024,Pronon - Serviços médico-assistenciais,423,ASSOCIACAO HOSPITAL DE CARIDADE IJUI,Aprovada
2024,Pronon - Serviços médico-assistenciais,435,LIGA ALVARO BAHIA CONTRA A MORTALIDADE INFANTIL,Aprovada
2024,Pronon - Serviços médico-assistenciais,87987,INSTITUICAO BETHESDA,Aprovada
2024,Pronon - Serviços médico-assistenciais,88012,INSTITUTO DAS PEQUENAS MISSIONARIAS DE MARIA IMACULADA,Aprovada
2024,Pronon - Serviços médico-assistenciais,89554,IRMANDADE SENHOR DOS PASSOS E SANTA CASA DE MISERICORDIA DE GUARATINGUETA,Aprovada
2024,Pronon - Serviços médico-assistenciais,40961,ASSOCIACAO CASA FONTE DA VIDA,Aprovada
2024,Pronon - Serviços médico-assistenciais,88973,ASSOCIACAO CONGREGACAO DE SANTA CATARINA,Aprovada
2024,Pronon - Serviços médico-assistenciais,88985,INSTITUTO DE MEDICINA INTEGRAL PROFESSOR FERNANDO FIGUEIRA - IMIP,Aprovada
2024,Pronon - Serviços médico-assistenciais,88259,AUPACC- AMIGOS UNIDOS POR AMOR CONTRA O CANCER,Aprovada
2024,Pronon - Serviços médico-assistenciais,89303,ASSOCIACAO HOSPITALAR SAO JOSE DE JARAGUA DO SUL,Aprovada
2024,Pronon - Serviços médico-assistenciais,36614,LIGA PARANAENSE DE COMBATE AO CANCER,Aprovada
2024,Pronon - Serviços médico-assistenciais,85643,FUNDACAO SAO FRANCISCO XAVIER,Aprovada
2024,Pronon - Serviços médico-assistenciais,89304,INSTITUTO SANTE,Aprovada
2024,Pronon - Serviços médico-assistenciais,273,HOSPITAL BENEFICENTE SAO PEDRO,Aprovada
2025,"Pronas/PCD - Formação, qualificação e aperfeiçoamento de recursos humanos em todos os níveis de atenção",36272,LAR ESPERANCA E VIDA MATEUS LOUREIRO TICLE,Em Elaboração
2025,"Pronas/PCD - Formação, qualificação e aperfeiçoamento de recursos humanos em todos os níveis de atenção",36290,INSTITUTO DE DESENVOLVIMENTO DE TALENTOS - IDT,Em Elaboração
2025,"Pronas/PCD - Formação, qualificação e aperfeiçoamento de recursos humanos em todos os níveis de atenção",36761,INSTITUTO DE DESENVOLVIMENTO DE TALENTOS - IDT,Rejeitada
2025,"Pronas/PCD - Formação, qualificação e aperfeiçoamento de recursos humanos em todos os níveis de atenção",36937,UNIVERSIDADE LIVRE PARA A EFICIENCIA HUMANA,Em Elaboração
2025,"Pronas/PCD - Formação, qualificação e aperfeiçoamento de recursos humanos em todos os níveis de atenção",35350,ASSOCIACAO DE PAIS E AMIGOS DOS EXCEPCIONAIS,Aprovada
2025,"Pronas/PCD - Formação, qualificação e aperfeiçoamento de recursos humanos em todos os níveis de atenção",37011,INSTITUTO PRO HEMO SAUDE -IPH,Rejeitada
2025,"Pronas/PCD - Formação, qualificação e aperfeiçoamento de recursos humanos em todos os níveis de atenção",30505,ASSOCIACAO BENEFICENTE ABADEUS,Em Elaboração
2025,"Pronas/PCD - Formação, qualificação e aperfeiçoamento de recursos humanos em todos os níveis de atenção",33603,INOVES - INSTITUTO DE INOVACAO EM SAUDE DO ESPIRITO SANTO,Em Elaboração
2025,"Pronas/PCD - Formação, qualificação e aperfeiçoamento de recursos humanos em todos os níveis de atenção",45945,"ASSOCIACAO AMIGOS DA JUSTICA CIDADANIA, EDUCACAO E ARTE",Aprovada
2025,"Pronas/PCD - Formação, qualificação e aperfeiçoamento de recursos humanos em todos os níveis de atenção",30502,INSTITUTO DE DESENVOLVIMENTO DE TALENTOS - IDT,Em Elaboração
2025,"Pronas/PCD - Formação, qualificação e aperfeiçoamento de recursos humanos em todos os níveis de atenção",34563,FUNDACAO ANTONIO PRUDENTE,Aprovada
2025,"Pronas/PCD - Formação, qualificação e aperfeiçoamento de recursos humanos em todos os níveis de atenção",35275,FUNDACAO INSTITUTO DE PESQUISA E ESTUDO DE DIAGNOSTICO POR IMAGEM - FIDI,Em Elaboração
2025,"Pronas/PCD - Formação, qualificação e aperfeiçoamento de recursos humanos em todos os níveis de atenção",35247,INSTITUTO PATRICIA LORDELO - IPL,Em Elaboração
2025,"Pronas/PCD - Formação, qualificação e aperfeiçoamento de recursos humanos em todos os níveis de atenção",36171,FEDERACAO NACIONAL DAS ASSOCIACOES PESTALOZZI-FENAPESTALOZZI,Em Elaboração
2025,"Pronas/PCD - Formação, qualificação e aperfeiçoamento de recursos humanos em todos os níveis de atenção",37019,ASSOCIACAO DE PREVENCAO DO CANCER NA MULHER - ASPRECAM,Rejeitada
2025,"Pronas/PCD - Formação, qualificação e aperfeiçoamento de recursos humanos em todos os níveis de atenção",35263,ASSOCIACAO DESPORTIVA MEU BAIRRO MELHOR PONTA GROSSA,Em Elaboração
2025,"Pronas/PCD - Formação, qualificação e aperfeiçoamento de recursos humanos em todos os níveis de atenção",34864,ASSOCIACAO DE DESENVOLVIMENTO SOCIAL DO RIO GRANDE DO SUL,Rejeitada
2025,"Pronas/PCD - Formação, qualificação e aperfeiçoamento de recursos humanos em todos os níveis de atenção",32685,ASSOCIACAO INSTITUTO MORADA - AIM,Rejeitada
2025,"Pronas/PCD - Formação, qualificação e aperfeiçoamento de recursos humanos em todos os níveis de atenção",32366,ASSOCIACAO DE PAIS E AMIGOS DO AUTISTA DE CAJAZEIRAS E REGIAO CIRCUNVIZINHA,Rejeitada
2025,"Pronas/PCD - Formação, qualificação e aperfeiçoamento de recursos humanos em todos os níveis de atenção",33643,IRMANDADE DA SANTA CASA DE MISERICORDIA DE PORTO ALEGRE,Rejeitada
2025,"Pronas/PCD - Formação, qualificação e aperfeiçoamento de recursos humanos em todos os níveis de atenção",36824,CENTRO ANN SULLIVAN DO BRASIL RIBEIRAO PRETO,Aprovada
2025,"Pronas/PCD - Formação, qualificação e aperfeiçoamento de recursos humanos em todos os níveis de atenção",36609,ASSOCIACAO DE PAIS E AMIGOS DOS EXCEPCIONAIS ITABIRITO,Aprovada
2025,"Pronas/PCD - Formação, qualificação e aperfeiçoamento de recursos humanos em todos os níveis de atenção",34454,ASSOCIACAO DE PAIS E AMIGOS DOS EXCEPCIONAIS DE MACATUBA,Em Elaboração
2025,"Pronas/PCD - Formação, qualificação e aperfeiçoamento de recursos humanos em todos os níveis de atenção",34866,ASSOCIACAO DOS AMIGOS E PAIS DE PESSOAS ESPECIAIS,Rejeitada
2025,"Pronas/PCD - Formação, qualificação e aperfeiçoamento de recursos humanos em todos os níveis de atenção",34848,ASSOCIACAO DE PAIS E AMIGOS DOS EXCEPCIONAIS DE MACATUBA,Em Elaboração
2025,"Pronas/PCD - Formação, qualificação e aperfeiçoamento de recursos humanos em todos os níveis de atenção",34911,ASSOCIACAO BENEFICENTE ''COMUNIDADE DE AMOR RAINHA DA PAZ'',Rejeitada
2025,"Pronas/PCD - Formação, qualificação e aperfeiçoamento de recursos humanos em todos os níveis de atenção",36783,ASSOCIACAO DE PAIS E AMIGOS DO AUTISTA DE FARROUPILHA-RS,Rejeitada
2025,"Pronas/PCD - Formação, qualificação e aperfeiçoamento de recursos humanos em todos os níveis de atenção",35206,FUNDACAO HOSPITALAR SAO FRANCISCO DE ASSIS - FHSFA,Rejeitada
2025,"Pronas/PCD - Formação, qualificação e aperfeiçoamento de recursos humanos em todos os níveis de atenção",35103,ASSOCIACAO DE PAIS E AMIGOS DOS EXCEPCIONAIS DE MACATUBA,Em Elaboração
2025,"Pronas/PCD - Formação, qualificação e aperfeiçoamento de recursos humanos em todos os níveis de atenção",33607,ASSOCIACAO DE PAIS E AMIGOS DOS EXCEPCIONAIS DE CAETITE-BA,Rejeitada
2025,"Pronas/PCD - Formação, qualificação e aperfeiçoamento de recursos humanos em todos os níveis de atenção",35316,IMAGEMAGICA,Rejeitada
2025,"Pronas/PCD - Formação, qualificação e aperfeiçoamento de recursos humanos em todos os níveis de atenção",36193,FUNDACAO TECNICO EDUCACIONAL SOUZA MARQUES,Rejeitada
2025,"Pronas/PCD - Formação, qualificação e aperfeiçoamento de recursos humanos em todos os níveis de atenção",36493,FUNDACAO INSTITUTO DE PESQUISA E ESTUDO DE DIAGNOSTICO POR IMAGEM - FIDI,Aprovada
2025,"Pronas/PCD - Formação, qualificação e aperfeiçoamento de recursos humanos em todos os níveis de atenção",36514,INSTITUTO MANO DOWN,Rejeitada
2025,"Pronas/PCD - Formação, qualificação e aperfeiçoamento de recursos humanos em todos os níveis de atenção",36497,CENTRO DE ESTIMULACAO PRECOCE E INTEGRACAO SENSORIAL JUAN GABRIEL,Rejeitada
2025,"Pronas/PCD - Formação, qualificação e aperfeiçoamento de recursos humanos em todos os níveis de atenção",36692,FUNDACAO ALTINO VENTURA,Aprovada
2025,"Pronas/PCD - Formação, qualificação e aperfeiçoamento de recursos humanos em todos os níveis de atenção",36652,FEDERACAO NACIONAL DAS ASSOCIACOES PESTALOZZI-FENAPESTALOZZI,Rejeitada
2025,"Pronas/PCD - Formação, qualificação e aperfeiçoamento de recursos humanos em todos os níveis de atenção",36676,PROJETO ANJO AZUL,Rejeitada
2025,"Pronas/PCD - Formação, qualificação e aperfeiçoamento de recursos humanos em todos os níveis de atenção",36711,FUNDACAO EDUCACIONAL DE CRICIUMA,Rejeitada
2025,"Pronas/PCD - Formação, qualificação e aperfeiçoamento de recursos humanos em todos os níveis de atenção",36781,ASSOCIACAO PESTALOZZI DE ARAPIRACA,Aprovada
2025,"Pronas/PCD - Formação, qualificação e aperfeiçoamento de recursos humanos em todos os níveis de atenção",36765,GRUPO DE APOIO A CRIANCA COM CANCER DE SERGIPE (GACC/SE),Em Elaboração
2025,"Pronas/PCD - Formação, qualificação e aperfeiçoamento de recursos humanos em todos os níveis de atenção",36774,CENTRO INTEGRADO DE ESTUDOS E PROGRAMAS DE DESENVOLVIMENTO SUSTENTAVEL,Rejeitada
2025,"Pronas/PCD - Formação, qualificação e aperfeiçoamento de recursos humanos em todos os níveis de atenção",36839,FUNDACAO JOSE SILVEIRA,Rejeitada
2025,"Pronas/PCD - Formação, qualificação e aperfeiçoamento de recursos humanos em todos os níveis de atenção",36878,INSTITUTO RODRIGO MENDES,Rejeitada
2025,"Pronas/PCD - Formação, qualificação e aperfeiçoamento de recursos humanos em todos os níveis de atenção",36927,INSTITUTO BEM ESTAR DO SUL E SUDESTE DO PARA,Rejeitada
2025,"Pronas/PCD - Formação, qualificação e aperfeiçoamento de recursos humanos em todos os níveis de atenção",36982,HOSPITAL ALEMAO OSWALDO CRUZ,Aprovada
2025,"Pronas/PCD - Formação, qualificação e aperfeiçoamento de recursos humanos em todos os níveis de atenção",36979,ASSOCIACAO PESTALOZZI DE CAMPO GRANDE - MS,Rejeitada
2025,"Pronas/PCD - Formação, qualificação e aperfeiçoamento de recursos humanos em todos os níveis de atenção",37016,REAL E BENEMERITA ASSOCIACAO PORTUGUESA DE BENEFICENCIA,Rejeitada
2025,"Pronas/PCD - Formação, qualificação e aperfeiçoamento de recursos humanos em todos os níveis de atenção",37021,ASSOCIACAO DE PROTECAO A MATERNIDADE E A INFANCIA,Rejeitada
2025,"Pronas/PCD - Formação, qualificação e aperfeiçoamento de recursos humanos em todos os níveis de atenção",37014,INSTITUTO NACIONAL DE AMPARO A MODERNIZACAO DA GESTAO PUBLICA - IMODERNIZAR,Rejeitada
2025,"Pronas/PCD - Formação, qualificação e aperfeiçoamento de recursos humanos em todos os níveis de atenção",30804,OBRA COMUNITARIA SAO FRANCISCO DE ASSIS,Rejeitada
2025,Pronas/PCD - Prestação de serviços médico-assistenciais,32815,CENTRO MINEIRO DE REABILITACAO AUDITIVA - CEMEAR,Aprovada
2025,Pronas/PCD - Prestação de serviços médico-assistenciais,33281,ASSOC. DE PAIS E AMIGOS DO S EXCEP PARAISO DO TOCANTINS,Em Elaboração
2025,Pronas/PCD - Prestação de serviços médico-assistenciais,32687,ASSOCIACAO DE PAIS E AMIGOS DOS EXCEPCIONAIS DE DOURADINA,Em Elaboração
2025,Pronas/PCD - Prestação de serviços médico-assistenciais,34502,ASSOC DE PAIS E AMIGOS DOS EXCEPCIONAIS APAE DE DIADEMA,Em Elaboração
2025,Pronas/PCD - Prestação de serviços médico-assistenciais,46205,ASSOCIACAO DE PAIS E AMIGOS DOS EXCEPCIONAIS DE CARANDAI,Aprovada
2025,Pronas/PCD - Prestação de serviços médico-assistenciais,35202,ASSOC DE PAIS E AMIGOS DOSEXCEP DE VENDA NOVA IMIGRANTE,Em Elaboração
2025,Pronas/PCD - Prestação de serviços médico-assistenciais,35204,ASSOCIACAO DOS PAIS E AMIGOS DOS EXCEPCIONAIS DE LAGOA SANTA - APAE,Rejeitada
2025,Pronas/PCD - Prestação de serviços médico-assistenciais,35329,APAE - ASSOCIACAO DE PAIS E AMIGOS DOS EXCEPCIONAIS DE TURVO,Em Elaboração
2025,Pronas/PCD - Prestação de serviços médico-assistenciais,36208,ASSOCIACAO DE PAIS E AMIGOS DOS EXCEPCIONAIS DE SAO JOAO DA BARRA,Em Elaboração
2025,Pronas/PCD - Prestação de serviços médico-assistenciais,36205,ASSOCIACAO DE PAIS E AMIGOS DOS EXCEPCIONAIS DE S LUIZ,Em Elaboração
2025,Pronas/PCD - Prestação de serviços médico-assistenciais,36305,ASSOCIACAO DOS PAIS E AMIGOS DOS EXCEP DE PONTAL APAE,Em Elaboração
2025,Pronas/PCD - Prestação de serviços médico-assistenciais,36288,ASSOCIACAO DOCE INCLUSAO,Rejeitada
2025,Pronas/PCD - Prestação de serviços médico-assistenciais,36282,ASSOCIACAO DE PAIS E AMIGOS DOS AUTISTAS DE CACHOEIRINHA PAIS E AMOR,Em Elaboração
2025,Pronas/PCD - Prestação de serviços médico-assistenciais,34860,ASSOCIACAO DE PAIS E AMIGOS DOS EXCEPCIONAIS DE IGARAPE,Aprovada
2025,Pronas/PCD - Prestação de serviços médico-assistenciais,36597,APAE - ASSOCIACAO DE PAIS E AMIGOS DOS EXCEPCIONAIS DE IGUAT,Em Elaboração
2025,Pronas/PCD - Prestação de serviços médico-assistenciais,36702,ASSOCIACAO DE PAIS E AMIGOS DOS EXCEPCIONAIS,Em Elaboração
2025,Pronas/PCD - Prestação de serviços médico-assistenciais,36691,ASSOCIACAO DE PAIS E AMIGOS DE PESSOAS COM SINDROME DE DOWN DE CARIACICA - CARIACICA DOWN,Aprovada
2025,Pronas/PCD - Prestação de serviços médico-assistenciais,36838,SELECAO PAULISTA (SP),Em Elaboração
2025,Pronas/PCD - Prestação de serviços médico-assistenciais,36848,ASSOCIACAO DE PAIS E AMIGOS DOS EXCEPCIONAIS DE ROLANDIA,Em Elaboração
2025,Pronas/PCD - Prestação de serviços médico-assistenciais,36903,ASSOCIACAO DOS DEFICIENTES VISUAIS DO PARANA,Em Elaboração
2025,Pronas/PCD - Prestação de serviços médico-assistenciais,36963,ASSOCIACAO DE PAIS E AMIGOS DOS EXCEPCIONAIS DE CAMBARA,Em Elaboração
2025,Pronas/PCD - Prestação de serviços médico-assistenciais,33617,ASSOCIACAO DE PAIS E AMIGOS DOS EXCEPCIONAIS DE IRACEMINHA,Rejeitada
2025,Pronas/PCD - Prestação de serviços médico-assistenciais,36206,ASSOCIACAO DE PAIS E AMIGOS DOS EXCEPCIONAIS DE AMERICANA,Aprovada
2025,Pronas/PCD - Prestação de serviços médico-assistenciais,36930,ASSOCIACAO EVANGELICA BENEFICENTE DE MINAS GERAIS,Em Análise
2025,Pronas/PCD - Prestação de serviços médico-assistenciais,36825,ASSOC DE PAIS E AMIGOS DOS EXCEPC DE CRUZEIRO DO OESTE,Aprovada
2025,Pronas/PCD - Prestação de serviços médico-assistenciais,36192,ASSOCIACAO DE PAIS E AMIGOS DOS EXCEPCIONAIS DE PATROCINIO,Aprovada
2025,Pronas/PCD - Prestação de serviços médico-assistenciais,36817,"ASSOCIACAO DE GESTAO, INOVACAO E RESULTADOS EM SAUDE",Em Análise
2025,Pronas/PCD - Prestação de serviços médico-assistenciais,35373,ASSOCIACAO DE PAIS E AMIGOS DOS EXCEPCIONAIS BATATAIS,Aprovada
2025,Pronas/PCD - Prestação de serviços médico-assistenciais,36974,ASSOCIACAO DE PAIS E AMIGOS DOS EXCEPCIONAIS DE BELEM,Rejeitada
2025,Pronas/PCD - Prestação de serviços médico-assistenciais,36581,ASSOCIACAO DE PAIS E AMIGOS DOS EXCEPCIONAIS APAE DE PORTO SEGURO,Rejeitada
2025,Pronas/PCD - Prestação de serviços médico-assistenciais,36642,FUNDACAO DE DESENVOLVIMENTO DA PESQUISA,Rejeitada
2025,Pronas/PCD - Prestação de serviços médico-assistenciais,36606,ASSOCIACAO DE PAIS E AMIGOS DOS EXCEPCIONAIS - APAE DE MIGUELOPOLIS,Rejeitada
2025,Pronas/PCD - Prestação de serviços médico-assistenciais,36883,ASSOCIACAO DE PAIS E AMIGOS DOS EXCEPCIONAIS DE SANTA CRUZ DO RIO PARDO,Aprovada
2025,Pronas/PCD - Prestação de serviços médico-assistenciais,36677,SANTA CASA DE MISERICORDIA DE ITABUNA,Rejeitada
2025,Pronas/PCD - Prestação de serviços médico-assistenciais,36491,IGIS - INSTITUTO DA GESTAO E INOVACAO DA SAUDE,Rejeitada
2025,Pronas/PCD - Prestação de serviços médico-assistenciais,36810,CANTINHO DO CEU HOSPITAL DE RETAGUARDA,Rejeitada
2025,Pronas/PCD - Prestação de serviços médico-assistenciais,36763,ASSOCIACAO DE PAIS E AMIGOS DOS EXCEPCIONAIS DE LINDOESTE,Rejeitada
2025,Pronas/PCD - Prestação de serviços médico-assistenciais,36337,ASSOCIACAO DE PAIS E AMIGOS DOS EXCEPCIONAIS DE GOIANIA,Aprovada
2025,Pronas/PCD - Prestação de serviços médico-assistenciais,36780,ASSOCIACAO DE PAIS E AMIGOS DOS EXCEPCIONAIS,Rejeitada
2025,Pronas/PCD - Prestação de serviços médico-assistenciais,36326,ASSOCIACAO DE PAIS E AMIGOS DOS EXCEPCIONAIS-APAE MARAB,Aprovada
2025,Pronas/PCD - Prestação de serviços médico-assistenciais,36741,ASSOCIACAO DOS PAIS E AMIGOS DOS EXCEPCIONAIS DE P NOVA,Aprovada
2025,Pronas/PCD - Prestação de serviços médico-assistenciais,36917,ASSOCIACAO DE PAIS E AMIGOS DOS EXCEPCIONAIS DE ARUJA,Rejeitada
2025,Pronas/PCD - Prestação de serviços médico-assistenciais,31458,ASSOCIACAO PESTALOZZI DE BELA VISTA DE GOIAS,Aprovada
2025,Pronas/PCD - Prestação de serviços médico-assistenciais,36871,ASSOCIACAO DE PAIS E AMIG.DOS EXCEPCIONAIS PARAUAPEBAS,Aprovada
2025,Pronas/PCD - Prestação de serviços médico-assistenciais,36862,ASSOCIACAO DE PAIS E AMIGOS DOS EXCEPCIONAIS,Em Análise
2025,Pronas/PCD - Prestação de serviços médico-assistenciais,37018,ASSOC DE PAIS E AMIGOS DOS EXCEPCIONAIS DE S J PINHAIS,Rejeitada
2025,Pronas/PCD - Prestação de serviços médico-assistenciais,33549,ASSOCIACAO OBRAS SOCIAIS IRMA DULCE,Aprovada
2025,Pronas/PCD - Prestação de serviços médico-assistenciais,34907,ASSOC DE PAIS E AMIGOS DOS EXCEPCIONAIS DE BLUMENAU,Aprovada
2025,Pronas/PCD - Prestação de serviços médico-assistenciais,35253,ASSOC PAIS AMIGOS DOS EXCEPCIONAIS-APAE-SAO GONC.ABAETE,Aprovada
2025,Pronas/PCD - Prestação de serviços médico-assistenciais,36189,ASSOCIACAO DE PAIS E AMIGOS DOS EXCEPCIONAIS DE CARUARU,Aprovada
2025,Pronas/PCD - Prestação de serviços médico-assistenciais,36276,ASSOCIACAO DE PAIS E AMIGOS DOS EXCEPCIONAIS,Aprovada
2025,Pronas/PCD - Prestação de serviços médico-assistenciais,36576,ASSOCIACAO HOSPITALAR E EDUCACIONAL DE POMERODE,Aprovada
2025,Pronas/PCD - Prestação de serviços médico-assistenciais,36603,ASSOCIACAO DE PAIS E AMIGOS DOS EXCEPICIONAIS DE PICOS,Aprovada
2025,Pronas/PCD - Prestação de serviços médico-assistenciais,35256,ASSOCIACAO DE PAIS E AMIGOS DOS EXCEPICIONAIS,Aprovada
2025,Pronas/PCD - Prestação de serviços médico-assistenciais,36604,ASSOCIACAO DE PAIS E AMIGOS DOS EXCEPCIONAIS DE PORTO VELHO / APAE,Aprovada
2025,Pronas/PCD - Prestação de serviços médico-assistenciais,36623,ASSOCIACAO DE PAIS E AMIGOS DOS EXCEPCIONAIS DE PEDRO II,Aprovada
2025,Pronas/PCD - Prestação de serviços médico-assistenciais,36629,ASSOCIACAO DE PAIS E AMIGOS DOS EXCEPCIONAIS,Aprovada
2025,Pronas/PCD - Prestação de serviços médico-assistenciais,36634,SERVICOS DE ESTIMULACAO E REABILITACAO DA CRIANCA SERC,Aprovada
2025,Pronas/PCD - Prestação de serviços médico-assistenciais,36635,CENTRO DE CONVIVENCIA MAO AMIGA,Aprovada
2025,Pronas/PCD - Prestação de serviços médico-assistenciais,36689,APAE ASSOCIACAO DOS PAIS E AMIGOS DOS EXCEPCIONAIS DE RESPLENDOR,Aprovada
2025,Pronas/PCD - Prestação de serviços médico-assistenciais,36693,ASSOCIACAO PESTALOZZI DE ANAPOLIS,Aprovada
2025,Pronas/PCD - Prestação de serviços médico-assistenciais,36703,ASSOCIACAO DE PAIS E AMIGOS DOS EXCEPCIONAIS DO MUNICIPIO DE BRAS PIRES,Aprovada
2025,Pronas/PCD - Prestação de serviços médico-assistenciais,36731,APAE - ASSOCIACAO DE PAIS E AMIGOS DOS EXCEPCIONAIS,Aprovada
2025,Pronas/PCD - Prestação de serviços médico-assistenciais,36743,ASSOCIACAO DE PAIS E AMIGOS DOS EXCEPCIONAIS DE TARUMIRIM,Aprovada
2025,Pronas/PCD - Prestação de serviços médico-assistenciais,36776,ASSOC DE PAIS E AMIGOS DOS EXCEPCIONAIS,Aprovada
2025,Pronas/PCD - Prestação de serviços médico-assistenciais,36811,ASSOCIACAO DE PAIS E AMIGOS DOS EXCEPCIONAIS DE OURO BRANCO,Aprovada
2025,Pronas/PCD - Prestação de serviços médico-assistenciais,36846,ASSOCIACAO DE PAIS E AMIGOS DOS EXCEPCIONAIS ( APAE ) DE TUTOIA-MA,Aprovada
2025,Pronas/PCD - Prestação de serviços médico-assistenciais,36989,ASSOCIACAO DE PAIS E AMIGOS DOS EXCEPCIONAIS DE E.R.M.,Aprovada
2025,Pronas/PCD - Prestação de serviços médico-assistenciais,36995,ASSOCIACAO DE PAIS E AMIGOS DOS EXCEPCIONAIS DE ITANHEM,Aprovada
2025,Pronas/PCD - Prestação de serviços médico-assistenciais,35277,FUNDACAO DE EDUC E CULTURA DO SPORT CLUB INTERNACIONAL,Em Elaboração
2025,Pronas/PCD - Prestação de serviços médico-assistenciais,36788,CONGREGACAO DAS IRMAS SALESIANAS DOS SAGRADOS CORACOES,Aprovada
2025,Pronas/PCD - Prestação de serviços médico-assistenciais,33555,ASSOCIACAO DOS DEFICIENTES FISICOS DE SAO MIGUEL DOS CAMPOS,Rejeitada
2025,Pronas/PCD - Prestação de serviços médico-assistenciais,30821,ASSOCIACAO DOS DEFICIENTES FISICOS DO AMAZONAS,Rejeitada
2025,Pronas/PCD - Prestação de serviços médico-assistenciais,33622,ASSOCIACAO DE PAIS E AMIGOS DOS EXCEPCIONAI DE IPIRANGA,Em Elaboração
2025,Pronas/PCD - Prestação de serviços médico-assistenciais,30494,ASSOCIACAO HOSPITALAR DE PROT INFANCIA DR RAUL CARNEIRO,Em Elaboração
2025,Pronas/PCD - Prestação de serviços médico-assistenciais,32741,ASSOCIACAO DE PAIS E AMIGOS DOS EXCEPCIONAIS DE ITANHAEM,Em Elaboração
2025,Pronas/PCD - Prestação de serviços médico-assistenciais,30507,ASSOCIACAO DE PAIS E AMIGOS DOS EXCEPCIONAIS,Em Elaboração
2025,Pronas/PCD - Prestação de serviços médico-assistenciais,30510,ASSOC DE PAIS E AMIGOS DOS EXCEPICIONAIS DE AGRESTINA,Em Elaboração
2025,Pronas/PCD - Prestação de serviços médico-assistenciais,36645,ASSOCIACAO BRASILEIRA DE EMPREGO APOIADO-ABEA,Aprovada
2025,Pronas/PCD - Prestação de serviços médico-assistenciais,30520,INSTITUTO SOPLOS,Em Elaboração
2025,Pronas/PCD - Prestação de serviços médico-assistenciais,34468,ASSOCIACAO DOCE INCLUSAO,Em Elaboração
2025,Pronas/PCD - Prestação de serviços médico-assistenciais,35155,ASSOCIACAO DOS PAIS E AMIGOS DOS EXCEPCIONAIS DE PINHAIS,Em Elaboração
2025,Pronas/PCD - Prestação de serviços médico-assistenciais,32792,ASSOCIACAO DE PAIS E AMIGOS DO AUTISTA DE ITAJAI,Em Elaboração
2025,Pronas/PCD - Prestação de serviços médico-assistenciais,30811,ASSOCIACAO DE PAIS E AMIGOS DOS EXCEPCIONAIS DE PINHALZ,Em Elaboração
2025,Pronas/PCD - Prestação de serviços médico-assistenciais,30827,ASSOCIACAO PRO-ESPORTE E CULTURA,Em Elaboração
2025,Pronas/PCD - Prestação de serviços médico-assistenciais,30828,A P A E ASSOCIACAO PAIS E AMIGOS DOS EXCEP DE SOROCABA,Em Elaboração
2025,Pronas/PCD - Prestação de serviços médico-assistenciais,32740,ASSOCIACAO DE PAIS E AMIGOS DOS EXCEPCIONAIS,Aprovada
2025,Pronas/PCD - Prestação de serviços médico-assistenciais,35170,ASSOCIACAO DE PAIS E AMIGOS DOS EXCEPCIONAIS - APAE DE SANTA HELENA MA,Aprovada
2025,Pronas/PCD - Prestação de serviços médico-assistenciais,33632,ASSOCIACAO DE PAIS E AMIGOS DO AUTISTA DE ITAJAI,Em Elaboração
2025,Pronas/PCD - Prestação de serviços médico-assistenciais,32783,ASSOCIACAO DOS PAIS E AMIGOS APAE DE PAPAGAIOS,Em Elaboração
2025,Pronas/PCD - Prestação de serviços médico-assistenciais,64001,IBIS - INSTITUTO BRASIL IGUALDADE SOCIAL,Aprovada
2025,Pronas/PCD - Prestação de serviços médico-assistenciais,33627,ASSOCIACAO DOS AMIGOS DOS AUTISTAS DO ESTADO DO ESPIRITO SANTO-AMAES,Em Elaboração
2025,Pronas/PCD - Prestação de serviços médico-assistenciais,33629,ASSOCIACAO DOS AMIGOS DOS AUTISTAS DO ESTADO DO ESPIRITO SANTO-AMAES,Em Elaboração
2025,Pronas/PCD - Prestação de serviços médico-assistenciais,33292,ASSOCIACAO INTEGRADA DO DESENVOLVIMENTO DO DOWN DE BENTO GONALVES-AIDD/BG,Em Elaboração
2025,Pronas/PCD - Prestação de serviços médico-assistenciais,34904,CLUBE DE MAES COMUM UNIAO,Em Elaboração
2025,Pronas/PCD - Prestação de serviços médico-assistenciais,32814,ASSOCIACAO DE PAIS E AMIGOS DOS EXCEPCIONAIS DE ITANHAEM,Rejeitada
2025,Pronas/PCD - Prestação de serviços médico-assistenciais,33638,ASSOCIACAO NITEROIENSE DOS DEFICIENTES FISICOS,Aprovada
2025,Pronas/PCD - Prestação de serviços médico-assistenciais,33586,ASSOCIACAO DE PAIS E AMIGOS DOS EXCEPCIONAIS DE MONTENEGRO,Em Elaboração
2025,Pronas/PCD - Prestação de serviços médico-assistenciais,33602,INOVES - INSTITUTO DE INOVACAO EM SAUDE DO ESPIRITO SANTO,Em Elaboração
2025,Pronas/PCD - Prestação de serviços médico-assistenciais,33248,INSTITUTO DA PRIMEIRA INFANCIA,Em Elaboração
2025,Pronas/PCD - Prestação de serviços médico-assistenciais,33621,ASSOCIACAO DE PAIS E AMIGOS DOS EXCEPCIONAIS - APAE - DE ABDON BATISTA,Aprovada
2025,Pronas/PCD - Prestação de serviços médico-assistenciais,32801,ASSOCIACAO DE PAIS E AMIGOS DOS EXCEPCIONAIS,Aprovada
2025,Pronas/PCD - Prestação de serviços médico-assistenciais,36617,ASSOCIACAO LAR SAO FRANCISCO DE ASSIS NA PROVIDENCIA DE DEUS,Em Elaboração
2025,Pronas/PCD - Prestação de serviços médico-assistenciais,36621,FUNDACAO PADRE ALBINO,Em Elaboração
2025,Pronas/PCD - Prestação de serviços médico-assistenciais,34516,APAE ASSOCIACAO PAIS AMIGOS EXCEPCIONAIS GOV VALADARES,Em Elaboração
2025,Pronas/PCD - Prestação de serviços médico-assistenciais,34564,INSTITUTO PARANAENSE DE CEGOS - IPC,Em Elaboração
2025,Pronas/PCD - Prestação de serviços médico-assistenciais,35104,ASSOCIACAO DAS CRIANCAS AUTISTAS DE SENHOR DO BONFIM,Em Elaboração
2025,Pronas/PCD - Prestação de serviços médico-assistenciais,35228,ASSOCIACAO DE PAIS E AMIGOS DOS EXCEPCIONAIS DE PATROCINIO,Em Elaboração
2025,Pronas/PCD - Prestação de serviços médico-assistenciais,35255,ASSOCIACAO DE PAIS E AMIGOS DOS EXCEPCIONAIS DE LAGES,Em Elaboração
2025,Pronas/PCD - Prestação de serviços médico-assistenciais,30511,LIGA ALVARO BAHIA CONTRA A MORTALIDADE INFANTIL,Rejeitada
2025,Pronas/PCD - Prestação de serviços médico-assistenciais,34508,ASSOCIACAO DOS MORADORES DO BAIRRO SANTA CRUZ E REGIAO,Rejeitada
2025,Pronas/PCD - Prestação de serviços médico-assistenciais,36229,ASSOCIACAO DE PAIS E AMIGOS DOS EXCEPCIONAIS DE S LUIZ,Em Elaboração
2025,Pronas/PCD - Prestação de serviços médico-assistenciais,36221,INSTITUTO PASSO A PASSO,Rejeitada
2025,Pronas/PCD - Prestação de serviços médico-assistenciais,36308,CASA DE DAVID TABERNACULO ESPIRITA PARA EXCEPCIONAIS,Em Elaboração
2025,Pronas/PCD - Prestação de serviços médico-assistenciais,36182,ASSOCIACAO DE PAIS E AMIGOS DOS EXCEPCIONAIS DE S LUIZ,Em Elaboração
2025,Pronas/PCD - Prestação de serviços médico-assistenciais,36481,CENTRO INTEGRADO DE ESTUDOS E PROGRAMAS DE DESENVOLVIMENTO SUSTENTAVEL,Em Elaboração
2025,Pronas/PCD - Prestação de serviços médico-assistenciais,79907,ASSOCIACAO ALMA AUTISTA,Aprovada
2025,Pronas/PCD - Prestação de serviços médico-assistenciais,36335,ASSOCIACAO VIDA ATIVA SAO JOSE,Em Elaboração
2025,Pronas/PCD - Prestação de serviços médico-assistenciais,36591,ASSOCIACAO DE PAIS E AMIGOS DOS EXCEPCIONAIS DE IVATE,Em Elaboração
2025,Pronas/PCD - Prestação de serviços médico-assistenciais,36740,ASSOCIACAO DOS DEFICIENTES FISICOS DE UNIAO DOS PALMARES - ADEFUP,Em Elaboração
2025,Pronas/PCD - Prestação de serviços médico-assistenciais,36829,ASSOCIACAO DOS DEFICIENTES FISICOS DO ALTO URUGUAI,Em Elaboração
2025,Pronas/PCD - Prestação de serviços médico-assistenciais,36657,FUNDACAO SANTA CASA DE MISERICORDIA DE FRANCA,Em Elaboração
2025,Pronas/PCD - Prestação de serviços médico-assistenciais,36777,STA CASA DE MISERICORDIA E MATERNIDADE DE RONDONOPOLIS,Em Elaboração
2025,Pronas/PCD - Prestação de serviços médico-assistenciais,36915,ASSOCIACAO DE MAES DE AUTISTAS DE ARIQUEMES,Em Elaboração
2025,Pronas/PCD - Prestação de serviços médico-assistenciais,36978,ASSOCIACAO DOS DEFICIENTES VISUAIS DO PARANA,Rejeitada
2025,Pronas/PCD - Prestação de serviços médico-assistenciais,36701,FUNDACAO PRO RIM,Rejeitada
2025,Pronas/PCD - Prestação de serviços médico-assistenciais,30347,ASSOCIACAO PARAIBANA DE INCLUSAO DA PESSOA COM DEFICIENCIA,Em Elaboração
2025,Pronas/PCD - Prestação de serviços médico-assistenciais,36747,ASSOCIACAO DE PAIS E AMIGOS DOS EXCEPCIONAIS DE BELA CRUZ - APAE,Aprovada
2025,Pronas/PCD - Prestação de serviços médico-assistenciais,30497,"INSTITUTO SAUDE, INTEGRACAO, EDUCACAO ESPORTE E LAZER ATRAVES DE OPORTUNIDADES SOCIAIS INSTITUTO SIEELOS",Rejeitada
2025,Pronas/PCD - Prestação de serviços médico-assistenciais,69505,INSTITUTO OLGA KOS RIO DE JANEIRO,Aprovada
2025,Pronas/PCD - Prestação de serviços médico-assistenciais,34497,ASSOCIACAO DE PAIS E AMIGOS DOS EXCEPCIONAIS DE DOIS IRMAOS,Aprovada
2025,Pronas/PCD - Prestação de serviços médico-assistenciais,30975,ASSOCIACAO DE PAIS E AMIGOS DOS EXCEPCIONAI DE IPIRANGA,Em Elaboração
2025,Pronas/PCD - Prestação de serviços médico-assistenciais,30788,ASSOC DE PAIS E AMIGOS DOS EXCEPCIONAIS DE MONCAO,Aprovada
2025,Pronas/PCD - Prestação de serviços médico-assistenciais,36289,REFAZER - GRUPO DE APOIO A CRIANCA E AO ADOLESCENTE,Em Análise
2025,Pronas/PCD - Prestação de serviços médico-assistenciais,30783,ASSOCIACAO CASA DO PAI - P.A.I,Rejeitada
2025,Pronas/PCD - Prestação de serviços médico-assistenciais,30813,ASSOCIACAO LAR SAO FRANCISCO DE ASSIS NA PROVIDENCIA DE DEUS,Em Análise
2025,Pronas/PCD - Prestação de serviços médico-assistenciais,30831,ASSOCIACAO DE PAIS E AMIGOS DOS AUTISTAS DE ITAPOA (AMA),Rejeitada
2025,Pronas/PCD - Prestação de serviços médico-assistenciais,36583,ASSOCIACAO DE PAIS E AMIGOS DOS EXCEPCIONAIS,Rejeitada
2025,Pronas/PCD - Prestação de serviços médico-assistenciais,36580,ASSOCIACAO DE PAIS E AMIGOS DOS EXCEPCIONAIS - APAE DE CARATINGA MG,Aprovada
2025,Pronas/PCD - Prestação de serviços médico-assistenciais,36586,APAE - ASSOCIACAO DE PAIS E AMIGOS DOS EXCEPCIONAIS DE IGUAT,Em Elaboração
2025,Pronas/PCD - Prestação de serviços médico-assistenciais,36610,ASSOCIACAO DE PAIS E AMIGOS DOS EXCEPCIONAIS DE APAE MATIAS OLIMPIO,Em Elaboração
2025,Pronas/PCD - Prestação de serviços médico-assistenciais,36814,FUNDACAO DOUTOR AMARAL CARVALHO,Rejeitada
2025,Pronas/PCD - Prestação de serviços médico-assistenciais,36832,ASSOCIACAO DE PAIS E AMIGOS DOS EXCEPCIONAIS,Rejeitada
2025,Pronas/PCD - Prestação de serviços médico-assistenciais,36939,ASSOCIACAO DOS PROTETORES DAS PESSOAS CARENTES,Em Elaboração
2025,Pronas/PCD - Prestação de serviços médico-assistenciais,33644,INSTITUTO PARANAENSE DE CEGOS - IPC,Em Elaboração
2025,Pronas/PCD - Prestação de serviços médico-assistenciais,34535,ASSOCIACAO DOS PAIS E AMIGOS DOS EXCEPCIONAIS DE LAGOA SANTA - APAE,Em Elaboração
2025,Pronas/PCD - Prestação de serviços médico-assistenciais,36598,ASSOCIACAO DE PAIS E AMIGOS DOS EXCEPCIONAIS DE M GUACU,Em Elaboração
2025,Pronas/PCD - Prestação de serviços médico-assistenciais,34198,ASSOCIACAO DE PAIS E AMIGOS DOS EXCEPCIONAIS DE PORTO VELHO / APAE,Em Elaboração
2025,Pronas/PCD - Prestação de serviços médico-assistenciais,36304,APAE - ASSOCIACAO DE PAIS E AMIGOS DOS EXCEPCIONAIS DE TURVO,Rejeitada
2025,Pronas/PCD - Prestação de serviços médico-assistenciais,36309,ASSOCIACAO DE PAIS E AMIGOS DOS EXCEPCIONAIS DE TRES BARRAS - SC,Em Elaboração
2025,Pronas/PCD - Prestação de serviços médico-assistenciais,36277,ASSOCIACAO HOSPITALAR MONDAI,Rejeitada
2025,Pronas/PCD - Prestação de serviços médico-assistenciais,32680,SOCIEDADE BENEFICENTE DE SENHORAS - HOSPITAL SIRIO LIBANES,Rejeitada
2025,Pronas/PCD - Prestação de serviços médico-assistenciais,88369,INSTITUTO CEARENSE DE EDUCACAO CULTURA E ECOLOGIA - I.C.E.C.E,Aprovada
2025,Pronas/PCD - Prestação de serviços médico-assistenciais,33594,ASSOCIACAO DE PAIS E AMIGOS DOS EXCEPCIONAIS DE VITORIA,Rejeitada
2025,Pronas/PCD - Prestação de serviços médico-assistenciais,88499,ASSOCIACAO DE PAIS E AMIGOS DOS EXCEPCIONAIS,Aprovada
2025,Pronas/PCD - Prestação de serviços médico-assistenciais,47571,INSTITUTO OLGA KOS BRASILIA,Aprovada
2025,Pronas/PCD - Prestação de serviços médico-assistenciais,33587,ASSOCIACAO DE PAIS E AMIGOS DOS EXCEPCIONAIS DE MACATUBA,Em Elaboração
2025,Pronas/PCD - Prestação de serviços médico-assistenciais,34506,ASSOCIACAO DE PAIS E AMIGOS DOS EXCEPCIONAIS,Aprovada
2025,Pronas/PCD - Prestação de serviços médico-assistenciais,30789,ASSOCIACAO DE PAIS E AMIGOS DOS EXCEPCIONAIS,Aprovada
2025,Pronas/PCD - Prestação de serviços médico-assistenciais,33631,ASSOCIACAO DE PAIS E AMIGOS DOS EXCEPCIONAIS DE CAXIAS,Rejeitada
2025,Pronas/PCD - Prestação de serviços médico-assistenciais,36639,ASSOCIACAO DE PAIS E AMIGOS DOS EXCEPCIONAIS - APAE DE JIJOCA DE JERICOACOARA,Aprovada
2025,Pronas/PCD - Prestação de serviços médico-assistenciais,31002,ASSOCIACAO DE PAIS E AMIGOS DOS EXCEPCIONAIS DE CARIACICA,Rejeitada
2025,Pronas/PCD - Prestação de serviços médico-assistenciais,35252,ASSOC DE PAIS E AMIGOS DOS EXCEPICIONAIS DE AGRESTINA,Rejeitada
2025,Pronas/PCD - Prestação de serviços médico-assistenciais,34118,ASSOCIACAO DE PAIS E A DOS EXCEPCIONAIS DE IPATINGA,Aprovada
2025,Pronas/PCD - Prestação de serviços médico-assistenciais,35250,ASSOC DE PAIS E AMIGOS DOS EXCEPCIONAIS DE NOVA IGUACU,Aprovada
2025,Pronas/PCD - Prestação de serviços médico-assistenciais,32781,ASSOCIACAO DOS PAIS E AMIGOS APAE DE PAPAGAIOS,Rejeitada
2025,Pronas/PCD - Prestação de serviços médico-assistenciais,36988,ASSOCIACAO DAS CRIANCAS AUTISTAS DE SENHOR DO BONFIM,Rejeitada
2025,Pronas/PCD - Prestação de serviços médico-assistenciais,30825,ASSOCIACAO DE PAIS E AMIGOS DOS EXCEPCIONAIS - APAE / MACAE,Rejeitada
2025,Pronas/PCD - Prestação de serviços médico-assistenciais,30350,ASSOCIACAO DE PAIS E AMIGOS DOS EXCEPCIONAIS DE VARGEM GRANDE - APAE,Rejeitada
2025,Pronas/PCD - Prestação de serviços médico-assistenciais,36969,FUNDACAO IVAN GOULART,Rejeitada
2025,Pronas/PCD - Prestação de serviços médico-assistenciais,30802,ASSOCIACAO DE PAIS E AMIGOS DOS EXCEPCIONAIS,Rejeitada
2025,Pronas/PCD - Prestação de serviços médico-assistenciais,32803,ASSOCIACAO HOSPITALAR DE PROT INFANCIA DR RAUL CARNEIRO,Aprovada
2025,Pronas/PCD - Prestação de serviços médico-assistenciais,36316,ASSOCIACAO DE PAIS E AMIGOS DOS EXCEPCIONAIS PALMA SOLA,Rejeitada
2025,Pronas/PCD - Prestação de serviços médico-assistenciais,34206,ASSOCIACAO EVANGELICA BENEFICENTE ESPIRITO-SANTENSE - AEBES,Em Elaboração
2025,Pronas/PCD - Prestação de serviços médico-assistenciais,32743,ASSOCIACAO DE PAIS E AMIGOS DOS EXCEPCIONAIS DA SERRA - APAE DA SERRA,Aprovada
2025,Pronas/PCD - Prestação de serviços médico-assistenciais,34119,INSTITUTO SOPLOS,Rejeitada
2025,Pronas/PCD - Prestação de serviços médico-assistenciais,33596,ASSOCIACAO DE PAIS E AMIGOS DOS EXCEPCIONAIS DE AGUA DO,Rejeitada
2025,Pronas/PCD - Prestação de serviços médico-assistenciais,34222,VILA SAO JOSE BENTO COTTOLENGO,Em Elaboração
2025,Pronas/PCD - Prestação de serviços médico-assistenciais,36331,IRMANDADE DA SANTA CASA DE MISERICORDIA DE MATAO,Rejeitada
2025,Pronas/PCD - Prestação de serviços médico-assistenciais,34896,ASSOCIACAO DOS AMIGOS DOS AUTISTAS DO ESTADO DO ESPIRITO SANTO-AMAES,Aprovada
2025,Pronas/PCD - Prestação de serviços médico-assistenciais,36902,INSTITUICAO BETHESDA,Aprovada
2025,Pronas/PCD - Prestação de serviços médico-assistenciais,34897,ASSOCIACAO DOS AMIGOS DOS AUTISTAS DO ESTADO DO ESPIRITO SANTO-AMAES,Aprovada
2025,Pronas/PCD - Prestação de serviços médico-assistenciais,36504,FUNDACAO PIO XII,Rejeitada
2025,Pronas/PCD - Prestação de serviços médico-assistenciais,35295,ASSOCIACAO DE PAIS E AMIGOS DOS EXCEPCIONAIS DE SAO JORGE D OESTE,Aprovada
2025,Pronas/PCD - Prestação de serviços médico-assistenciais,34451,SOCIEDADE ESPIRITA CINCO DE SETEMBRO,Rejeitada
2025,Pronas/PCD - Prestação de serviços médico-assistenciais,34461,APAE-ASSOCIACAO DE PAIS E AMIGOS DOS EXCEPCIONAIS DE GUARAPARI,Em Elaboração
2025,Pronas/PCD - Prestação de serviços médico-assistenciais,34507,ASSOCIACAO DE PAIS E AMIGOS DOS EXCEPCIONAIS DE JOACABA,Rejeitada
2025,Pronas/PCD - Prestação de serviços médico-assistenciais,34483,ASSOCIACAO DE PAIS E AMIGOS DOS EXCEPCIONAIS DE CARANDAI,Em Elaboração
2025,Pronas/PCD - Prestação de serviços médico-assistenciais,34469,SOCIEDADE BENEFICENTE LATINO AMERICANO DA AMAZONIA - SBLAA,Rejeitada
2025,Pronas/PCD - Prestação de serviços médico-assistenciais,30348,ASSOCIACAO DE PAIS E AMIGOS DOS EXCEPCIONAIS DE CHAPADINHA,Rejeitada
2025,Pronas/PCD - Prestação de serviços médico-assistenciais,34513,ASSOCIACAO INSTITUTO INDICADOR SOCIAL,Em Elaboração
2025,Pronas/PCD - Prestação de serviços médico-assistenciais,34527,ASSOCIACAO DE PAIS E AMIGOS DOS EXCEPCIONAIS DE CAJURU,Rejeitada
2025,Pronas/PCD - Prestação de serviços médico-assistenciais,34484,ASSOCIACAO DE PAIS E AMIGOS DOS EXCEPCIONAIS DE SANTOS DUMONT - MG,Em Elaboração
2025,Pronas/PCD - Prestação de serviços médico-assistenciais,34501,ASSOCIACAO DE PAIS E AMIGOS DOS EXCEPCIONAIS DE SANTO ESTEVAO - BA,Em Elaboração
2025,Pronas/PCD - Prestação de serviços médico-assistenciais,34517,ASSOCIACAO DE PAIS E AMIGOS DOS EXCEPCIONAI DE IPIRANGA,Rejeitada
2025,Pronas/PCD - Prestação de serviços médico-assistenciais,34494,ASSOCIACAO DE PAIS E AMIGOS DOS EXCEPCIONAIS DE SANTOS DUMONT - MG,Rejeitada
2025,Pronas/PCD - Prestação de serviços médico-assistenciais,34514,ASSOCIACAO DE JUDO CORPORE SANO,Rejeitada
2025,Pronas/PCD - Prestação de serviços médico-assistenciais,34475,ASSOCIACAO DE PAIS E AMIGOS DOS EXCEPCIONAIS DE FRANCA,Rejeitada
2025,Pronas/PCD - Prestação de serviços médico-assistenciais,34498,ASSOCIACAO DE PAIS E AMIGOS DOS EXCEPCIONAIS DE MARAVILHAS,Aprovada
2025,Pronas/PCD - Prestação de serviços médico-assistenciais,34566,UNIAO DE CEGOS DO RIO GRANDE DO SUL,Em Elaboração
2025,Pronas/PCD - Prestação de serviços médico-assistenciais,34537,SER EM CENA,Em Elaboração
2025,Pronas/PCD - Prestação de serviços médico-assistenciais,34546,FUNDACAO CRISTIANO VARELLA,Aprovada
2025,Pronas/PCD - Prestação de serviços médico-assistenciais,34534,"ASSOCIACAO DE PREVENCAO, ATENDIMENTO ESPECIALIZADO E INCLUSAO DA PESSOA COM DEFICIENCIA DE RIBEIRAO PIRES",Aprovada
2025,Pronas/PCD - Prestação de serviços médico-assistenciais,34561,ASSOC DE PAIS E AMIGOS DOS EXCEPCIONAIS APAE DE DIADEMA,Rejeitada
2025,Pronas/PCD - Prestação de serviços médico-assistenciais,34550,ASS DE PAIS E AMIGOS DOS EXCEPCIONAIS DE NOVA PRATA,Aprovada
2025,Pronas/PCD - Prestação de serviços médico-assistenciais,34552,ASSOCIACAO DE MAES E AMIGOS DOS AUTISTAS DO VALE DO ASSU,Rejeitada
2025,Pronas/PCD - Prestação de serviços médico-assistenciais,34557,ASSOC DE PAIS E AMIGOS DOS EXCEPCIONAIS DE S J PINHAIS,Em Elaboração
2025,Pronas/PCD - Prestação de serviços médico-assistenciais,35374,ASSOCIACAO EVANGELICA BENEFICENTE ESPIRITO-SANTENSE - AEBES,Aprovada
2025,Pronas/PCD - Prestação de serviços médico-assistenciais,34858,ASSOCIACAO DE PAIS E AMIGOS DO AUTISTA DE ITAJAI,Em Elaboração
2025,Pronas/PCD - Prestação de serviços médico-assistenciais,34861,ASSOCIACAO DE PAIS E AMIGOS DOS EXCEPCIONAIS DE GOIOERE,Em Elaboração
2025,Pronas/PCD - Prestação de serviços médico-assistenciais,34879,ASSOCIACAO DOS DEFICIENTES VISUAIS DO PARANA,Em Elaboração
2025,Pronas/PCD - Prestação de serviços médico-assistenciais,34889,INSTITUTO MAIS IDENTIDADE,Em Elaboração
2025,Pronas/PCD - Prestação de serviços médico-assistenciais,34882,ASSOCIACAO MINEIRA DO PARADESPORTO,Rejeitada
2025,Pronas/PCD - Prestação de serviços médico-assistenciais,34906,FUNDACAO DE APOIO A FACULDADE DE MEDICINA DE MARILIA E AO HOSPITAL DAS CLINICAS DA FACULDADE DE MEDICINA DE MARILIA - FAMAR,Rejeitada
2025,Pronas/PCD - Prestação de serviços médico-assistenciais,34881,CENTRO DE INTEGRACAO A SAUDE CRISTO REI - CISCREI,Em Elaboração
2025,Pronas/PCD - Prestação de serviços médico-assistenciais,34870,ASSOCIACAO DOS PAIS E AMIGOS DOS EXCEPCIONAIS DE PINHAIS,Em Elaboração
2025,Pronas/PCD - Prestação de serviços médico-assistenciais,34875,ASSOCIACAO DOS DEFICIENTES FISICOS DE SAO LUIZ DO QUITUNDE - ADEFISALQ,Aprovada
2025,Pronas/PCD - Prestação de serviços médico-assistenciais,34895,ASSOCIACAO DOS AMIGOS DOS AUTISTAS DO ESTADO DO ESPIRITO SANTO-AMAES,Aprovada
2025,Pronas/PCD - Prestação de serviços médico-assistenciais,34867,ASSOCIACAO DE PAIS E AMIGOS DOS EXCEPCIONAIS DE MANAUS,Rejeitada
2025,Pronas/PCD - Prestação de serviços médico-assistenciais,34852,APAE DE HORTOLANDIA,Rejeitada
2025,Pronas/PCD - Prestação de serviços médico-assistenciais,34914,ASSOC DE PAIS E AMIGOS DOS EXCEPCIONAIS DE PAPANDUVA,Em Elaboração
2025,Pronas/PCD - Prestação de serviços médico-assistenciais,36775,ASSOCIACAO HOSPITALAR SAO VICENTE DE PAULO,Aprovada
2025,Pronas/PCD - Prestação de serviços médico-assistenciais,37002,INSTITUTO SOPHIA VERCELLI - HABILITACAO E REABILITACAO NEUROFUNCIONAL ATIPICO,Rejeitada
2025,Pronas/PCD - Prestação de serviços médico-assistenciais,34541,"FUNDACAO TOQUE - FUNDACAO PARA O BEM-ESTAR EDUCACIONAL, ESPORTIVO, SOCIAL, CULTURAL E OCUPACIONAL DE ARARAQUARA E REGIAO - FUNBESCO",Rejeitada
2025,Pronas/PCD - Prestação de serviços médico-assistenciais,36654,A P A E DE TAQUARITUBA,Rejeitada
2025,Pronas/PCD - Prestação de serviços médico-assistenciais,35357,ASSOC PAIS AMIGOS DOS EXCEPC DE CEL FABRICIANO,Rejeitada
2025,Pronas/PCD - Prestação de serviços médico-assistenciais,36977,ASSOCIACAO DE PAIS E AMIGOS DOS EXCEPCIONAIS DE MATEUS LEME,Rejeitada
2025,Pronas/PCD - Prestação de serviços médico-assistenciais,36644,ASSOCIACAO DE PAIS E AMIGOS DOS EXCEPCIONAIS DE URUCUIA,Rejeitada
2025,Pronas/PCD - Prestação de serviços médico-assistenciais,34452,INSTITUTO ZOOM,Rejeitada
2025,Pronas/PCD - Prestação de serviços médico-assistenciais,35100,ASSOCIACAO PESTALOZZI DE AGUIA BRANCA,Rejeitada
2025,Pronas/PCD - Prestação de serviços médico-assistenciais,36844,APAE - ASSOCIACAO DE PAIS E AMIGOS DOS EXCEPCIONAIS DE BACABAL,Rejeitada
2025,Pronas/PCD - Prestação de serviços médico-assistenciais,34929,ASSOCIACAO DE EQUOTERAPIA ANJOS QUE MONTAM,Aprovada
2025,Pronas/PCD - Prestação de serviços médico-assistenciais,36794,FUNDACAO P A REAB DAS DEFORMIDADES CRANIO FACIAIS,Aprovada
2025,Pronas/PCD - Prestação de serviços médico-assistenciais,36941,ASSOCIACAO DOS PROTETORES DAS PESSOAS CARENTES,Rejeitada
2025,Pronas/PCD - Prestação de serviços médico-assistenciais,34565,ASSOCIACAO DE PAIS E AMIGOS DOS EXCEPCIONAIS DE RIO BRILHANTE,Rejeitada
2025,Pronas/PCD - Prestação de serviços médico-assistenciais,35096,ASSOCIACAO DOS PAIS E AMIGOS DOS EXCEPCIONAIS DE PASSAGEM FRANCA DO PIAUI,Em Elaboração
2025,Pronas/PCD - Prestação de serviços médico-assistenciais,35101,ASSOCIACAO DOS PAIS E AMIGOS DOS EXCEPCIONAIS DE PINHAIS,Em Análise
2025,Pronas/PCD - Prestação de serviços médico-assistenciais,35149,CENTRO DE EQUOTERAPIA ANIMAL AMIGO,Rejeitada
2025,Pronas/PCD - Prestação de serviços médico-assistenciais,35097,ASSOCIACAO DE PAIS E AMIGOS DE EXCEPCIONAIS PALMEIRAS,Rejeitada
2025,Pronas/PCD - Prestação de serviços médico-assistenciais,35091,LUTA PELA PAZ,Rejeitada
2025,Pronas/PCD - Prestação de serviços médico-assistenciais,35150,CENTRO DE INCLUSAO E ASSISTENCIA AS PESSOAS COM NECESSIDADES ESPECIAIS,Rejeitada
2025,Pronas/PCD - Prestação de serviços médico-assistenciais,35171,ASSOC DE PAIS E AMIGOS DOS EXCEPCIONAIS DE COROMANDEL,Aprovada
2025,Pronas/PCD - Prestação de serviços médico-assistenciais,35152,ASSOCIACAO DE PAIS E AMIGOS DOS EXCEPCIONAIS DE GUAIRA,Aprovada
2025,Pronas/PCD - Prestação de serviços médico-assistenciais,35174,AMA LITORAL SC,Aprovada
2025,Pronas/PCD - Prestação de serviços médico-assistenciais,35260,UNIAO OESTE PARANAENSE DE ESTUDOS E COMBATE AO CANCER,Rejeitada
2025,Pronas/PCD - Prestação de serviços médico-assistenciais,35212,ASSOC DE PAIS E AMIGOS DOS EXCEPCIONAIS APAE DE DIADEMA,Em Elaboração
2025,Pronas/PCD - Prestação de serviços médico-assistenciais,35195,ASSOCIACAO DE PAIS E AMIGOS DOS EXCEPCIONAIS DE SAO JOAO DA BARRA,Rejeitada
2025,Pronas/PCD - Prestação de serviços médico-assistenciais,35237,ASSOCIACAO DE PAIS E AMIGOS DOS EXCEPCIONAIS DE DESCANSO,Rejeitada
2025,Pronas/PCD - Prestação de serviços médico-assistenciais,35257,ASSOCIACAO DE PAIS E AMIGOS DOS EXCEPCIONAIS DE AGUDOS DO SUL,Rejeitada
2025,Pronas/PCD - Prestação de serviços médico-assistenciais,35211,INSTITUTO PARANAENSE DE CEGOS - IPC,Rejeitada
2025,Pronas/PCD - Prestação de serviços médico-assistenciais,35244,ASSOCIACAO DE PAIS E AMIGOS DOS EXCEPCIONAIS,Aprovada
2025,Pronas/PCD - Prestação de serviços médico-assistenciais,35191,INSTITUTO DANIEL DIAS - IDD,Rejeitada
2025,Pronas/PCD - Prestação de serviços médico-assistenciais,35233,A P A E ASSOCIACAO PAIS E AMIGOS DOS EXCEP DE SOROCABA,Em Elaboração
2025,Pronas/PCD - Prestação de serviços médico-assistenciais,35214,ASSOCIACAO DE PAIS E AMIGOS DOS EXCEPCIONAIS DE A PRADO,Rejeitada
2025,Pronas/PCD - Prestação de serviços médico-assistenciais,35282,INSTITUTO DA PRIMEIRA INFANCIA,Em Elaboração
2025,Pronas/PCD - Prestação de serviços médico-assistenciais,35290,ASSOCIACAO DE PAIS E AMIGOS DOS EXCEPCIONAIS,Rejeitada
2025,Pronas/PCD - Prestação de serviços médico-assistenciais,35272,TAPERA DAS ARTES,Em Elaboração
2025,Pronas/PCD - Prestação de serviços médico-assistenciais,35324,ASSOCIACAO DE PAIS E AMIGOS DOS EXCEPCIONAIS DE S LUIZ,Em Elaboração
2025,Pronas/PCD - Prestação de serviços médico-assistenciais,35289,CASA DE DAVID TABERNACULO ESPIRITA PARA EXCEPCIONAIS,Rejeitada
2025,Pronas/PCD - Prestação de serviços médico-assistenciais,35301,ASSOCIACAO DE PAIS E AMIGOS DO CENTRO DE REABILITACAO,Rejeitada
2025,Pronas/PCD - Prestação de serviços médico-assistenciais,35281,INSTITUTO AVENCER,Rejeitada
2025,Pronas/PCD - Prestação de serviços médico-assistenciais,35266,ASSOCIACAO DE PAIS E AMIGOS DOS EXCEPCIONAIS DE S LUIZ,Aprovada
2025,Pronas/PCD - Prestação de serviços médico-assistenciais,35351,A P A E DE TAQUARITUBA,Em Elaboração
2025,Pronas/PCD - Prestação de serviços médico-assistenciais,36770,ASSOCIACAO DE PAIS E AMIGOS DOS EXCEPCIONAIS,Aprovada
2025,Pronas/PCD - Prestação de serviços médico-assistenciais,32776,ASSOCIACAO DE PAIS E AMIGOS DOS EXCEPCIONAIS DE TATUI,Em Elaboração
2025,Pronas/PCD - Prestação de serviços médico-assistenciais,34487,INSTITUTO MAIS IDENTIDADE,Aprovada
2025,Pronas/PCD - Prestação de serviços médico-assistenciais,89654,ASSOCIACAO DE PAIS E AMIGOS DOS EXCEPCIONAIS - APAE DE OLIVEIRA,Aprovada
2025,Pronas/PCD - Prestação de serviços médico-assistenciais,30791,ASSOCIACAO PAIS AMIGOS EXCEPCIONAIS-APAE JOAO PINHEIRO,Aprovada
2025,Pronas/PCD - Prestação de serviços médico-assistenciais,30822,"AUE - ALTERIDADE, UTOPIA, EUDAIMONIA",Aprovada
2025,Pronas/PCD - Prestação de serviços médico-assistenciais,30349,ASSOCIACAO DE PAIS E AMIGOS DOS EXCEPCIONAIS DE OEIRAS,Rejeitada
2025,Pronas/PCD - Prestação de serviços médico-assistenciais,30781,ASSOCIACAO CULTURAL EDUCACIONAL SOCIAL E ASSISTENCIAL CAPUAVA,Aprovada
2025,Pronas/PCD - Prestação de serviços médico-assistenciais,36188,ASSOCIACAO DE PAIS E AMIGOS DOS EXCEPCIONAIS DE INHAPIM,Aprovada
2025,Pronas/PCD - Prestação de serviços médico-assistenciais,36179,ASSOCIACAO DE PAIS E AMIGOS DOS EXCEPCIONAIS DE S PAULO,Rejeitada
2025,Pronas/PCD - Prestação de serviços médico-assistenciais,36175,A P A E ASSOCIACAO PAIS E AMIGOS DOS EXCEP DE SOROCABA,Rejeitada
2025,Pronas/PCD - Prestação de serviços médico-assistenciais,36274,APAE - ASSOCIACAO DE PAIS E AMIGOS DOS EXEPCIONAIS DE BOCAIUVA,Em Elaboração
2025,Pronas/PCD - Prestação de serviços médico-assistenciais,36498,RITMOS DO CORACAO,Aprovada
2025,Pronas/PCD - Prestação de serviços médico-assistenciais,45273,ASSOC DE PAIS E AMIGOS DOS EXCEPCIONAIS DE NOVA ERA,Aprovada
2025,Pronas/PCD - Prestação de serviços médico-assistenciais,36243,ASSOCIACAO DE PAIS E AMIGOS DOS EXCEPCIONAIS DE ANCHIET,Rejeitada
2025,Pronas/PCD - Prestação de serviços médico-assistenciais,36260,ASSOCIACAO DE PAIS E PESSOAS COM DEFICIENCIA DE POCO FUNDO,Rejeitada
2025,Pronas/PCD - Prestação de serviços médico-assistenciais,36327,ASSOCIACAO PAIS E AMIGOS DOS EXCEPCIONAIS S.J.TRIUNFO,Em Elaboração
2025,Pronas/PCD - Prestação de serviços médico-assistenciais,36261,ASSOC. DE PAIS E AMIGOS DOS EXCEP. DE RONDON DO PARA - APAE,Rejeitada
2025,Pronas/PCD - Prestação de serviços médico-assistenciais,36293,ASSOCIACAO DE ASSISTENCIA A CRIANCA E AO ADOLESCENTE COM DEFICIENCIA DE UMBURANAS - AACADU,Em Análise
2025,Pronas/PCD - Prestação de serviços médico-assistenciais,36302,CENTRO DE ESTIMULACAO PRECOCE E INTEGRACAO SENSORIAL JUAN GABRIEL,Em Elaboração
2025,Pronas/PCD - Prestação de serviços médico-assistenciais,36301,IRMANDADE NOSSA SENHORA DAS MERCES DE MONTES CLAROS,Em Elaboração
2025,Pronas/PCD - Prestação de serviços médico-assistenciais,36281,ASSOCIACAO DE PAIS E AMIGOS DOS EXCEPCIONAIS DE SANTA CRUZ DO SUL-APAE,Rejeitada
2025,Pronas/PCD - Prestação de serviços médico-assistenciais,36275,ASSOCIACAO DAS CRIANCAS AUTISTAS DE SENHOR DO BONFIM,Em Elaboração
2025,Pronas/PCD - Prestação de serviços médico-assistenciais,36315,ASSOC TERAPEUTICA DE ESTIMULACAO AUDITIVA E LINGUAGEM,Aprovada
2025,Pronas/PCD - Prestação de serviços médico-assistenciais,36285,TAPERA DAS ARTES,Rejeitada
2025,Pronas/PCD - Prestação de serviços médico-assistenciais,36294,ASSOCIACAO PESTALOZZI DE FORTALEZA,Em Elaboração
2025,Pronas/PCD - Prestação de serviços médico-assistenciais,36286,ASSOCIACAO DE PAIS E AMIG DOS EXCEPCIO DE J DE FREITAS,Aprovada
2025,Pronas/PCD - Prestação de serviços médico-assistenciais,36303,ASSOC DE PAIS E AMIGOS DOS EXCEPCIONAIS DE MINACU GO,Rejeitada
2025,Pronas/PCD - Prestação de serviços médico-assistenciais,36317,IRMANDADE NOSSA SENHORA DAS DORES,Em Elaboração
2025,Pronas/PCD - Prestação de serviços médico-assistenciais,36283,ASSOCIACAO PESTALOZZI DE ATILIO VIVACQUA,Em Elaboração
2025,Pronas/PCD - Prestação de serviços médico-assistenciais,36279,SER EM CENA,Rejeitada
2025,Pronas/PCD - Prestação de serviços médico-assistenciais,36297,ASSOCIACAO DE PAIS E AMIGOS DOS EXCEPCIONAIS DE ARINOS,Aprovada
2025,Pronas/PCD - Prestação de serviços médico-assistenciais,36280,ASSOCIACAO DE PAIS E AMIGOS DOS EXCEPCIONAIS,Aprovada
2025,Pronas/PCD - Prestação de serviços médico-assistenciais,36298,ASSOCIACAO DOS PAIS E AMIGOS DOS EXCEPCIONAIS DE PASSAGEM FRANCA DO PIAUI,Aprovada
2025,Pronas/PCD - Prestação de serviços médico-assistenciais,36325,ASSOCIACAO BLUMENAUENSE DE AMIGOS DE PESSOAS COM DEFICIENCIA AUDITIVA - ABADA,Rejeitada
2025,Pronas/PCD - Prestação de serviços médico-assistenciais,36310,ASSOCIACAO HOSPITALAR SANTA ROSA,Em Elaboração
2025,Pronas/PCD - Prestação de serviços médico-assistenciais,36324,METASTASE DO AMOR,Em Elaboração
2025,Pronas/PCD - Prestação de serviços médico-assistenciais,36306,SOCIEDADE BENEF ISRAELITABRAS HOSPITAL ALBERT EINSTEIN,Rejeitada
2025,Pronas/PCD - Prestação de serviços médico-assistenciais,36312,ASSOCIACAO DAS FAMILIAS DE PECEM,Rejeitada
2025,Pronas/PCD - Prestação de serviços médico-assistenciais,36321,APAE SU AS DE PAIS E AMIGOS DOS EXCEPCIONAIS DE SUZANO,Em Elaboração
2025,Pronas/PCD - Prestação de serviços médico-assistenciais,36299,APAE DE CARMO DO PARANAIBA,Aprovada
2025,Pronas/PCD - Prestação de serviços médico-assistenciais,36287,ASSOCIACAO DOS DEFICIENTES FISICOS DE MARIBONDO - ADEFIMAR,Aprovada
2025,Pronas/PCD - Prestação de serviços médico-assistenciais,36336,INSTITUTO OLGA KOS DE INCLUSAO CULTURAL,Em Elaboração
2025,Pronas/PCD - Prestação de serviços médico-assistenciais,36340,ASSOCIACAO DE PAIS E AMIGOS DOS EXCEPCIONAIS,Em Elaboração
2025,Pronas/PCD - Prestação de serviços médico-assistenciais,46552,INSTITUTO OLGA KOS DE INCLUSAO CULTURAL,Aprovada
2025,Pronas/PCD - Prestação de serviços médico-assistenciais,36339,ASSOCIACAO DE PAIS E AMIGOS DO AUTISTA DE ITAJAI,Em Elaboração
2025,Pronas/PCD - Prestação de serviços médico-assistenciais,36499,FUNDACAO DE EDUC E CULTURA DO SPORT CLUB INTERNACIONAL,Em Elaboração
2025,Pronas/PCD - Prestação de serviços médico-assistenciais,36486,ASSOCIACAO PESTALOZZI DE BARRA DO PIRAI,Aprovada
2025,Pronas/PCD - Prestação de serviços médico-assistenciais,36503,ASSOCIACAO DE PAIS E AMIGOS DOS EXCEPCIONAIS DE OURO BRANCO,Em Elaboração
2025,Pronas/PCD - Prestação de serviços médico-assistenciais,36495,INSTITUTO CAPIXABA DE SAUDE,Em Elaboração
2025,Pronas/PCD - Prestação de serviços médico-assistenciais,36313,ASSOCIACAO DE PAIS E AMIGOS DOS EXCEPCIONAIS DE GOIOERE,Aprovada
2025,Pronas/PCD - Prestação de serviços médico-assistenciais,36522,ASSOCIACAO DE MAES E AMIGOS DO AUTISTA DE HORTOLANDIA - SAO PAULO - AMAAHSP,Em Elaboração
2025,Pronas/PCD - Prestação de serviços médico-assistenciais,36513,ASSOCIACAO DE PAIS E AMIGOS DOS EXCEPCIONAIS APAE,Aprovada
2025,Pronas/PCD - Prestação de serviços médico-assistenciais,36492,ASSOCIACAO DE PAIS E AMIGOS DOS EXCEPCIONAIS DE GANDU,Rejeitada
2025,Pronas/PCD - Prestação de serviços médico-assistenciais,36502,ASSOCIACAO DE PAIS E AMIGOS DOS EXCEPCIONAIS,Rejeitada
2025,Pronas/PCD - Prestação de serviços médico-assistenciais,36507,APAE SU AS DE PAIS E AMIGOS DOS EXCEPCIONAIS DE SUZANO,Rejeitada
2025,Pronas/PCD - Prestação de serviços médico-assistenciais,36494,ASSOCIACAO DE PAIS E AMIGOS DOS EXCEPCIONAIS,Rejeitada
2025,Pronas/PCD - Prestação de serviços médico-assistenciais,36511,ASSOCIACAO DE PAIS E AMIGOS DOS EXCEPCIONAIS DE GUANHAES,Em Elaboração
2025,Pronas/PCD - Prestação de serviços médico-assistenciais,36501,ASSOCIACAO PESTALOZZI DE AQUIDAUANA,Aprovada
2025,Pronas/PCD - Prestação de serviços médico-assistenciais,36600,ASSOCIACAO PESTALOZZI DE SANTA TERESA,Aprovada
2025,Pronas/PCD - Prestação de serviços médico-assistenciais,36615,ASSOCIACAO DE PAIS E AMIGOS DO EXCEPCIONAL,Rejeitada
2025,Pronas/PCD - Prestação de serviços médico-assistenciais,36605,ASSOCIACAO DOS PAIS E AMIGOS DOS EXCEP DE PONTAL APAE,Em Elaboração
2025,Pronas/PCD - Prestação de serviços médico-assistenciais,36624,APAE DE MORRO DA FUMACA,Rejeitada
2025,Pronas/PCD - Prestação de serviços médico-assistenciais,36601,ASSOCIACAO DE PAIS E AMIGOS DOS EXCEPCIONAIS DE LUIS EDUARDO MAGALHAES,Rejeitada
2025,Pronas/PCD - Prestação de serviços médico-assistenciais,36579,ASS DE PAIS E AMIGOS DOS EXCEPCIONAIS DE R SANTANA,Rejeitada
2025,Pronas/PCD - Prestação de serviços médico-assistenciais,36636,APAE - ASSOCIACAO DE PAIS E AMIGOS DOS EXCEPCIONAIS DE IGUAT,Aprovada
2025,Pronas/PCD - Prestação de serviços médico-assistenciais,36599,ASSOCIACAO DE PAIS E AMIGOS DOS EXCEPCIONAIS DE IVATE,Rejeitada
2025,Pronas/PCD - Prestação de serviços médico-assistenciais,36592,ASSOCIACAO DE PAIS E AMIGOS DOS EXCEPCIONAIS DE JAPURA - APAE DE JAPURA,Em Elaboração
2025,Pronas/PCD - Prestação de serviços médico-assistenciais,36589,ASS DE PAIS E AMIGOS DOS EXCEPCIONAIS DE PARA DE MINAS,Aprovada
2025,Pronas/PCD - Prestação de serviços médico-assistenciais,36588,ASSOCIACAO DE PAIS E AMIGOS DOS EXCEPCIONAIS,Em Elaboração
2025,Pronas/PCD - Prestação de serviços médico-assistenciais,36631,ASSOCIACAO DE PAIS E AMIGOS DOS EXCEPCIONAIS DE RECIFE-PE,Aprovada
2025,Pronas/PCD - Prestação de serviços médico-assistenciais,36590,ASSOCIACAO DE MAES E AMIGOS DO AUTISTA DE HORTOLANDIA - SAO PAULO - AMAAHSP,Aprovada
2025,Pronas/PCD - Prestação de serviços médico-assistenciais,36630,ASSOCIACAO DE PAIS E AMIGOS EXCEPCIONAIS DE MOZARLANDIA,Rejeitada
2025,Pronas/PCD - Prestação de serviços médico-assistenciais,36607,FUNDACAO PARA O ESTUDO E TRATAM.DAS DEFOR CRANIOFACIAIS,Rejeitada
2025,Pronas/PCD - Prestação de serviços médico-assistenciais,36585,ASSOCIACAO PESTALOZZI DE RIO NOVO DO SUL,Rejeitada
2025,Pronas/PCD - Prestação de serviços médico-assistenciais,36594,ASSOCIACAO DE PAIS E AMIGOS DOS EXCEPCIONAIS DE JAPURA - APAE DE JAPURA,Rejeitada
2025,Pronas/PCD - Prestação de serviços médico-assistenciais,36577,ASSOCIACAO PARAIBANA DE INCLUSAO DA PESSOA COM DEFICIENCIA,Aprovada
2025,Pronas/PCD - Prestação de serviços médico-assistenciais,36619,PLENUS- AMIGOS DO BEM,Rejeitada
2025,Pronas/PCD - Prestação de serviços médico-assistenciais,36628,ASSOCIACAO DE PAIS E AMIGOS DOS DEFICIENTES AUDITIVOS.,Rejeitada
2025,Pronas/PCD - Prestação de serviços médico-assistenciais,36596,ASSOCIACAO DE PAIS E AMIGOS DOS EXCEPCIONAIS,Aprovada
2025,Pronas/PCD - Prestação de serviços médico-assistenciais,36646,ASSOC DE PAIS E AMIGOS DOSEXCEP DE VENDA NOVA IMIGRANTE,Rejeitada
2025,Pronas/PCD - Prestação de serviços médico-assistenciais,36632,ASSOCIACAO DE PAIS E AMIGOS DOS EXCEPCIONAIS DE LAGES,Rejeitada
2025,Pronas/PCD - Prestação de serviços médico-assistenciais,36602,ASSOCIACAO DE PAIS E AMIGOS DOS EXCEPCIONAIS DE DOURADINA,Rejeitada
2025,Pronas/PCD - Prestação de serviços médico-assistenciais,36587,ASSOCIACAO DE PAIS E AMIGOS DOS EXCEPCIONAIS DE JEQUIE,Rejeitada
2025,Pronas/PCD - Prestação de serviços médico-assistenciais,36622,SANTA CASA DE MISERICORDIA DE VOTUPORANGA,Rejeitada
2025,Pronas/PCD - Prestação de serviços médico-assistenciais,36611,ASSOCIACAO DE PAIS E AMIGOS DOS EXCEPCIONAIS DE APAE MATIAS OLIMPIO,Rejeitada
2025,Pronas/PCD - Prestação de serviços médico-assistenciais,36595,ASSOCIACAO VIDA ATIVA SAO JOSE,Rejeitada
2025,Pronas/PCD - Prestação de serviços médico-assistenciais,36627,ASSOCIACAO DE PAIS E AMIGOS DOS EXCEPCIONAIS - APAE DE SABINOPOLIS,Em Elaboração
2025,Pronas/PCD - Prestação de serviços médico-assistenciais,36633,"ASSOCIACAO DE GESTAO, INOVACAO E RESULTADOS EM SAUDE",Em Elaboração
2025,Pronas/PCD - Prestação de serviços médico-assistenciais,36710,CENTRO DE INTEGRACAO A SAUDE CRISTO REI - CISCREI,Em Elaboração
2025,Pronas/PCD - Prestação de serviços médico-assistenciais,36686,APAE ASSOC DE PAIS E AMIGOS DOS EXCEP DE F DE SANTANA,Rejeitada
2025,Pronas/PCD - Prestação de serviços médico-assistenciais,36684,ASSOCIACAO DE PAIS E AMIGOS DOS EXCEPCIONAIS FCO MORATO,Em Análise
2025,Pronas/PCD - Prestação de serviços médico-assistenciais,36671,ASSOCIACAO DE PAIS E AMIGOS DOS EXCEPCIONAIS DE LENCOIS PAULISTA,Aprovada
2025,Pronas/PCD - Prestação de serviços médico-assistenciais,36670,APAE ASSOCIACAO PAIS AMIGOS EXCEPCIONAIS GOV VALADARES,Rejeitada
2025,Pronas/PCD - Prestação de serviços médico-assistenciais,36697,ASSOCIACAO DE PAIS E AMIGOS DOS EXCEPCIONAIS DE FLORIANOPOLIS,Rejeitada
2025,Pronas/PCD - Prestação de serviços médico-assistenciais,36714,ASS DE PAIS E AMIGOS DOS EXCEPCIONAIS DE SALVADOR,Rejeitada
2025,Pronas/PCD - Prestação de serviços médico-assistenciais,36667,ASSOCIACAO DE PAIS E AMIGOS DOS EXCEPCIONAIS DE PECANHA,Em Elaboração
2025,Pronas/PCD - Prestação de serviços médico-assistenciais,36818,ASSOCIACAO DE PAIS E AMIGOS DOS EXCEPCIONAIS DE MIRANORTE,Rejeitada
2025,Pronas/PCD - Prestação de serviços médico-assistenciais,36708,ASSOCIACAO DOS PAIS E AMIGOS DOS EXCEP DE PONTAL APAE,Rejeitada
2025,Pronas/PCD - Prestação de serviços médico-assistenciais,36694,ASSOCIACAO DE PAIS E AMIGOS DOS EXCEPCIONAIS DE UNAI,Aprovada
2025,Pronas/PCD - Prestação de serviços médico-assistenciais,36655,ASSOCIACAO DE PAIS E AMIGOS DOS EXCEPCIONAIS STO ANDRE,Rejeitada
2025,Pronas/PCD - Prestação de serviços médico-assistenciais,36593,ASSOCIACAO DE PAIS E AMIGOS DOS EXCEPCIONAIS DE M GUACU,Rejeitada
2025,Pronas/PCD - Prestação de serviços médico-assistenciais,36700,ASSOCIACAO HOSPITALAR SANTA ROSA,Rejeitada
2025,Pronas/PCD - Prestação de serviços médico-assistenciais,36643,ASSOCIACAO DE PAIS E AMIGOS DOS EXCEPCIONAIS DE COLMEIA,Aprovada
2025,Pronas/PCD - Prestação de serviços médico-assistenciais,36672,INSTITUTO DE MEDICINA INTEGRAL PROFESSOR FERNANDO FIGUEIRA - IMIP,Aprovada
2025,Pronas/PCD - Prestação de serviços médico-assistenciais,36682,ASSOCIACAO DE PAIS E AMIGOS DOS EXCEPCIONAIS DE VILA VALERIO,Aprovada
2025,Pronas/PCD - Prestação de serviços médico-assistenciais,36674,FUNDACAO JOAO THEODOSIO ARAUJO - EM INTERVENCAO,Rejeitada
2025,Pronas/PCD - Prestação de serviços médico-assistenciais,36705,ASSOCIACAO DE PAIS E AMIGOS DOS EXCEPCIONAIS DE MAFRA,Rejeitada
2025,Pronas/PCD - Prestação de serviços médico-assistenciais,36679,ASSOCIACAO PODE - PORTADORES DE DIREITOS ESPECIAIS,Rejeitada
2025,Pronas/PCD - Prestação de serviços médico-assistenciais,36678,IMAPA - INSTITUTO MATOGROSSENSE DE APOIO AOS AUTISTAS,Aprovada
2025,Pronas/PCD - Prestação de serviços médico-assistenciais,36688,ASSOC PAIS AMIGOS DOS EXCEPCIONAIS DE POMERODE,Aprovada
2025,Pronas/PCD - Prestação de serviços médico-assistenciais,36681,ASSOCIACAO DE PAIS E AMIGOS DOS EXCEPCIONAIS DE CACHOEIRA DE MINAS,Rejeitada
2025,Pronas/PCD - Prestação de serviços médico-assistenciais,36673,APAE-ASSOCIACAO DE PAIS E AMIGOS DOS EXCEPCIONAIS DE GUARATINGA,Aprovada
2025,Pronas/PCD - Prestação de serviços médico-assistenciais,36669,SORRI-BAURU,Rejeitada
2025,Pronas/PCD - Prestação de serviços médico-assistenciais,36675,ASSOCIACAO DE PAIS E AMIGOS DOS EXCEPCIONAIS DE TUNAPOLIS - APAE,Aprovada
2025,Pronas/PCD - Prestação de serviços médico-assistenciais,36715,ASSOCIACAO COLIBRI,Em Elaboração
2025,Pronas/PCD - Prestação de serviços médico-assistenciais,36709,ASSOCIACAO DE PAIS E AMIGOS DOS EXCEPCIONAIS,Rejeitada
2025,Pronas/PCD - Prestação de serviços médico-assistenciais,36664,ASSOCIACAO DE PAIS E AMIGOS DOS EXCEPCIONAIS DE S P PR,Rejeitada
2025,Pronas/PCD - Prestação de serviços médico-assistenciais,36680,ASSOCIACAO DE PAIS E AMIGOS DOS EXCEPCIONAIS DE PECANHA,Rejeitada
2025,Pronas/PCD - Prestação de serviços médico-assistenciais,31001,ASSOCIACAO DE PAIS E AMIGOS DOS EXCEP DE BAIXO GUANDU,Aprovada
2025,Pronas/PCD - Prestação de serviços médico-assistenciais,36789,CONGREGACAO DAS IRMAS SALESIANAS DOS SAGRADOS CORACOES,Rejeitada
2025,Pronas/PCD - Prestação de serviços médico-assistenciais,36745,ASSOCIACAO DE PAIS E AMIGOS DOS EXCEPCIONAIS DE IGREJINHA,Aprovada
2025,Pronas/PCD - Prestação de serviços médico-assistenciais,36787,INSTITUTO MOREIRA DE SOUSA,Rejeitada
2025,Pronas/PCD - Prestação de serviços médico-assistenciais,36746,ASSOCIACAO DE APOIO A PESSOA ONCOLOGICA E AO IDOSO,Rejeitada
2025,Pronas/PCD - Prestação de serviços médico-assistenciais,36849,ASSOCIACAO DE PAIS E AMIGOS DO AUTISTA DE ITAJAI,Rejeitada
2025,Pronas/PCD - Prestação de serviços médico-assistenciais,36762,ASSOCIACAO HOSPITALAR SAO VICENTE DE PAULO,Em Elaboração
2025,Pronas/PCD - Prestação de serviços médico-assistenciais,36683,IRMANDADE DA SANTA CASA DE MISERICORDIA DE SAO PAULO,Rejeitada
2025,Pronas/PCD - Prestação de serviços médico-assistenciais,36749,INSTITUTO SERCOG,Rejeitada
2025,Pronas/PCD - Prestação de serviços médico-assistenciais,36772,FUNDACAO VARGINHENSE DE ASSISTENCIA AOS EXCEPCIONAIS,Rejeitada
2025,Pronas/PCD - Prestação de serviços médico-assistenciais,36719,ASSOCIACAO CASA DA ESPERANCA E CIDADANIA ''DR LEAO DE MOURA'',Em Análise
2025,Pronas/PCD - Prestação de serviços médico-assistenciais,36730,ASSOCIACAO DE PAIS E AMIGOS DOS EXCEPCIONAIS DE PEDERS,Aprovada
2025,Pronas/PCD - Prestação de serviços médico-assistenciais,36284,ASSOCIACAO PESTALOZZI DE ATILIO VIVACQUA,Aprovada
2025,Pronas/PCD - Prestação de serviços médico-assistenciais,36736,ASSOCIACAO DE PAIS E AMIGOS DOS EXCEPCIONAIS DE ELDORADO DO CARAJAS-PARA,Em Elaboração
2025,Pronas/PCD - Prestação de serviços médico-assistenciais,36791,ASSOCIACAO DE PAIS E AMIGOS DOS EXCEPCIONAIS DE VIANA,Rejeitada
2025,Pronas/PCD - Prestação de serviços médico-assistenciais,36751,ASSOCIACAO DE PAIS E AMIGOS DOS EXCEPCIONAIS DE RIBEIRAO CLARO,Em Elaboração
2025,Pronas/PCD - Prestação de serviços médico-assistenciais,36748,ASSOCIACAO DE PAIS E AMIGOS DOS EXCEPCIONAIS,Rejeitada
2025,Pronas/PCD - Prestação de serviços médico-assistenciais,36718,INSTITUTO ARTICULACAO DE TECNOLOGIAS SOCIAIS E ACOES FORMATIVAS,Rejeitada
2025,Pronas/PCD - Prestação de serviços médico-assistenciais,36750,INSTITUTO DE CLINICA E CIRURGIA SANTA CATARINA,Rejeitada
2025,Pronas/PCD - Prestação de serviços médico-assistenciais,36755,ASSOCIACAO PESTALOZZI DE PONTO BELO - ES,Rejeitada
2025,Pronas/PCD - Prestação de serviços médico-assistenciais,36742,ASSOCIACAO DE PAIS E AMIGOS DOS AUTISTAS DE CACHOEIRINHA PAIS E AMOR,Rejeitada
2025,Pronas/PCD - Prestação de serviços médico-assistenciais,36768,ASSOCIACAO DE PAIS E AMIGOS DOS EXCEPCIONAIS DE PIRACURUCA - APAE,Em Elaboração
2025,Pronas/PCD - Prestação de serviços médico-assistenciais,36723,ASSOCIACAO COLIBRI,Rejeitada
2025,Pronas/PCD - Prestação de serviços médico-assistenciais,36760,SANTA CASA DE MISERICORDIA DE BELO HORIZONTE,Rejeitada
2025,Pronas/PCD - Prestação de serviços médico-assistenciais,36753,INSTITUTO HEITOR COELHO - IHC,Em Elaboração
2025,Pronas/PCD - Prestação de serviços médico-assistenciais,36727,ASSOC DE PAIS E AMIGOS DOS EXCEP DE BOM RETIRO DO SUL,Aprovada
2025,Pronas/PCD - Prestação de serviços médico-assistenciais,36735,ASSOCIACAO DE PAIS E AMIGOS DOS EXCEPCIONAIS DE LOANDA,Aprovada
2025,Pronas/PCD - Prestação de serviços médico-assistenciais,36779,ASSOCIACAO PESTALOZZI DE MACEIO,Rejeitada
2025,Pronas/PCD - Prestação de serviços médico-assistenciais,36754,ASS DE PAIS E AMIGOS DOS EXCEPCIONAIS DE ITABAIANA,Aprovada
2025,Pronas/PCD - Prestação de serviços médico-assistenciais,36734,FUNDACAO FACULDADE REGIONAL DE MEDICINA S J RIO PRETO,Rejeitada
2025,Pronas/PCD - Prestação de serviços médico-assistenciais,36784,APAE DE SANTA MARIA DE JETIBA,Aprovada
2025,Pronas/PCD - Prestação de serviços médico-assistenciais,36720,HOSPITAL EVANGELICO DE CACHOEIRO DE ITAPEMIRIM,Rejeitada
2025,Pronas/PCD - Prestação de serviços médico-assistenciais,36737,ASSOCIACAO DE PAIS E AMIGOS DOS EXCEPCIONAIS DE SENHORA DE OLIVEIRA - MG,Rejeitada
2025,Pronas/PCD - Prestação de serviços médico-assistenciais,36826,ASSOCIACAO DE PAIS E AMIGOS DOS EXCEPCIONAIS,Em Elaboração
2025,Pronas/PCD - Prestação de serviços médico-assistenciais,36854,ASSOCIACAO DE PAIS E AMIGOS DOS EXCEPCIONAIS DE SANTA MONICA,Aprovada
2025,Pronas/PCD - Prestação de serviços médico-assistenciais,36823,ASSOCIACAO DE PAIS E AMIGOS DOS EXCEPCIONAIS,Aprovada
2025,Pronas/PCD - Prestação de serviços médico-assistenciais,36822,ASSOCIACAO DE PAIS E AMIGOS DOS EXCEPCIONAIS APAE DE JUAZEIRO DO NORTE,Rejeitada
2025,Pronas/PCD - Prestação de serviços médico-assistenciais,36850,ASSOCIACAO DE PAIS E AMIGOS DOS EXCEPCIONAIS DE PEREIRA BARRETO,Rejeitada
2025,Pronas/PCD - Prestação de serviços médico-assistenciais,36847,ASSOCIACAO DOS PAIS E AMIGOS DOS EXCEPCIONAIS DE ZE DOCA,Rejeitada
2025,Pronas/PCD - Prestação de serviços médico-assistenciais,36819,COTOLENGO SUL-MATOGROSSENSE,Aprovada
2025,Pronas/PCD - Prestação de serviços médico-assistenciais,36834,ASSOCIACAO SOCIAL PARA EDUCACAO E TRATAMENTO DOS EXCEPCIONAIS,Em Elaboração
2025,Pronas/PCD - Prestação de serviços médico-assistenciais,36864,ASSOCIACAO PESTALOZZI DE ITABORAI,Rejeitada
2025,Pronas/PCD - Prestação de serviços médico-assistenciais,36861,ASSOC PAIS AMIGOS DOS EXCEPCIONAIS DE S VICENTE MINAS,Aprovada
2025,Pronas/PCD - Prestação de serviços médico-assistenciais,36804,ASSOCIACAO FILANTROPICA MONTES BELOS SOLIDARIA,Aprovada
2025,Pronas/PCD - Prestação de serviços médico-assistenciais,36809,ASSOC. DE PAIS E AMIGOS DO S EXCEP PARAISO DO TOCANTINS,Aprovada
2025,Pronas/PCD - Prestação de serviços médico-assistenciais,36858,CLINICA BATISTA PEGGY PEMBLE,Rejeitada
2025,Pronas/PCD - Prestação de serviços médico-assistenciais,36807,ASSOCIACAO DE PAIS E AMIGOS DOS EXCEPCIONAIS DE MONTENEGRO,Rejeitada
2025,Pronas/PCD - Prestação de serviços médico-assistenciais,36808,ASSOCIACAO PESTALOZZI DE ECOPORANGA ES,Rejeitada
2025,Pronas/PCD - Prestação de serviços médico-assistenciais,36793,APAE - ASSOCIACAO DE PAIS E AMIGOS DOS EXEPCIONAIS DE BOCAIUVA,Rejeitada
2025,Pronas/PCD - Prestação de serviços médico-assistenciais,36801,ASSOCIACAO DE PAIS E AMIGOS DOS EXCEPCIONAIS,Aprovada
2025,Pronas/PCD - Prestação de serviços médico-assistenciais,36816,ASSOCIACAO DE PAIS E AMIGOS DOS EXCEPCIONAIS DE BELO HORIZONTE - APAE BH,Rejeitada
2025,Pronas/PCD - Prestação de serviços médico-assistenciais,36845,ASSOC DE PAIS E AMIGOS DOS EXCEPCIONAIS DE SAO MARTINHO,Rejeitada
2025,Pronas/PCD - Prestação de serviços médico-assistenciais,36863,ASSOCIACAO DE PAIS E AMIGOS DOS EXCEPCIONAIS ITUMBIARA,Rejeitada
2025,Pronas/PCD - Prestação de serviços médico-assistenciais,36798,ASSOCIACAO DE PAIS E AMIGOS DOS EXCEPCIONAIS DE BALNEARIO RINCAO,Rejeitada
2025,Pronas/PCD - Prestação de serviços médico-assistenciais,36852,REDE PAULO DE TARSO,Rejeitada
2025,Pronas/PCD - Prestação de serviços médico-assistenciais,36273,ASSOCIACAO MINEIRA DO ACIDENTE VASCULAR CEREBRAL,Rejeitada
2025,Pronas/PCD - Prestação de serviços médico-assistenciais,33612,ASSOCIACAO DE PAIS AMIGOS DOS EXCEPCIONAIS DA FELIZ,Aprovada
2025,Pronas/PCD - Prestação de serviços médico-assistenciais,36866,ASSOCIACAO DE PAIS E AMIGOS DOS EXCEPCIONAIS DE SAO FELIX DO XINGU,Em Elaboração
2025,Pronas/PCD - Prestação de serviços médico-assistenciais,36815,ASSOCIACAO DE PAIS E AMIGOS DOS EXCEPCIONAIS DE PALMAS,Rejeitada
2025,Pronas/PCD - Prestação de serviços médico-assistenciais,36821,ASSOCIACAO DE PAIS E AMIGOS DOS EXCEPCIONAIS DE MARAU,Aprovada
2025,Pronas/PCD - Prestação de serviços médico-assistenciais,36812,ASSOCIACAO DE PAIS E AMIGOS DOS EXCEPCIONAIS,Em Elaboração
2025,Pronas/PCD - Prestação de serviços médico-assistenciais,36831,ASSOCIACAO DE PAIS E AMIGOS DOS EXCEPCIONAIS DE SAO FELIX DO XINGU,Em Elaboração
2025,Pronas/PCD - Prestação de serviços médico-assistenciais,36835,ASSOCIACAO DE PAIS E AMIGOS DOS EXCEPCIONAIS DE CORUMBA,Aprovada
2025,Pronas/PCD - Prestação de serviços médico-assistenciais,36865,PEQUENO COTOLENGO DO PARANA DOM ORIONE,Aprovada
2025,Pronas/PCD - Prestação de serviços médico-assistenciais,36840,INSTITUTO ALCIDES D' ANDRADE LIMA,Rejeitada
2025,Pronas/PCD - Prestação de serviços médico-assistenciais,36800,INSTITUTO VIDA E SAUDE - INVISA,Rejeitada
2025,Pronas/PCD - Prestação de serviços médico-assistenciais,36813,ASSOCIACAO DE PAIS E AMIGOS DOS EXCEPCIONAIS DE NOVA OLINDA,Rejeitada
2025,Pronas/PCD - Prestação de serviços médico-assistenciais,36795,ASSOCIACAO DE PAIS E AMIGOS DOS EXCEPCIONAIS DE MACATUBA,Em Análise
2025,Pronas/PCD - Prestação de serviços médico-assistenciais,36856,ASSOCIACAO DOS PROTETORES DAS PESSOAS CARENTES,Em Elaboração
2025,Pronas/PCD - Prestação de serviços médico-assistenciais,36914,ASSOCIACAO DE PAIS E AMIGOS DOS EXCEPCIONAIS DE SAO FELIX DO XINGU,Em Elaboração
2025,Pronas/PCD - Prestação de serviços médico-assistenciais,36797,ASSOCIACAO DE PAIS E AMIGOS DOS EXCEPCIONAIS DE ROLANDIA,Rejeitada
2025,Pronas/PCD - Prestação de serviços médico-assistenciais,36901,OBRA SOCIAL DONA MECA,Rejeitada
2025,Pronas/PCD - Prestação de serviços médico-assistenciais,36879,INSTITUTO SANTA MONICA - APAE DE ITAUNA,Rejeitada
2025,Pronas/PCD - Prestação de serviços médico-assistenciais,36916,ASSOCIACAO DE PAIS E AMIGOS DOS EXCEPCIONAIS DE BALNEARIO PICARRAS,Rejeitada
2025,Pronas/PCD - Prestação de serviços médico-assistenciais,36876,OBRAS SOCIAIS MISSIONARIOS DA COMPAIXAO DE NOSSA SENHORA DO MONTE CARMELO,Aprovada
2025,Pronas/PCD - Prestação de serviços médico-assistenciais,36888,ASSOCIACAO DE PAIS E AMIGOS DOS EXCEPCIONAIS DE IPAUSSU,Em Elaboração
2025,Pronas/PCD - Prestação de serviços médico-assistenciais,36870,ASSOCIACAO DE PAIS E AMIGOS DOS EXCEPCIONAIS DE RIBEIRAO CLARO,Aprovada
2025,Pronas/PCD - Prestação de serviços médico-assistenciais,36938,ASSOCIACAO DE PAIS E AMIGOS DOS EXCEPCIONAIS DE TIMOTEO,Aprovada
2025,Pronas/PCD - Prestação de serviços médico-assistenciais,36867,ASSOCIACAO DE PAIS E AMIGOS DOS EXCEPCIONAIS DE FORTALEZA,Rejeitada
2025,Pronas/PCD - Prestação de serviços médico-assistenciais,36934,ASSOCIACAO DE MAES DE AUTISTAS DE ARIQUEMES,Em Elaboração
2025,Pronas/PCD - Prestação de serviços médico-assistenciais,36919,ASSOCIACAO DE PAIS E AMIGOS DOS EXCEPCIONAIS DE PARACATU - APAE DE PARACATU,Rejeitada
2025,Pronas/PCD - Prestação de serviços médico-assistenciais,36933,ASSOCIACAO DE PAIS E AMIGOS DO AUTISTA DE CURITIBANOS/SC E REGIAO,Rejeitada
2025,Pronas/PCD - Prestação de serviços médico-assistenciais,36935,CENTRO DE CONVIVENCIA DE IDOSOS BENEDICTO JORGE,Rejeitada
2025,Pronas/PCD - Prestação de serviços médico-assistenciais,45625,ASSOC DE PAIS E AMIGOS DE EXCEPC DE SANTA INES MARANHAO,Aprovada
2025,Pronas/PCD - Prestação de serviços médico-assistenciais,36895,ASSOCIACAO DE PAIS E AMIGOS DOS EXCEPCIONAIS DE SAO FELIX DO XINGU,Em Elaboração
2025,Pronas/PCD - Prestação de serviços médico-assistenciais,36918,ASSOCIACAO DE PAIS E AMIGOS DOS EXCEPCIONAIS DE NOVA CRIXAS,Aprovada
2025,Pronas/PCD - Prestação de serviços médico-assistenciais,36894,HOSPITAL SAO FRANCISCO DE PAULA,Rejeitada
2025,Pronas/PCD - Prestação de serviços médico-assistenciais,36909,INSTITUTO LONDRINENSE DE EDUCACAO PARA CRIANCAS EXCEPCIONAIS,Rejeitada
2025,Pronas/PCD - Prestação de serviços médico-assistenciais,36925,ASSOCIACAO DE PAIS E AMIGOS DOS EXCEPCIONAIS DE ITAPOA,Aprovada
2025,Pronas/PCD - Prestação de serviços médico-assistenciais,36887,ASSOCIACAO DE PAIS E AMIGOS DOS EXCEPCIONAIS,Rejeitada
2025,Pronas/PCD - Prestação de serviços médico-assistenciais,36940,ASSOCIACAO DE PAIS E AMIGOS DOS EXCEPCIONAIS DE ATIBAIA,Em Elaboração
2025,Pronas/PCD - Prestação de serviços médico-assistenciais,36899,ASSOC DE PAIS E AMIGOS DOS EXCEPCIONAIS DE PAPANDUVA,Rejeitada
2025,Pronas/PCD - Prestação de serviços médico-assistenciais,36886,ASSOCIACAO DE PAIS E AMIGOS DOS EXCEPCIONAIS,Aprovada
2025,Pronas/PCD - Prestação de serviços médico-assistenciais,37005,ASSOCIACAO DE PAIS E AMIGOS DOS EXCEPCIONAIS DE TEOFILO OTONI,Rejeitada
2025,Pronas/PCD - Prestação de serviços médico-assistenciais,36874,"APABB - ASSOCIACAO DE PAIS, AMIGOS E PESSOAS COM DEFICIENCIA DE FUNCIONARIOS DO BANCO DO BRASIL E DA COMUNIDADE",Rejeitada
2025,Pronas/PCD - Prestação de serviços médico-assistenciais,36922,CRUZ VERMELHA BRASILEIRA FILIAL DO MUNICIPIO DE SAO GONCALO,Rejeitada
2025,Pronas/PCD - Prestação de serviços médico-assistenciais,36898,ASSOCIACAO DE PAIS E AMIGOS EXCEPCIONAIS,Rejeitada
2025,Pronas/PCD - Prestação de serviços médico-assistenciais,36802,FUNDACAO DOM BOSCO,Rejeitada
2025,Pronas/PCD - Prestação de serviços médico-assistenciais,36923,ASSOCIACAO DE PAIS E AMIGOS DOS EXCEPCIONAIS DE MORADA NOVA DE MINAS,Rejeitada
2025,Pronas/PCD - Prestação de serviços médico-assistenciais,36833,ASSOCIACAO DE PAIS E AMIGOS DOS EXCEPCIONAIS,Rejeitada
2025,Pronas/PCD - Prestação de serviços médico-assistenciais,36881,ASSOCIACAO DE PAIS E AMIGOS DOS EXCEPCIONAIS DE CERQUEIRA CESAR,Rejeitada
2025,Pronas/PCD - Prestação de serviços médico-assistenciais,36873,"ASSOCIACAO PIAUIENSE DE HABILITACAO, REABILITACAO, READAPTACAO - ASSOCIACAO REABILITAR",Rejeitada
2025,Pronas/PCD - Prestação de serviços médico-assistenciais,36985,"ASSOCIACAO BRASILEIRA DE PROFISSIONAIS ATUANTES EM DOENCAS GENETICAS, PACIENTES, FAMILIARES E VOLUNTARIOS (ACDG)",Rejeitada
2025,Pronas/PCD - Prestação de serviços médico-assistenciais,36920,ASSOCIACAO DE PAIS E AMIGOS DOS EXCEPCIONAIS DE IPAUSSU,Em Elaboração
2025,Pronas/PCD - Prestação de serviços médico-assistenciais,36900,ASSOCIACAO BRASILEIRA DE PESQUISA E TRATAMENTOS MULTIDISCIPLINARES DA PARALISIA CEREBRAL - INSTITUTO RIZO MOVEMENT,Rejeitada
2025,Pronas/PCD - Prestação de serviços médico-assistenciais,36875,INSTITUTO CAPIXABA DE SAUDE,Em Elaboração
2025,Pronas/PCD - Prestação de serviços médico-assistenciais,36936,LAR DE DANIEL CRISTOVAO,Em Elaboração
2025,Pronas/PCD - Prestação de serviços médico-assistenciais,36962,ASSOCIACAO BENEFICENTE BOM SAMARITANO,Rejeitada
2025,Pronas/PCD - Prestação de serviços médico-assistenciais,36960,ASSOCIACAO DE PAIS E AMIGOS DOS EXCEPCIONAIS,Rejeitada
2025,Pronas/PCD - Prestação de serviços médico-assistenciais,34460,ASSOCIACAO DE JUDO CORPORE SANO,Em Elaboração
2025,Pronas/PCD - Prestação de serviços médico-assistenciais,36987,ASSOCIACAO DE PAIS E AMIGOS DOS EXCEPCIONAIS APAE SANTA BARBARA,Rejeitada
2025,Pronas/PCD - Prestação de serviços médico-assistenciais,36981,ASSOCIACAO DOS PAIS E AMIGOS DOS EXCEPCIONAIS,Aprovada
2025,Pronas/PCD - Prestação de serviços médico-assistenciais,37003,ASSOCIACAO DE PAIS E AMIGOS DOS EXCEPCIONAIS DO MUNICIPIO DE HUMBERTO DE CAMPOS,Em Análise
2025,Pronas/PCD - Prestação de serviços médico-assistenciais,36972,ASSOC DE PAIS E AMIGOS DOS EXCEPCIONAIS-BARAO DE COCAIS,Rejeitada
2025,Pronas/PCD - Prestação de serviços médico-assistenciais,36906,ASSOCIACAO DE PAIS E AMIGOS DOS EXCEPCIONAIS DE SAO JOSE DO CEDRO SC- APAE,Aprovada
2025,Pronas/PCD - Prestação de serviços médico-assistenciais,36943,ASSOCIACAO DE PAIS E AMIGOS DOS EXCEPCIONAIS DE TRES BARRAS - SC,Aprovada
2025,Pronas/PCD - Prestação de serviços médico-assistenciais,32793,CENTRO DE VIVENCIAS - DESPERTAR PARA VIDA,Rejeitada
2025,Pronas/PCD - Prestação de serviços médico-assistenciais,37000,ANDDDES - AGENCIA NACIONAL DE DEFESA E GARANTIA DOS DIREITOS DIFUSOS A EDUCACAO E SAUDE,Rejeitada
2025,Pronas/PCD - Prestação de serviços médico-assistenciais,36953,ASSOCIACAO HUMANITAS DA AMAZONIA,Em Análise
2025,Pronas/PCD - Prestação de serviços médico-assistenciais,36910,ASSOCIACAO DE PAIS E AMIGOS DOS EXCEPICIONAIS - APAE PALMEIRA DOS INDIOS,Rejeitada
2025,Pronas/PCD - Prestação de serviços médico-assistenciais,37010,ASSOCIACAO DE PAIS E AMIGOS DOS EXCEPCIONAIS DE DIVINESIA,Rejeitada
2025,Pronas/PCD - Prestação de serviços médico-assistenciais,37007,ASSOCIACAO SOLIDARIA DE DESENVOLVIMENTO URBANO E RURAL- ASDUR,Rejeitada
2025,Pronas/PCD - Prestação de serviços médico-assistenciais,36946,ASSOCIACAO QUERUBINS,Aprovada
2025,Pronas/PCD - Prestação de serviços médico-assistenciais,36997,ASSOCIACAO ALEGRIA DE VIVER,Rejeitada
2025,Pronas/PCD - Prestação de serviços médico-assistenciais,36951,ASSOCIACAO DE PAIS E AMIGOS DOS EXCEPCIONAIS-APAE-DE SERRA TALHADA,Rejeitada
2025,Pronas/PCD - Prestação de serviços médico-assistenciais,36984,ASSOCIACAO DOS DEFICIENTES FISICOS DO ALTO URUGUAI,Rejeitada
2025,Pronas/PCD - Prestação de serviços médico-assistenciais,36975,ASSOCIACAO DE PAIS E AMIGOS DOS EXCEPCIONAIS DE MARIA HELENA,Rejeitada
2025,Pronas/PCD - Prestação de serviços médico-assistenciais,36983,ASSOCIACAO HABITACIONAL MIXTA DE INTERESSE SOCIAL DO ESTADO DE ALAGOAS,Rejeitada
2025,Pronas/PCD - Prestação de serviços médico-assistenciais,36973,ASSOCIACAO DE PAIS E AMIGOS DOS EXCEPCIONAIS DE CANDOI,Em Elaboração
2025,Pronas/PCD - Prestação de serviços médico-assistenciais,36954,FUNDACAO BENJAMIN GUIMARAES,Rejeitada
2025,Pronas/PCD - Prestação de serviços médico-assistenciais,36958,ASSOCIACAO SOCIAL PARA EDUCACAO E TRATAMENTO DOS EXCEPCIONAIS,Rejeitada
2025,Pronas/PCD - Prestação de serviços médico-assistenciais,36993,ASSOCIACAO DE MAES DE AUTISTAS DE ARIQUEMES,Rejeitada
2025,Pronas/PCD - Prestação de serviços médico-assistenciais,36991,BENEFICENCIA SOCIAL BOM SAMARITANO,Rejeitada
2025,Pronas/PCD - Prestação de serviços médico-assistenciais,36986,ASSOC PAIS E AMIGOS DOS EXCEPCIONAIS DE ITAUNA DO SUL,Rejeitada
2025,Pronas/PCD - Prestação de serviços médico-assistenciais,36942,PROJETO NEEMIAS,Rejeitada
2025,Pronas/PCD - Prestação de serviços médico-assistenciais,36998,RECANTO PSICOPEDAGOGICO,Rejeitada
2025,Pronas/PCD - Prestação de serviços médico-assistenciais,36970,ASSOCIACAO DE PAIS E AMIGOS DOS EXCEPCIONAIS DE URUACU,Rejeitada
2025,Pronas/PCD - Prestação de serviços médico-assistenciais,36967,ASSOCIACAO DE PAIS E AMIGOS DOS EXCEPCIONAIS DE ITAMBACURI,Rejeitada
2025,Pronas/PCD - Prestação de serviços médico-assistenciais,36964,"ASSOCIACAO DE PAIS, AMIGOS E PESSOAS COM SINDROME DE DOWN DO ESPIRITO SANTO - VITORIA DOWN",Rejeitada
2025,Pronas/PCD - Prestação de serviços médico-assistenciais,36956,APAE ASSOCIACAO DE PAIS E AMIGOS DE EXCEP DE M CLAROS,Rejeitada
2025,Pronas/PCD - Prestação de serviços médico-assistenciais,36980,ASSOCIACAO DE PAIS E AMIGOS DOS EXCEPCIONAIS - TM,Rejeitada
2025,Pronas/PCD - Prestação de serviços médico-assistenciais,36971,LAR ESPIRITA MENSAGEIROS DA LUZ - PARALISIA CEREBRAL,Aprovada
2025,Pronas/PCD - Prestação de serviços médico-assistenciais,37006,ASSOCIACAO DE PAIS E AMIGOS DOS EXCEPCIONAIS DE ESTREITO - MA,Em Elaboração
2025,Pronas/PCD - Prestação de serviços médico-assistenciais,36994,ASSOCIACAO DE PAIS E AMIGOS DOS EXCEPCIONAIS DE IPAUSSU,Rejeitada
2025,Pronas/PCD - Prestação de serviços médico-assistenciais,37012,ASSOCIACAO DE PAIS E AMIGOS DOS EXCEPCIONAIS APAE,Rejeitada
2025,Pronas/PCD - Prestação de serviços médico-assistenciais,37001,ASSOCIACAO DE PAIS E AMIGOS DOS EXCEPCIONAIS,Rejeitada
2025,Pronas/PCD - Prestação de serviços médico-assistenciais,37022,ASSOC. DE PAIS E AMIGOS DOS EXCEPC APAE DE S J EVANG MG,Em Elaboração
2025,Pronas/PCD - Prestação de serviços médico-assistenciais,37013,"INSTITUTO DE DESENVOLVIMENTO, ENSINO E ASSISTENCIA A SAUDE - IDEAS",Aprovada
2025,Pronas/PCD - Prestação de serviços médico-assistenciais,37015,ASSOCIACAO DE PAIS E AMIGOS DOS EXCEPCIONAIS,Em Elaboração
2025,Pronas/PCD - Prestação de serviços médico-assistenciais,37017,ASSOCIACAO DE PAIS E AMIGOS DOS EXCEPCIONAIS DE ESTREITO - MA,Em Elaboração
2025,Pronas/PCD - Prestação de serviços médico-assistenciais,36319,ASSOCIACAO DE PAIS E AMIGOS DE EXCEPCIONAL-APAE,Aprovada
2025,Pronas/PCD - Prestação de serviços médico-assistenciais,36695,CENTRO DE ATENDIMENTO E INCLUSAO SOCIAL - CAIS,Rejeitada
2025,Pronas/PCD - Prestação de serviços médico-assistenciais,36515,APAE ASSOC DE PAIS E AMIGOS DOS EXCEPCIONAIS DE SERRANA,Rejeitada
2025,Pronas/PCD - Prestação de serviços médico-assistenciais,32744,ASSOCIACAO DE PAIS E AMIGOS DOS EXCEPCIONAIS,Rejeitada
2025,Pronas/PCD - Prestação de serviços médico-assistenciais,32677,ASSOCIACAO DE PAIS E AMIGOS DOS EXCEPCIONAIS DE ARACRUZ,Aprovada
2025,Pronas/PCD - Prestação de serviços médico-assistenciais,37004,UNIVERSIDADE LIVRE PARA A EFICIENCIA HUMANA,Rejeitada
2025,Pronas/PCD - Prestação de serviços médico-assistenciais,36890,ASSOCIACAO DE PAIS E AMIGOS DOS EXCEPCIONAIS,Rejeitada
2025,Pronas/PCD - Prestação de serviços médico-assistenciais,33289,ASSOCIACAO INTEGRADA DO DESENVOLVIMENTO DO DOWN DE BENTO GONALVES-AIDD/BG,Aprovada
2025,Pronas/PCD - Prestação de serviços médico-assistenciais,33051,ASSOCIACAO DE PAIS E AMIGOS DOS EXCEPCIONAIS,Rejeitada
2025,Pronas/PCD - Prestação de serviços médico-assistenciais,34459,ASSOCIACAO PRO-ESPORTE E CULTURA,Aprovada
2025,Pronas/PCD - Prestação de serviços médico-assistenciais,36842,CONGREGACAO DAS IRMAS SALESIANAS DOS SAGRADOS CORACOES,Rejeitada
2025,Pronas/PCD - Prestação de serviços médico-assistenciais,36767,ASSOCIACAO DE PAIS E AMIGOS DOS EXCEPCIONAIS DE TATUI,Aprovada
2025,Pronas/PCD - Prestação de serviços médico-assistenciais,34511,APAE DE SAO JOAQUIM DA BARRA,Aprovada
2025,Pronas/PCD - Prestação de serviços médico-assistenciais,30801,ASSOCIACAO PESTALOZZI DE CALDAS NOVAS,Aprovada
2025,Pronas/PCD - Prestação de serviços médico-assistenciais,36717,ASSOCIACAO DE PAIS E AMIGOS DOS EXCEPCIONAIS APAE,Aprovada
2025,"Pronas/PCD - Realização de pesquisas clínicas, epidemiológicas e experimentais",34177,INSTITUTO D'OR DE GESTAO DE SAUDE PUBLICA,Em Elaboração
2025,"Pronas/PCD - Realização de pesquisas clínicas, epidemiológicas e experimentais",34910,INSTITUTO FLORESCER,Em Elaboração
2025,"Pronas/PCD - Realização de pesquisas clínicas, epidemiológicas e experimentais",36897,ASSOCIACAO DE PAIS E AMIGOS DOS EXCEPCIONAIS DE DIVINESIA,Em Elaboração
2025,"Pronas/PCD - Realização de pesquisas clínicas, epidemiológicas e experimentais",30976,FUND DE APOIO AO ENSINO PESQ E ASSISTENCIA HCFMRPUSP,Aprovada
2025,"Pronas/PCD - Realização de pesquisas clínicas, epidemiológicas e experimentais",36885,IRMANDADE DE NOSSA SENHORA DA SAUDE,Rejeitada
2025,"Pronas/PCD - Realização de pesquisas clínicas, epidemiológicas e experimentais",45140,FUNDACAO FACULDADE DE MEDICINA,Aprovada
2025,"Pronas/PCD - Realização de pesquisas clínicas, epidemiológicas e experimentais",32805,ASSOCIACAO DE PAIS AMIGOS DOS EXCEPCIONAIS DE PARNAIBA,Em Elaboração
2025,"Pronas/PCD - Realização de pesquisas clínicas, epidemiológicas e experimentais",33280,ASSOCIACAO DE PAIS E AMIGOS DOS EXCEPCIONAIS DE CARANDAI,Em Elaboração
2025,"Pronas/PCD - Realização de pesquisas clínicas, epidemiológicas e experimentais",33283,ASSOCIACAO DE PAIS E AMIGOS DOS EXCEPCIONAIS DE SANTOS DUMONT - MG,Em Elaboração
2025,"Pronas/PCD - Realização de pesquisas clínicas, epidemiológicas e experimentais",34530,"ASSOCIACAO PARA A EDUCACAO, ESPORTE, EMPREENDEDORISMO E DIREITOS DOS PACIENTES DA DIVISAO DE REABILITACAO DO HOSPITAL DAS CLINICAS",Em Elaboração
2025,"Pronas/PCD - Realização de pesquisas clínicas, epidemiológicas e experimentais",34531,"ASSOCIACAO PARA A EDUCACAO, ESPORTE, EMPREENDEDORISMO E DIREITOS DOS PACIENTES DA DIVISAO DE REABILITACAO DO HOSPITAL DAS CLINICAS",Em Elaboração
2025,"Pronas/PCD - Realização de pesquisas clínicas, epidemiológicas e experimentais",36318,ASSOCIACAO DE PAIS E AMIGOS DOS EXCEPCIONAIS / APAE-RIO,Em Elaboração
2025,"Pronas/PCD - Realização de pesquisas clínicas, epidemiológicas e experimentais",36950,ASSOC DE PAIS E AMIGOS DOS EXCEPCIONAIS DE S J PINHAIS,Em Elaboração
2025,"Pronas/PCD - Realização de pesquisas clínicas, epidemiológicas e experimentais",35836,INSTITUTO DA PRIMEIRA INFANCIA,Rejeitada
2025,"Pronas/PCD - Realização de pesquisas clínicas, epidemiológicas e experimentais",35089,ADID ASSOCIACAO PARA DESENVOLVIMENTO INTEGRAL DO DOWN,Rejeitada
2025,"Pronas/PCD - Realização de pesquisas clínicas, epidemiológicas e experimentais",34526,ASSOCIACAO HOSPITALAR DE PROT INFANCIA DR RAUL CARNEIRO,Rejeitada
2025,"Pronas/PCD - Realização de pesquisas clínicas, epidemiológicas e experimentais",35167,ADID ASSOCIACAO PARA DESENVOLVIMENTO INTEGRAL DO DOWN,Em Elaboração
2025,"Pronas/PCD - Realização de pesquisas clínicas, epidemiológicas e experimentais",45300,ESCOLA DE GENTE- COMUNICACAO EM INCLUSAO,Aprovada
2025,"Pronas/PCD - Realização de pesquisas clínicas, epidemiológicas e experimentais",36295,ASSOCIACAO DE PAIS E AMIGOS DOS EXCEPCIONAIS DE ARINOS,Em Elaboração
2025,"Pronas/PCD - Realização de pesquisas clínicas, epidemiológicas e experimentais",36296,ASSOCIACAO BRASILEIRA DE FACIO-ESCAPULO-UMERAL - ABRAFEU,Rejeitada
2025,"Pronas/PCD - Realização de pesquisas clínicas, epidemiológicas e experimentais",36506,GRUPO DE PESQUISA E ASSISTENCIA AO CANCER INFANTIL,Em Elaboração
2025,"Pronas/PCD - Realização de pesquisas clínicas, epidemiológicas e experimentais",36712,INSTITUTO D'OR DE GESTAO DE SAUDE PUBLICA,Rejeitada
2025,"Pronas/PCD - Realização de pesquisas clínicas, epidemiológicas e experimentais",36651,NUCLEO DE TRATAMENTO E ESTIMULACAO PRECOCE - NUTEP,Rejeitada
2025,"Pronas/PCD - Realização de pesquisas clínicas, epidemiológicas e experimentais",36756,INSTITUTO PAULO GONTIJO,Rejeitada
2025,"Pronas/PCD - Realização de pesquisas clínicas, epidemiológicas e experimentais",36785,APAE ASSOCIACAO DE PAIS E AMIGOS DOS EXCEPCIONAIS DE ANAPOLIS,Em Elaboração
2025,"Pronas/PCD - Realização de pesquisas clínicas, epidemiológicas e experimentais",36853,ASSOCIACAO DE PAIS E AMIGOS DOS EXCEPCIONAIS / APAE-RIO,Rejeitada
2025,"Pronas/PCD - Realização de pesquisas clínicas, epidemiológicas e experimentais",36889,ASSOCIACAO DE PAIS E AMIGOS DOS EXCEPCIONAIS DE SAO FELIX DO XINGU,Em Elaboração
2025,"Pronas/PCD - Realização de pesquisas clínicas, epidemiológicas e experimentais",36913,SANTA CASA DE MISERICORDIA DA BAHIA,Rejeitada
2025,"Pronas/PCD - Realização de pesquisas clínicas, epidemiológicas e experimentais",36869,"ASSOCIACAO PARA A EDUCACAO, ESPORTE, EMPREENDEDORISMO E DIREITOS DOS PACIENTES DA DIVISAO DE REABILITACAO DO HOSPITAL DAS CLINICAS",Rejeitada
2025,"Pronas/PCD - Realização de pesquisas clínicas, epidemiológicas e experimentais",36990,ASSOCIACAO DE PAIS E AMIGOS DOS EXCEPCIONAIS DE DIVINESIA,Em Elaboração
2025,"Pronas/PCD - Realização de pesquisas clínicas, epidemiológicas e experimentais",36966,CASA DOS RAROS - CENTRO DE ATENCAO INTEGRAL E TREINAMENTO EM DOENCAS RARAS,Rejeitada
2025,"Pronas/PCD - Realização de pesquisas clínicas, epidemiológicas e experimentais",37020,INSTITUTO BENEFICENCIA PORTUGUESA DE SAO PAULO,Rejeitada
2025,"Pronon - Formação, Capacitação e Aperfeiçoamento de Recursos Humanos",34470,INSTITUTO DE DESENVOLVIMENTO DE TALENTOS - IDT,Em Elaboração
2025,"Pronon - Formação, Capacitação e Aperfeiçoamento de Recursos Humanos",36240,SANTA CASA DE MISERICORDIA,Em Elaboração
2025,"Pronon - Formação, Capacitação e Aperfeiçoamento de Recursos Humanos",37254,INSTITUTO DE DESENVOLVIMENTO E VALORIZACAO HUMANA,Em Elaboração
2025,"Pronon - Formação, Capacitação e Aperfeiçoamento de Recursos Humanos",37230,INSTITUTO DE DESENVOLVIMENTO E VALORIZACAO HUMANA,Em Elaboração
2025,"Pronon - Formação, Capacitação e Aperfeiçoamento de Recursos Humanos",37251,INSTITUTO DE DESENVOLVIMENTO E VALORIZACAO HUMANA,Em Elaboração
2025,"Pronon - Formação, Capacitação e Aperfeiçoamento de Recursos Humanos",37252,FUNDACAO BRASIL DE APOIO AO IDOSO - FUNBRASIL,Em Elaboração
2025,"Pronon - Formação, Capacitação e Aperfeiçoamento de Recursos Humanos",37703,INSTITUTO DE DESENVOLVIMENTO E VALORIZACAO HUMANA,Rejeitada
2025,"Pronon - Formação, Capacitação e Aperfeiçoamento de Recursos Humanos",37844,ASSOCIACAO DE PREVENCAO DO CANCER NA MULHER - ASPRECAM,Aprovada
2025,"Pronon - Formação, Capacitação e Aperfeiçoamento de Recursos Humanos",37847,ASSOCIACAO BRASILIENSE DE APOIO AO PACIENTE COM CANCER - ABAC-LUZ,Rejeitada
2025,"Pronon - Formação, Capacitação e Aperfeiçoamento de Recursos Humanos",30346,ACAO SOLIDARIA AS PESSOAS COM CANCER - ASPEC,Em Elaboração
2025,"Pronon - Formação, Capacitação e Aperfeiçoamento de Recursos Humanos",33604,INOVES - INSTITUTO DE INOVACAO EM SAUDE DO ESPIRITO SANTO,Em Elaboração
2025,"Pronon - Formação, Capacitação e Aperfeiçoamento de Recursos Humanos",32681,SOCIEDADE BENEFICENTE DE SENHORAS - HOSPITAL SIRIO LIBANES,Em Elaboração
2025,"Pronon - Formação, Capacitação e Aperfeiçoamento de Recursos Humanos",37253,INSTITUTO DE DESENVOLVIMENTO E VALORIZACAO HUMANA,Em Elaboração
2025,"Pronon - Formação, Capacitação e Aperfeiçoamento de Recursos Humanos",36757,CENTRO DE ESTIMULACAO PRECOCE E INTEGRACAO SENSORIAL JUAN GABRIEL,Em Elaboração
2025,"Pronon - Formação, Capacitação e Aperfeiçoamento de Recursos Humanos",36928,ASSOCIACAO DOS VOLUNTARIOS A SERVICO DA ONCOLOGIA EM SE,Aprovada
2025,"Pronon - Formação, Capacitação e Aperfeiçoamento de Recursos Humanos",34857,"ASSOCIACAO SOCIO-CULTURAL E DE CAPOEIRA, BLOCO CARNAVALESCO AFRO MANGANGA",Em Elaboração
2025,"Pronon - Formação, Capacitação e Aperfeiçoamento de Recursos Humanos",89559,CASA DE APOIO A CRIANCA COM CANCER DURVAL PAIVA,Aprovada
2025,"Pronon - Formação, Capacitação e Aperfeiçoamento de Recursos Humanos",35122,IMAGEMAGICA,Rejeitada
2025,"Pronon - Formação, Capacitação e Aperfeiçoamento de Recursos Humanos",35238,ONCOPOCOS - ASSOCIACAO DE APOIO E ASSISTENCIA A PACIENTES ONCOLOGICOS,Rejeitada
2025,"Pronon - Formação, Capacitação e Aperfeiçoamento de Recursos Humanos",35288,INSTITUTO NATURA,Rejeitada
2025,"Pronon - Formação, Capacitação e Aperfeiçoamento de Recursos Humanos",34868,ASSOCIACAO DE COMBATE AO CANCER INFANTOJUVENIL,Aprovada
2025,"Pronon - Formação, Capacitação e Aperfeiçoamento de Recursos Humanos",36307,SANTA CASA DE MISERICORDIA DE CHAVANTES,Em Elaboração
2025,"Pronon - Formação, Capacitação e Aperfeiçoamento de Recursos Humanos",36323,SANTA CASA DE MISERICORDIA,Em Elaboração
2025,"Pronon - Formação, Capacitação e Aperfeiçoamento de Recursos Humanos",36487,CASA DE APOIO A CRIANCA COM CANCER DURVAL PAIVA,Em Elaboração
2025,"Pronon - Formação, Capacitação e Aperfeiçoamento de Recursos Humanos",36517,SANTA CASA DE MISERICORDIA,Em Elaboração
2025,"Pronon - Formação, Capacitação e Aperfeiçoamento de Recursos Humanos",36521,SANTA CASA DE MISERICORDIA,Em Elaboração
2025,"Pronon - Formação, Capacitação e Aperfeiçoamento de Recursos Humanos",36659,SANTA CASA DE MISERICORDIA,Rejeitada
2025,"Pronon - Formação, Capacitação e Aperfeiçoamento de Recursos Humanos",36828,HOSPITAL ALEMAO OSWALDO CRUZ,Aprovada
2025,"Pronon - Formação, Capacitação e Aperfeiçoamento de Recursos Humanos",36766,GRUPO DE APOIO A CRIANCA COM CANCER DE SERGIPE (GACC/SE),Em Análise
2025,"Pronon - Formação, Capacitação e Aperfeiçoamento de Recursos Humanos",36733,INSTITUTO DE DESENVOLVIMENTO DE TALENTOS - IDT,Rejeitada
2025,"Pronon - Formação, Capacitação e Aperfeiçoamento de Recursos Humanos",36851,INSTITUTO RONALD MCDONALD DE APOIO A CRIANCA,Aprovada
2025,"Pronon - Formação, Capacitação e Aperfeiçoamento de Recursos Humanos",36830,INSTITUTO DESIDERATA,Aprovada
2025,"Pronon - Formação, Capacitação e Aperfeiçoamento de Recursos Humanos",36999,REAL E BENEMERITA ASSOCIACAO PORTUGUESA DE BENEFICENCIA,Aprovada
2025,"Pronon - Formação, Capacitação e Aperfeiçoamento de Recursos Humanos",36912,ASSOCIACAO BENEFICENTE BEM ACOMPANHAR - ABBA,Rejeitada
2025,"Pronon - Formação, Capacitação e Aperfeiçoamento de Recursos Humanos",36968,INSTITUTO BENEFICENCIA PORTUGUESA DE SAO PAULO,Rejeitada
2025,Pronon - Prestação de Serviços Médico-Assistenciais,37701,ASSOCIACAO DAS MULHERES IRMA ADELAIDE DE ELDORADO DO CARAJAS,Em Elaboração
2025,Pronon - Prestação de Serviços Médico-Assistenciais,36955,SANTA CASA DE MISERICORDIA DONA CAROLINA MALHEIROS,Rejeitada
2025,Pronon - Prestação de Serviços Médico-Assistenciais,34920,ASSOCIACAO HOSPITALAR SANTA ROSA,Aprovada
2025,Pronon - Prestação de Serviços Médico-Assistenciais,34221,LIGA ALVARO BAHIA CONTRA A MORTALIDADE INFANTIL,Rejeitada
2025,Pronon - Prestação de Serviços Médico-Assistenciais,37699,FUNDACAO PIO XII,Em Elaboração
2025,Pronon - Prestação de Serviços Médico-Assistenciais,37702,FUNDACAO PIO XII,Aprovada
2025,Pronon - Prestação de Serviços Médico-Assistenciais,36637,HOSPITAL BENEFICENCIA ALTO JACUI,Aprovada
2025,Pronon - Prestação de Serviços Médico-Assistenciais,37834,ASSOCIACAO CASA ROSAL - ACR,Em Elaboração
2025,Pronon - Prestação de Serviços Médico-Assistenciais,37832,ASSOCIACAO CASA ROSAL - ACR,Em Elaboração
2025,Pronon - Prestação de Serviços Médico-Assistenciais,37840,ASSOCIACAO CASA ROSAL - ACR,Em Elaboração
2025,Pronon - Prestação de Serviços Médico-Assistenciais,37835,ASSOCIACAO CASA ROSAL - ACR,Em Elaboração
2025,Pronon - Prestação de Serviços Médico-Assistenciais,37842,FUNDACAO DE ENSINO SUPERIOR DO VALE DO SAPUCAI,Em Análise
2025,Pronon - Prestação de Serviços Médico-Assistenciais,37833,ASSOCIACAO CASA ROSAL - ACR,Em Elaboração
2025,Pronon - Prestação de Serviços Médico-Assistenciais,37830,ASSOCIACAO CASA ROSAL - ACR,Em Elaboração
2025,Pronon - Prestação de Serviços Médico-Assistenciais,37837,ASSOCIACAO CASA ROSAL - ACR,Em Elaboração
2025,Pronon - Prestação de Serviços Médico-Assistenciais,37841,ASSOCIACAO CASA ROSAL - ACR,Em Elaboração
2025,Pronon - Prestação de Serviços Médico-Assistenciais,37829,ASSOCIACAO LAR SAO FRANCISCO DE ASSIS NA PROVIDENCIA DE DEUS,Rejeitada
2025,Pronon - Prestação de Serviços Médico-Assistenciais,37839,SANTA CASA DE MISERICORDIA DE ITUVERAVA,Rejeitada
2025,Pronon - Prestação de Serviços Médico-Assistenciais,37850,INSTITUTO LUZ E VIDA,Rejeitada
2025,Pronon - Prestação de Serviços Médico-Assistenciais,37831,FUNDACAO FACULDADE DE MEDICINA,Aprovada
2025,Pronon - Prestação de Serviços Médico-Assistenciais,31094,PIO SODALICIO DAS DAMAS DE CARIDADE DE CAXIAS DO SUL,Rejeitada
2025,Pronon - Prestação de Serviços Médico-Assistenciais,35376,IRMANDADE DA SANTA CASA DE MISERICORDIA DE ARARAQUARA,Aprovada
2025,Pronon - Prestação de Serviços Médico-Assistenciais,36480,INSTITUTO DE MEDICINA INTEGRAL PROFESSOR FERNANDO FIGUEIRA - IMIP,Aprovada
2025,Pronon - Prestação de Serviços Médico-Assistenciais,36706,LIGA NORTE RIOGRANDENSE CONTRA O CANCER,Aprovada
2025,Pronon - Prestação de Serviços Médico-Assistenciais,36843,IRMANDADE DE SAO JOAO BATISTA DE MACAE,Aprovada
2025,Pronon - Prestação de Serviços Médico-Assistenciais,36859,IRMANDADE BENEF DA SANTA CASA DA MISERICORDIA DE FORT,Aprovada
2025,Pronon - Prestação de Serviços Médico-Assistenciais,37836,FUNDACAO PIO XII,Aprovada
2025,Pronon - Prestação de Serviços Médico-Assistenciais,37843,FUNDACAO EDUCACIONAL LUCAS MACHADO FELUMA,Aprovada
2025,Pronon - Prestação de Serviços Médico-Assistenciais,37848,INSTITUTO PRESBITERIANO MACKENZIE,Aprovada
2025,Pronon - Prestação de Serviços Médico-Assistenciais,35259,ASSOCIACAO CASA FONTE DA VIDA,Aprovada
2025,Pronon - Prestação de Serviços Médico-Assistenciais,36292,HOSPITAL MATERNIDADE SAO VICENTE DE PAULO,Aprovada
2025,Pronon - Prestação de Serviços Médico-Assistenciais,37825,REAL HOSPITAL PORTUGUES DE BENEFICENCIA EM PERNAMBUCO,Aprovada
2025,Pronon - Prestação de Serviços Médico-Assistenciais,35363,FUNDACAO CRISTA ANGELICA - HOSPITAL DO CANCER DE RIO VERDE,Aprovada
2025,Pronon - Prestação de Serviços Médico-Assistenciais,36291,INSTITUTO DO CANCER DO CEARA,Aprovada
2025,Pronon - Prestação de Serviços Médico-Assistenciais,36648,IRMANDADE DA SANTA CASA DE MISERICORDIA DE PORTO ALEGRE,Aprovada
2025,Pronon - Prestação de Serviços Médico-Assistenciais,36665,INSTITUTO DO FIGADO E TRANSPLANTE DE PERNAMBUCO - IFP,Aprovada
2025,Pronon - Prestação de Serviços Médico-Assistenciais,36508,IRMANDADE DA SANTA CASA DE MISERICORDIA DE MARILIA,Aprovada
2025,Pronon - Prestação de Serviços Médico-Assistenciais,37849,ASSOCIACAO HOSPITALAR VILA NOVA,Aprovada
2025,Pronon - Prestação de Serviços Médico-Assistenciais,36732,ASS PETROLINENSE DE AMPARO A MATERNIDADE E A INFANCIA,Aprovada
2025,Pronon - Prestação de Serviços Médico-Assistenciais,36860,INSTITUICAO BETHESDA,Aprovada
2025,Pronon - Prestação de Serviços Médico-Assistenciais,36796,ASSOCIACAO PIAUIENSE DE COMBATE AO CANCER ALCENOR ALMEIDA,Aprovada
2025,Pronon - Prestação de Serviços Médico-Assistenciais,36945,SOCIEDADE BENEFICENTE DO HOSPITAL N S AUXILIADORA,Aprovada
2025,Pronon - Prestação de Serviços Médico-Assistenciais,36837,ASSOCIACAO MATOGROSSENSE DE COMBATE AO CANCER,Aprovada
2025,Pronon - Prestação de Serviços Médico-Assistenciais,36713,LIGA BAHIANA CONTRA O CANCER,Aprovada
2025,Pronon - Prestação de Serviços Médico-Assistenciais,36728,IRMANDADE NOSSA SENHORA DAS MERCES DE MONTES CLAROS,Aprovada
2025,Pronon - Prestação de Serviços Médico-Assistenciais,34446,FUNDACAO DE APOIO A FACULDADE DE MEDICINA DE MARILIA E AO HOSPITAL DAS CLINICAS DA FACULDADE DE MEDICINA DE MARILIA - FAMAR,Aprovada
2025,Pronon - Prestação de Serviços Médico-Assistenciais,36512,FUNDACAO PARA O DESENVOLVIMENTO MEDICO E HOSPITALAR,Aprovada
2025,Pronon - Prestação de Serviços Médico-Assistenciais,34519,FUNDACAO DOUTOR AMARAL CARVALHO,Aprovada
2025,Pronon - Prestação de Serviços Médico-Assistenciais,31109,SOCIEDADE HOSPITALAR ANGELINA CARON,Aprovada
2025,Pronon - Prestação de Serviços Médico-Assistenciais,36932,FUNDACAO SAO FRANCISCO XAVIER,Aprovada
2025,Pronon - Prestação de Serviços Médico-Assistenciais,36758,SANTA CASA DE MISERICORDIA DE BELO HORIZONTE,Aprovada
2025,Pronon - Prestação de Serviços Médico-Assistenciais,36690,FUNDACAO PADRE ALBINO,Aprovada
2025,Pronon - Prestação de Serviços Médico-Assistenciais,44927,FUNDACAO PIO XII,Aprovada
2025,Pronon - Prestação de Serviços Médico-Assistenciais,45143,FUNDACAO PIO XII,Aprovada
2025,Pronon - Prestação de Serviços Médico-Assistenciais,36877,ASSOCIACAO HOSPITALAR SAO JOSE DE JARAGUA DO SUL,Aprovada
2025,Pronon - Prestação de Serviços Médico-Assistenciais,44388,SANTA CASA DA MISERICORDIA DE SAO JOAO DEL REI,Aprovada
2025,Pronon - Prestação de Serviços Médico-Assistenciais,43835,ASSOCIACAO DE PAIS E AMIGOS DOS EXCEPCIONAIS DE FORTALEZA,Aprovada
2025,Pronon - Prestação de Serviços Médico-Assistenciais,43119,SANTA CASA DE MISERICORDIA DA BAHIA,Aprovada
2025,Pronon - Prestação de Serviços Médico-Assistenciais,37845,BENEMERITA SOCIEDADE PORTUGUESA BENEFICENTE DO PARA,Aprovada
2025,Pronon - Prestação de Serviços Médico-Assistenciais,45136,FUNDACAO BENEFICENTE RIO DOCE,Aprovada
2025,Pronon - Prestação de Serviços Médico-Assistenciais,43832,FUNDACAO DE SAUDE COMUNITARIA DE SINOP,Aprovada
2025,Pronon - Prestação de Serviços Médico-Assistenciais,44532,ASSOCIACAO BENEFICENTE BOM SAMARITANO,Aprovada
2025,Pronon - Prestação de Serviços Médico-Assistenciais,45132,IRMANDADE DA SANTA CASA DE MISERICORDIA DE SAO CARLOS,Aprovada
2025,Pronon - Prestação de Serviços Médico-Assistenciais,32806,IRMANDADE DO HOSPITAL DE NOSSA SENHORA DAS DORES,Aprovada
2025,Pronon - Prestação de Serviços Médico-Assistenciais,43827,SANTA CASA DE MISERICORDIA DE ITABUNA,Aprovada
2025,Pronon - Prestação de Serviços Médico-Assistenciais,30515,FUNDACAO BENJAMIN GUIMARAES,Em Elaboração
2025,Pronon - Prestação de Serviços Médico-Assistenciais,37526,METASTASE DO AMOR,Em Elaboração
2025,Pronon - Prestação de Serviços Médico-Assistenciais,37698,ASSOCIACAO HOSPITALAR VILA NOVA,Em Elaboração
2025,Pronon - Prestação de Serviços Médico-Assistenciais,37700,ASSOCIACAO EDUCADORA SAO CARLOS - AESC,Em Elaboração
2025,Pronon - Prestação de Serviços Médico-Assistenciais,36320,LIGA MOSSOROENSE DE ESTUDOS E COMBATE AO CANCER,Aprovada
2025,Pronon - Prestação de Serviços Médico-Assistenciais,31101,ASSOCIACAO DE APOIO A PESSOA ONCOLOGICA E AO IDOSO,Em Elaboração
2025,Pronon - Prestação de Serviços Médico-Assistenciais,32742,FUND DE APOIO AO ENSINO PESQ E ASSISTENCIA HCFMRPUSP,Em Elaboração
2025,Pronon - Prestação de Serviços Médico-Assistenciais,32807,IRMANDADE DO HOSPITAL DE NOSSA SENHORA DAS DORES,Em Elaboração
2025,Pronon - Prestação de Serviços Médico-Assistenciais,32804,ASSOCIACAO HOSPITALAR DE PROT INFANCIA DR RAUL CARNEIRO,Em Elaboração
2025,Pronon - Prestação de Serviços Médico-Assistenciais,33605,INOVES - INSTITUTO DE INOVACAO EM SAUDE DO ESPIRITO SANTO,Em Elaboração
2025,Pronon - Prestação de Serviços Médico-Assistenciais,36519,ASSOCIACAO HOSPITALAR BENEFICENTE SANTO ANTONIO,Em Elaboração
2025,Pronon - Prestação de Serviços Médico-Assistenciais,44390,FUNDACAO ASSISTENCIAL DA PARAIBA- FAP,Aprovada
2025,Pronon - Prestação de Serviços Médico-Assistenciais,87940,ASSOCIACAO MARIO PENNA,Aprovada
2025,Pronon - Prestação de Serviços Médico-Assistenciais,37023,IRMANDADE DE NOSSA SENHORA DAS GRACAS,Em Elaboração
2025,Pronon - Prestação de Serviços Médico-Assistenciais,37024,IRMANDADE DA SANTA CASA DE MISERICORDIA DE SAO PAULO,Em Elaboração
2025,Pronon - Prestação de Serviços Médico-Assistenciais,33585,SANTA CASA DE MISERICORDIA DE MACEIO,Em Elaboração
2025,Pronon - Prestação de Serviços Médico-Assistenciais,30512,ASSOCIACAO OBRAS SOCIAIS IRMA DULCE,Aprovada
2025,Pronon - Prestação de Serviços Médico-Assistenciais,31090,FUND SOCIAL RURAL DE COLATINA,Aprovada
2025,Pronon - Prestação de Serviços Médico-Assistenciais,37705,SANTA CASA DE MISERICORDIA E HOSPITAL SAO VICENTE DE PAULO,Rejeitada
2025,Pronon - Prestação de Serviços Médico-Assistenciais,37838,INSTITUTO PRESBITERIANO MACKENZIE,Em Elaboração
2025,Pronon - Prestação de Serviços Médico-Assistenciais,37846,INSTITUTO LUZ E VIDA,Em Elaboração
2025,Pronon - Prestação de Serviços Médico-Assistenciais,30814,ASSOCIACAO DE PAIS E AMIGOS DOS EXCEPCIONAIS DE SANTO ESTEVAO - BA,Em Elaboração
2025,Pronon - Prestação de Serviços Médico-Assistenciais,33582,FUNDACAO NAPOLEAO LAUREANO,Rejeitada
2025,Pronon - Prestação de Serviços Médico-Assistenciais,34909,ASSOCIACAO DE COMBATE AO CANCER DO CENTRO OESTE DE MINAS,Rejeitada
2025,Pronon - Prestação de Serviços Médico-Assistenciais,33588,SOCIEDADE BENEFICENCIA E CARIDADE DE LAJEADO,Aprovada
2025,Pronon - Prestação de Serviços Médico-Assistenciais,36641,ASCOMCER - INSTITUTO DE SAUDE,Aprovada
2025,Pronon - Prestação de Serviços Médico-Assistenciais,45238,FUND DE APOIO AO ENSINO PESQ E ASSISTENCIA HCFMRPUSP,Aprovada
2025,Pronon - Prestação de Serviços Médico-Assistenciais,32817,FUNDACAO DE SAUDE DO ALTO VALE DO ITAJAI,Rejeitada
2025,Pronon - Prestação de Serviços Médico-Assistenciais,36656,FUNDACAO BENJAMIN GUIMARAES,Rejeitada
2025,Pronon - Prestação de Serviços Médico-Assistenciais,36612,ASSOCIACAO HOSPITALAR BENEFICENTE SANTO ANTONIO,Rejeitada
2025,Pronon - Prestação de Serviços Médico-Assistenciais,33593,SOCIEDADE HOSPITALAR SAO JOSE,Aprovada
2025,Pronon - Prestação de Serviços Médico-Assistenciais,34462,FUNDACAO CARMEM PRUDENTE DE MATO GROSSO DO SUL,Aprovada
2025,Pronon - Prestação de Serviços Médico-Assistenciais,34529,SOCIEDADE PORTUGUESA DE BENEFICENCIA,Rejeitada
2025,Pronon - Prestação de Serviços Médico-Assistenciais,34525,ASSOCIACAO HOSPITAL DE CARIDADE IJUI,Aprovada
2025,Pronon - Prestação de Serviços Médico-Assistenciais,34574,ASSOCIACAO DE ASSISTENCIA AOS PORTADORES E EX-PORTADORES DE CANCER - AAPEC,Rejeitada
2025,Pronon - Prestação de Serviços Médico-Assistenciais,34884,FUNDACAO UNIVERSIDADE DO OESTE DE SANTA CATARINA,Rejeitada
2025,Pronon - Prestação de Serviços Médico-Assistenciais,34908,ASSOCIACAO EVANGELICA BENEFICENTE ESPIRITO-SANTENSE - AEBES,Aprovada
2025,Pronon - Prestação de Serviços Médico-Assistenciais,34913,INSTITUTO ONG CIRINHO SORRINDO PESQUISA & INOVACAO,Rejeitada
2025,Pronon - Prestação de Serviços Médico-Assistenciais,34923,INSTITUTO SANTE,Rejeitada
2025,Pronon - Prestação de Serviços Médico-Assistenciais,34500,UNIAO OESTE PARANAENSE DE ESTUDOS E COMBATE AO CANCER,Aprovada
2025,Pronon - Prestação de Serviços Médico-Assistenciais,35085,FUNDACAO HOSPITALAR SAO FRANCISCO DE ASSIS - FHSFA,Aprovada
2025,Pronon - Prestação de Serviços Médico-Assistenciais,35205,IRMANDADE DA SANTA CASA DE MISERICORDIA DE ITATIBA,Rejeitada
2025,Pronon - Prestação de Serviços Médico-Assistenciais,35221,REDE VOLUNTARIA DE COMBATE AO CANCER DE TUPA E REGIAO,Rejeitada
2025,Pronon - Prestação de Serviços Médico-Assistenciais,35310,SOCIEDADE DE PROTECAO A MATERNIDADE E A INFANCIA DE PARNAIBA,Aprovada
2025,Pronon - Prestação de Serviços Médico-Assistenciais,35284,FUNDACAO INSTITUTO DE PESQUISA E ESTUDO DE DIAGNOSTICO POR IMAGEM - FIDI,Rejeitada
2025,Pronon - Prestação de Serviços Médico-Assistenciais,36176,IRMANDADE DA SANTA CASA DE MISERICORDIA DE S J R PRETO,Rejeitada
2025,Pronon - Prestação de Serviços Médico-Assistenciais,34018,SOCIEDADE B H SANTA CASA DE MISERICORDIA DE R PRETO,Aprovada
2025,Pronon - Prestação de Serviços Médico-Assistenciais,36584,INSTITUTO DE CANCER DE LONDRINA,Aprovada
2025,Pronon - Prestação de Serviços Médico-Assistenciais,45197,ASSOCIACAO HOSPITALAR BENEFICENTE SAO VICENTE DE PAULO,Aprovada
2025,Pronon - Prestação de Serviços Médico-Assistenciais,43833,IRMANDADE NOSSA SENHORA DAS DORES,Aprovada
2025,Pronon - Prestação de Serviços Médico-Assistenciais,36195,BENEFICENCIA SOCIAL BOM SAMARITANO,Aprovada
2025,Pronon - Prestação de Serviços Médico-Assistenciais,36165,FUNDACAO IVAN GOULART,Rejeitada
2025,Pronon - Prestação de Serviços Médico-Assistenciais,36220,CASA TRANSITORIA IRMA DULCE,Rejeitada
2025,Pronon - Prestação de Serviços Médico-Assistenciais,36242,ASSOCIACAO BENEFICENTE DEUS MENINO,Aprovada
2025,Pronon - Prestação de Serviços Médico-Assistenciais,36231,ASSOCIACAO NORTE PARANAENSE DE COMBATE AO CANCER,Em Elaboração
2025,Pronon - Prestação de Serviços Médico-Assistenciais,36237,ASSOCIACAO NORTE PARANAENSE DE COMBATE AO CANCER,Aprovada
2025,Pronon - Prestação de Serviços Médico-Assistenciais,36271,INSTITUTO DAS PEQUENAS MISSIONARIAS DE MARIA IMACULADA,Aprovada
2025,Pronon - Prestação de Serviços Médico-Assistenciais,36218,IRMANDADE DA SANTA CASA DE SAO JOSE DOS CAMPOS,Rejeitada
2025,Pronon - Prestação de Serviços Médico-Assistenciais,36322,SANTA CASA DE MISERICORDIA DE MACEIO,Em Elaboração
2025,Pronon - Prestação de Serviços Médico-Assistenciais,36328,HOSPITAL NOSSA SENHORA DAS GRACAS,Aprovada
2025,Pronon - Prestação de Serviços Médico-Assistenciais,36330,IRMANDADE DA SANTA CASA DE MISERICORDIA DE VITORIA,Aprovada
2025,Pronon - Prestação de Serviços Médico-Assistenciais,36278,ASSOCIACAO DE PAIS E AMIGOS DO AUTISTA DA BAIXA MOGIANA - FONTE VIVA,Rejeitada
2025,Pronon - Prestação de Serviços Médico-Assistenciais,36311,CASA DE SAUDE SANTA MARCELINA,Aprovada
2025,Pronon - Prestação de Serviços Médico-Assistenciais,45288,INSTITUTO BRASILEIRO DE CONTROLE DO CANCER,Aprovada
2025,Pronon - Prestação de Serviços Médico-Assistenciais,36338,SANTA CASA DE MISERICORDIA DE ITABUNA,Em Elaboração
2025,Pronon - Prestação de Serviços Médico-Assistenciais,36334,ASSOCIACAO DOS PACIENTES ONCOLOGICO DE RONDONOPOLIS - APOR,Em Elaboração
2025,Pronon - Prestação de Serviços Médico-Assistenciais,45144,SANTA CASA DE MISERICORDIA DE ITABUNA,Aprovada
2025,Pronon - Prestação de Serviços Médico-Assistenciais,36479,HOSPITAL DE CARIDADE SAO VICENTE DE PAULO,Rejeitada
2025,Pronon - Prestação de Serviços Médico-Assistenciais,36485,INSTITUTO DO FIGADO E TRANSPLANTE DE PERNAMBUCO - IFP,Em Elaboração
2025,Pronon - Prestação de Serviços Médico-Assistenciais,36518,ASSOCIACAO DE COMBATE AO CANCER EM GOIAS,Aprovada
2025,Pronon - Prestação de Serviços Médico-Assistenciais,36510,ASSOCIACAO LAR SAO FRANCISCO DE ASSIS NA PROVIDENCIA DE DEUS,Rejeitada
2025,Pronon - Prestação de Serviços Médico-Assistenciais,36505,REDE FEMENINA DE COMBATE AO CANCER,Rejeitada
2025,Pronon - Prestação de Serviços Médico-Assistenciais,36520,HOSPITAL SAPIRANGA - SOCIEDADE BENEFICENTE,Aprovada
2025,Pronon - Prestação de Serviços Médico-Assistenciais,36488,METASTASE DO AMOR,Em Elaboração
2025,Pronon - Prestação de Serviços Médico-Assistenciais,36618,HOSPITAL EVANGELICO DE CACHOEIRO DE ITAPEMIRIM,Aprovada
2025,Pronon - Prestação de Serviços Médico-Assistenciais,36608,SANTA CASA DE MISERICORDIA DE ARACATUBA,Aprovada
2025,Pronon - Prestação de Serviços Médico-Assistenciais,36516,FUNDACAO UNIVERSIDADE DE CAXIAS DO SUL,Rejeitada
2025,Pronon - Prestação de Serviços Médico-Assistenciais,36582,IRMANDADE DE NOSSA SENHORA DAS GRACAS,Rejeitada
2025,Pronon - Prestação de Serviços Médico-Assistenciais,36613,ASSOCIACAO DOS FORNECEDORES DE CANA DE PIRACICABA,Aprovada
2025,Pronon - Prestação de Serviços Médico-Assistenciais,36625,LIGA PARANAENSE DE COMBATE AO CANCER,Aprovada
2025,Pronon - Prestação de Serviços Médico-Assistenciais,36638,IRMANDADE DA SANTA CASA DE MISERICORDIA DE PASSOS,Aprovada
2025,Pronon - Prestação de Serviços Médico-Assistenciais,36620,IRMANDADE DA SANTA CASA DE MISERICORDIA DE SAO PAULO,Rejeitada
2025,Pronon - Prestação de Serviços Médico-Assistenciais,36650,ASSOCIACAO BENEFICENTE SIRIA,Em Análise
2025,Pronon - Prestação de Serviços Médico-Assistenciais,36660,ASSOCIACAO BENEFICENTE HOSPITAL UNIVERSITARIO,Aprovada
2025,Pronon - Prestação de Serviços Médico-Assistenciais,36707,FUNDACAO FACULDADE REGIONAL DE MEDICINA S J RIO PRETO,Aprovada
2025,Pronon - Prestação de Serviços Médico-Assistenciais,36666,FUNDACAO SANTA CASA DE MISERICORDIA DE FRANCA,Em Elaboração
2025,Pronon - Prestação de Serviços Médico-Assistenciais,36500,IRMANDADE DA SANTA CASA DE MISERICORDIA DE PIRACICABA,Aprovada
2025,Pronon - Prestação de Serviços Médico-Assistenciais,36685,FUNDACAO DE ESTUDOS DAS DOENCAS DO FIGADO - KOUTOULAS -RIBEIRO,Aprovada
2025,Pronon - Prestação de Serviços Médico-Assistenciais,36663,SANTA CASA DE MISERICORDIA DE MACEIO,Rejeitada
2025,Pronon - Prestação de Serviços Médico-Assistenciais,36704,ASSOCIACAO NOSSA CASA DE APOIO A PESSOAS COM CANCER,Rejeitada
2025,Pronon - Prestação de Serviços Médico-Assistenciais,36662,METASTASE DO AMOR,Rejeitada
2025,Pronon - Prestação de Serviços Médico-Assistenciais,89302,HOSPITAL DE CLINICAS DE PASSO FUNDO,Aprovada
2025,Pronon - Prestação de Serviços Médico-Assistenciais,36647,ASSOCIACAO DOS PACIENTES ONCOLOGICO DE RONDONOPOLIS - APOR,Rejeitada
2025,Pronon - Prestação de Serviços Médico-Assistenciais,36687,INSTITUTO LADO A LADO PELA VIDA,Rejeitada
2025,Pronon - Prestação de Serviços Médico-Assistenciais,36778,ASSOCIACAO CONGREGACAO DE SANTA CATARINA,Aprovada
2025,Pronon - Prestação de Serviços Médico-Assistenciais,36721,HOSPITAL BENEFICENTE SAO CARLOS,Rejeitada
2025,Pronon - Prestação de Serviços Médico-Assistenciais,36744,IRMANDADE DA SANTA CASA DE MISERICORDIA DO RECIFE,Aprovada
2025,Pronon - Prestação de Serviços Médico-Assistenciais,36722,FUNDACAO ANTONIO JORGE DINO,Aprovada
2025,Pronon - Prestação de Serviços Médico-Assistenciais,36782,HOSPITAL ARQUIDIOCESANO CONSUL CARLOS RENAUX,Aprovada
2025,Pronon - Prestação de Serviços Médico-Assistenciais,36725,INSTITUTO MINEIRO DE PREVENCAO E ASSISTENCIA AO CANCER - IMPAC,Em Elaboração
2025,Pronon - Prestação de Serviços Médico-Assistenciais,36698,ASSOCIACAO CULTURAL E CIENTIFICA VIRVI RAMOS,Aprovada
2025,Pronon - Prestação de Serviços Médico-Assistenciais,36792,STA CASA DE MISERICORDIA E MATERNIDADE DE RONDONOPOLIS,Rejeitada
2025,Pronon - Prestação de Serviços Médico-Assistenciais,36773,ASSOCIACAO LAR SAO FRANCISCO DE ASSIS NA PROVIDENCIA DE DEUS,Rejeitada
2025,Pronon - Prestação de Serviços Médico-Assistenciais,36759,FUNDACAO EDUCACIONAL ALTO MEDIO SAO FRANCISCO,Em Elaboração
2025,Pronon - Prestação de Serviços Médico-Assistenciais,36769,FUNDACAO EDUCACIONAL ALTO MEDIO SAO FRANCISCO,Rejeitada
2025,Pronon - Prestação de Serviços Médico-Assistenciais,36790,FUNDACAO HOSPITALAR DE TRES BARRAS,Rejeitada
2025,Pronon - Prestação de Serviços Médico-Assistenciais,36738,ASSOCIACAO DE PESSOA COM CANCER - APECAN,Rejeitada
2025,Pronon - Prestação de Serviços Médico-Assistenciais,36891,INSTITUTO DIRETRIZES,Rejeitada
2025,Pronon - Prestação de Serviços Médico-Assistenciais,36799,CIRCULO OPERARIO CAXIENSE,Rejeitada
2025,Pronon - Prestação de Serviços Médico-Assistenciais,36803,ASSOCIACAO FEMININA DE EDUCACAO E COMBATE AO CANCER,Aprovada
2025,Pronon - Prestação de Serviços Médico-Assistenciais,36806,SOCIEDADE PERNAMBUCANA DE COMBATE AO CANCER,Aprovada
2025,Pronon - Prestação de Serviços Médico-Assistenciais,36841,"FUNDACAO PARA PESQUISA, PREVENCAO E ASSISTENCIA DO CANCER",Rejeitada
2025,Pronon - Prestação de Serviços Médico-Assistenciais,36836,FUNDACAO DE APOIO AO HEMOSC/CEPON,Rejeitada
2025,Pronon - Prestação de Serviços Médico-Assistenciais,36786,INSTITUTO MINEIRO DE PREVENCAO E ASSISTENCIA AO CANCER - IMPAC,Em Elaboração
2025,Pronon - Prestação de Serviços Médico-Assistenciais,36907,SANTA CASA DE MISERICORDIA DE SACRAMENTO,Em Elaboração
2025,Pronon - Prestação de Serviços Médico-Assistenciais,36896,SAUDE ALEGRIA E SUSTENTABILIDADE BRASIL,Em Elaboração
2025,Pronon - Prestação de Serviços Médico-Assistenciais,36905,FUNDACAO DE SAUDE ITAIGUAPY,Aprovada
2025,Pronon - Prestação de Serviços Médico-Assistenciais,36893,LIGA FEMININA DE COMBATE AO CANCER NO RIO GRANDE DO SUL,Em Elaboração
2025,Pronon - Prestação de Serviços Médico-Assistenciais,36882,SANTA CASA DE MISERICORDIA DE GOIANIA,Rejeitada
2025,Pronon - Prestação de Serviços Médico-Assistenciais,36872,HOSPITAL ANA NERY SANTA CRUZ DO SUL,Aprovada
2025,Pronon - Prestação de Serviços Médico-Assistenciais,36880,APAE ASSOCIACAO DE PAIS E AMIGOS DOS EXCEPCIONAIS,Rejeitada
2025,Pronon - Prestação de Serviços Médico-Assistenciais,36931,SAUDE ALEGRIA E SUSTENTABILIDADE BRASIL,Rejeitada
2025,Pronon - Prestação de Serviços Médico-Assistenciais,36911,ASSOCIACAO CONGREGACAO DE SANTA CATARINA,Aprovada
2025,Pronon - Prestação de Serviços Médico-Assistenciais,36924,ASSOCIACAO HOSPITAL DE CARIDADE DE SANTO ANGELO,Em Elaboração
2025,Pronon - Prestação de Serviços Médico-Assistenciais,36976,ASSOCIACAO HUMANITAS DA AMAZONIA,Em Análise
2025,Pronon - Prestação de Serviços Médico-Assistenciais,36996,CONFERENCIA SAO JOSE DO AVAI,Rejeitada
2025,Pronon - Prestação de Serviços Médico-Assistenciais,36952,LAR BENEFICENTE AMAR,Rejeitada
2025,Pronon - Prestação de Serviços Médico-Assistenciais,36948,HOSPITAL BENEFICENTE SAO JOAO,Aprovada
2025,Pronon - Prestação de Serviços Médico-Assistenciais,37009,FUNDACAO EDUCACIONAL LUCAS MACHADO FELUMA,Em Elaboração
2025,Pronon - Prestação de Serviços Médico-Assistenciais,43836,ASSOCIACAO DE PAIS E AMIGOS DOS EXCEPCIONAIS APAE DE JUAZEIRO DO NORTE,Aprovada
2025,Pronon - Prestação de Serviços Médico-Assistenciais,36961,FUNDACAO CRISTIANO VARELLA,Aprovada
2025,Pronon - Prestação de Serviços Médico-Assistenciais,36653,UNIAO BRASILEIRA DE EDUCACAO E ASSISTENCIA,Aprovada
2025,Pronon - Prestação de Serviços Médico-Assistenciais,36855,INSTITUTO AMAR MAIS,Aprovada
2025,Pronon - Prestação de Serviços Médico-Assistenciais,36947,SANTA CASA DE MISERICORDIA E BENEFICENCIA PORTUGUESA,Aprovada
2025,Pronon - Prestação de Serviços Médico-Assistenciais,36729,HOSPITAL SANTA CASA DE MISERICORDIA DE CAMPO MOURAO,Aprovada
2025,Pronon - Prestação de Serviços Médico-Assistenciais,36484,IRMANDADE DO HOSPITAL DA SANTA CASA DE POCOS DE CALDAS,Aprovada
2025,Pronon - Prestação de Serviços Médico-Assistenciais,36496,ASSOCIACAO HOSPITALAR LENOIR VARGAS FERREIRA,Aprovada
2025,"Pronon - Realização de pesquisas clínicas, epidemiológicas e experimentais",36857,FUNDACAO PEDRO AMERICO,Rejeitada
2025,"Pronon - Realização de pesquisas clínicas, epidemiológicas e experimentais",37827,INSTITUTO NACIONAL DE AMPARO A MODERNIZACAO DA GESTAO PUBLICA - IMODERNIZAR,Em Elaboração
2025,"Pronon - Realização de pesquisas clínicas, epidemiológicas e experimentais",37210,FUNDACAO EDUCACIONAL LUCAS MACHADO FELUMA,Em Elaboração
2025,"Pronon - Realização de pesquisas clínicas, epidemiológicas e experimentais",37851,INSTITUTO DE GESTAO E HUMANIZACAO IGH,Rejeitada
2025,"Pronon - Realização de pesquisas clínicas, epidemiológicas e experimentais",37706,FUNDACAO ANTONIO PRUDENTE,Rejeitada
2025,"Pronon - Realização de pesquisas clínicas, epidemiológicas e experimentais",37256,FIOTEC - FUNDACAO PARA O DESENVOLVIMENTO CIENTIFICO E TECNOLOGICO EM SAUDE,Aprovada
2025,"Pronon - Realização de pesquisas clínicas, epidemiológicas e experimentais",34874,ASSOCIACAO BENEFICENTE SIRIA,Em Elaboração
2025,"Pronon - Realização de pesquisas clínicas, epidemiológicas e experimentais",33589,INSTITUTO D'OR DE GESTAO DE SAUDE PUBLICA,Em Elaboração
2025,"Pronon - Realização de pesquisas clínicas, epidemiológicas e experimentais",34202,FUNDACAO HEMOCENTRO DE RIBEIRAO PRETO,Em Elaboração
2025,"Pronon - Realização de pesquisas clínicas, epidemiológicas e experimentais",34447,ASSOCIACAO PARA CRIANCAS E ADOLESCENTES COM CANCER - TUCCA,Rejeitada
2025,"Pronon - Realização de pesquisas clínicas, epidemiológicas e experimentais",37704,SANTA CASA DE MISERICORDIA E HOSPITAL SAO VICENTE DE PAULO,Em Elaboração
2025,"Pronon - Realização de pesquisas clínicas, epidemiológicas e experimentais",35360,ASSOCIACAO DR BARTHOLOMEU TACCHINI,Em Elaboração
2025,"Pronon - Realização de pesquisas clínicas, epidemiológicas e experimentais",36482,GACC - GRUPO DE ASSISTENCIA A CRIANCA COM CANCER,Em Elaboração
2025,"Pronon - Realização de pesquisas clínicas, epidemiológicas e experimentais",37828,INSTITUTO NACIONAL DE AMPARO A MODERNIZACAO DA GESTAO PUBLICA - IMODERNIZAR,Em Elaboração
2025,"Pronon - Realização de pesquisas clínicas, epidemiológicas e experimentais",30784,ASSOCIACAO INSTITUTO PROJETO CURA,Rejeitada
2025,"Pronon - Realização de pesquisas clínicas, epidemiológicas e experimentais",30495,ASSOCIACAO HOSPITALAR DE PROT INFANCIA DR RAUL CARNEIRO,Aprovada
2025,"Pronon - Realização de pesquisas clínicas, epidemiológicas e experimentais",31089,GRUPO LUTA PELA VIDA,Rejeitada
2025,"Pronon - Realização de pesquisas clínicas, epidemiológicas e experimentais",34915,FUNDACAO ANTONIO PRUDENTE,Em Elaboração
2025,"Pronon - Realização de pesquisas clínicas, epidemiológicas e experimentais",35302,INSTITUTO PATRICIA LORDELO - IPL,Rejeitada
2025,"Pronon - Realização de pesquisas clínicas, epidemiológicas e experimentais",35359,FUNDACAO FACULDADE DE MEDICINA,Em Elaboração
2025,"Pronon - Realização de pesquisas clínicas, epidemiológicas e experimentais",35365,GACC - GRUPO DE ASSISTENCIA A CRIANCA COM CANCER,Em Elaboração
2025,"Pronon - Realização de pesquisas clínicas, epidemiológicas e experimentais",33619,GRUPO BRASILEIRO DE ESTUDOS DO CANCER DE MAMA,Rejeitada
2025,"Pronon - Realização de pesquisas clínicas, epidemiológicas e experimentais",35261,SOCIEDADE BENEF ISRAELITABRAS HOSPITAL ALBERT EINSTEIN,Aprovada
2025,"Pronon - Realização de pesquisas clínicas, epidemiológicas e experimentais",36177,INSTITUTO DO CANCER INFANTIL,Aprovada
2025,"Pronon - Realização de pesquisas clínicas, epidemiológicas e experimentais",36300,FUNDACAO COMUNITARIA DE ENSINO SUPERIOR DE ITABIRA,Rejeitada
2025,"Pronon - Realização de pesquisas clínicas, epidemiológicas e experimentais",36333,GACC - GRUPO DE ASSISTENCIA A CRIANCA COM CANCER,Em Elaboração
2025,"Pronon - Realização de pesquisas clínicas, epidemiológicas e experimentais",36332,FUNDACAO HEMOCENTRO DE RIBEIRAO PRETO,Aprovada
2025,"Pronon - Realização de pesquisas clínicas, epidemiológicas e experimentais",36489,FUNDACAO DE DESENVOLVIMENTO DA PESQUISA,Rejeitada
2025,"Pronon - Realização de pesquisas clínicas, epidemiológicas e experimentais",36509,ASSOCIACAO BENEFICENTE SIRIA,Em Elaboração
2025,"Pronon - Realização de pesquisas clínicas, epidemiológicas e experimentais",36626,ASSOCIACAO BENEFICENTE SIRIA,Em Elaboração
2025,"Pronon - Realização de pesquisas clínicas, epidemiológicas e experimentais",36658,CENTRO INF DE INVEST HEMAT DR DOMINGOS A BOLDRINI,Aprovada
2025,"Pronon - Realização de pesquisas clínicas, epidemiológicas e experimentais",36716,SANTA CASA DE MISERICORDIA DE ITUVERAVA,Em Elaboração
2025,"Pronon - Realização de pesquisas clínicas, epidemiológicas e experimentais",36649,GACC - GRUPO DE ASSISTENCIA A CRIANCA COM CANCER,Rejeitada
2025,"Pronon - Realização de pesquisas clínicas, epidemiológicas e experimentais",36696,FUNDACAO DE ASSISTENCIA SOCIAL DE ANAPOLIS,Rejeitada
2025,"Pronon - Realização de pesquisas clínicas, epidemiológicas e experimentais",36771,GRUPO DE PESQUISA E ASSISTENCIA AO CANCER INFANTIL,Rejeitada
2025,"Pronon - Realização de pesquisas clínicas, epidemiológicas e experimentais",36764,GESTAR,Rejeitada
2025,"Pronon - Realização de pesquisas clínicas, epidemiológicas e experimentais",36726,ASSOCIACAO BRASILEIRA DE LINFOMA E LEUCEMIA - ABRALE,Rejeitada
2025,"Pronon - Realização de pesquisas clínicas, epidemiológicas e experimentais",45293,INSTITUTO D'OR DE GESTAO DE SAUDE PUBLICA,Aprovada
2025,"Pronon - Realização de pesquisas clínicas, epidemiológicas e experimentais",36805,FUNDACAO ARY FRAUZINO PARA PESQUISA E CONTROLE DO CANCER,Aprovada
2025,"Pronon - Realização de pesquisas clínicas, epidemiológicas e experimentais",36908,INSTITUTO DE PESQUISA COM CELULAS-TRONCO,Rejeitada
2025,"Pronon - Realização de pesquisas clínicas, epidemiológicas e experimentais",36992,FUNDACAO EDUCACIONAL LUCAS MACHADO FELUMA,Em Elaboração
2025,"Pronon - Realização de pesquisas clínicas, epidemiológicas e experimentais",36959,FUNDACAO DE ENSINO SUPERIOR DO VALE DO SAPUCAI,Rejeitada
2025,"Pronon - Realização de pesquisas clínicas, epidemiológicas e experimentais",37025,CLUBE DE MAES COMUM UNIAO,Em Elaboração
2025,"Pronon - Realização de pesquisas clínicas, epidemiológicas e experimentais",37027,FUNDACAO BRASIL DE APOIO AO IDOSO - FUNBRASIL,Em Elaboração
2025,Pronon - Serviços médico-assistenciais (2º ciclo),7187,SANTA CASA DE MISERICORDIA DE MACEIO,Em Elaboração
2025,Pronon - Serviços médico-assistenciais (2º ciclo),9111,FUNDACAO BENEDITO PEREIRA NUNES,Em Elaboração
2025,Pronon - Serviços médico-assistenciais (2º ciclo),24592,IRMANDADE DE SAO JOAO BATISTA DE MACAE,Aprovada
2025,Pronon - Serviços médico-assistenciais (2º ciclo),1250,"INSTITUTO MARIA SCHMITT DE DESENVOLVIMENTO DE ENSINO, ASSISTENCIA SOCIAL E SAUDE DO CIDADAO",Em Análise
2025,Pronon - Serviços médico-assistenciais (2º ciclo),1128,IRMANDADE DO HOSPITAL DA SANTA CASA DE POCOS DE CALDAS,Em Elaboração
2025,Pronon - Serviços médico-assistenciais (2º ciclo),9076,"FUNDACAO PARA PESQUISA, PREVENCAO E ASSISTENCIA DO CANCER",Em Elaboração
2025,Pronon - Serviços médico-assistenciais (2º ciclo),1196,IRMANDADE DA SANTA CASA DE MISERICORDIA DE PASSOS,Rejeitada
2025,Pronon - Serviços médico-assistenciais (2º ciclo),1219,FUNDACAO PARA O DESENVOLVIMENTO MEDICO E HOSPITALAR,Rejeitada
2025,Pronon - Serviços médico-assistenciais (2º ciclo),1238,FUNDACAO DE APOIO A FACULDADE DE MEDICINA DE MARILIA E AO HOSPITAL DAS CLINICAS DA FACULDADE DE MEDICINA DE MARILIA - FAMAR,Rejeitada
2025,Pronon - Serviços médico-assistenciais (2º ciclo),1261,HOSPITAL EVANGELICO DE CACHOEIRO DE ITAPEMIRIM,Rejeitada
2025,Pronon - Serviços médico-assistenciais (2º ciclo),1165,ASSOCIACAO CAPELINHENSE DE APOIO AOS PORTADORES DE CANCER,Rejeitada
2025,Pronon - Serviços médico-assistenciais (2º ciclo),1262,HOSPITAL EVANGELICO DE CACHOEIRO DE ITAPEMIRIM,Em Elaboração
2025,Pronon - Serviços médico-assistenciais (2º ciclo),1247,"INSTITUTO MARIA SCHMITT DE DESENVOLVIMENTO DE ENSINO, ASSISTENCIA SOCIAL E SAUDE DO CIDADAO",Em Análise
2025,Pronon - Serviços médico-assistenciais (2º ciclo),1242,"INSTITUTO MARIA SCHMITT DE DESENVOLVIMENTO DE ENSINO, ASSISTENCIA SOCIAL E SAUDE DO CIDADAO",Em Análise
2025,Pronon - Serviços médico-assistenciais (2º ciclo),1224,SOCIEDADE BENEFICENTE DO HOSPITAL N S AUXILIADORA,Em Elaboração
2025,Pronon - Serviços médico-assistenciais (2º ciclo),1204,INSTITUTO DE CANCER DE LONDRINA,Rejeitada
2025,Pronon - Serviços médico-assistenciais (2º ciclo),1326,ASSOCIACAO BENEFICENTE HOSPITAL UNIVERSITARIO,Em Elaboração
2025,Pronon - Serviços médico-assistenciais (2º ciclo),1244,"INSTITUTO MARIA SCHMITT DE DESENVOLVIMENTO DE ENSINO, ASSISTENCIA SOCIAL E SAUDE DO CIDADAO",Em Análise
2025,Pronon - Serviços médico-assistenciais (2º ciclo),1235,BENEFICENCIA SOCIAL BOM SAMARITANO,Rejeitada
2025,Pronon - Serviços médico-assistenciais (2º ciclo),1266,HOSPITAL DE CARIDADE SAO VICENTE DE PAULO,Rejeitada
2025,Pronon - Serviços médico-assistenciais (2º ciclo),1491,FUNDACAO DE ESTUDOS DAS DOENCAS DO FIGADO - KOUTOULAS -RIBEIRO,Em Elaboração
2025,Pronon - Serviços médico-assistenciais (2º ciclo),4710,SANTA CASA DE MISERICORDIA DE MACEIO,Em Elaboração
2025,Pronon - Serviços médico-assistenciais (2º ciclo),9072,SANTA CASA DE MISERICORDIA DE MACEIO,Em Análise
2025,Pronon - Serviços médico-assistenciais (2º ciclo),1215,HOSPITAL REGIONAL DARCY VARGAS,Em Análise
2025,Pronon - Serviços médico-assistenciais (2º ciclo),1229,SANTA CASA DA MISERICORDIA DE SAO JOAO DEL REI,Rejeitada
2025,Pronon - Serviços médico-assistenciais (2º ciclo),9107,ASSOCIACAO LAR SAO FRANCISCO DE ASSIS NA PROVIDENCIA DE DEUS,Rejeitada
2025,Pronon - Serviços médico-assistenciais (2º ciclo),9093,FUNDACAO DE ESTUDOS DAS DOENCAS DO FIGADO - KOUTOULAS -RIBEIRO,Rejeitada
2025,Pronon - Serviços médico-assistenciais (2º ciclo),9082,IRMANDADE DO HOSPITAL DE NOSSA SENHORA DAS DORES,Em Elaboração
2025,Pronon - Serviços médico-assistenciais (2º ciclo),9038,FUNDACAO HOSPITAL REGIONAL DO CANCER DA SANTA CASA DE MISERICORDIA DE PRESIDENTE PRUDENTE,Aprovada
2025,Pronon - Serviços médico-assistenciais (2º ciclo),9075,GRUPO DE APOIO A CRIANCA COM CANCER SUL BAHIA,Rejeitada
2025,Pronon - Serviços médico-assistenciais (2º ciclo),9085,ASSOCIACAO DE COMBATE AO CANCER DO CENTRO OESTE DE MINAS,Em Elaboração
2025,Pronon - Serviços médico-assistenciais (2º ciclo),9109,IRMANDADE DE NOSSA SENHORA DAS GRACAS,Rejeitada
2025,Pronon - Serviços médico-assistenciais (2º ciclo),9110,IRMANDADE DA SANTA CASA DE MISERICORDIA DE SAO CARLOS,Rejeitada
2025,Pronon - Serviços médico-assistenciais (2º ciclo),9079,HOSPITAL EVANGELICO DE CACHOEIRO DE ITAPEMIRIM,Em Análise
2025,Pronon - Serviços médico-assistenciais (2º ciclo),9087,ASSOCIACAO EVANGELICA BENEFICENTE ESPIRITO-SANTENSE - AEBES,Rejeitada
2025,Pronon - Serviços médico-assistenciais (2º ciclo),9078,FUNDACAO DE SAUDE DO ALTO VALE DO ITAJAI,Rejeitada
2025,Pronon - Serviços médico-assistenciais (2º ciclo),9098,SOCIEDADE CAMPINEIRA DE EDUCACAO E INSTRUCAO,Rejeitada
2025,Pronon - Serviços médico-assistenciais (2º ciclo),9091,ASSOCIACAO HOSPITAL DE CARIDADE DE SANTO ANGELO,Em Elaboração
2025,Pronon - Serviços médico-assistenciais (2º ciclo),9089,SANTA CASA DE MISERICORDIA DE MACEIO,Em Análise
2025,Pronon - Serviços médico-assistenciais (2º ciclo),9100,FUNDACAO IVAN GOULART,Rejeitada
2025,Pronon - Serviços médico-assistenciais (2º ciclo),9104,REDE FEMENINA DE COMBATE AO CANCER,Rejeitada
2025,Pronon - Serviços médico-assistenciais (2º ciclo),1200,LIGA NORTE RIOGRANDENSE CONTRA O CANCER,Rejeitada
2025,Pronon - Serviços médico-assistenciais (2º ciclo),9105,SANTA CASA DE MISERICORDIA DA BAHIA,Rejeitada
2025,Pronon - Serviços médico-assistenciais (2º ciclo),9106,ASSOCIACAO HOSPITAL DE CARIDADE DE SANTO ANGELO,Rejeitada
2025,Pronon - Serviços médico-assistenciais (2º ciclo),1184,IRMANDADE NOSSA SENHORA DAS MERCES DE MONTES CLAROS,Rejeitada
2025,Pronon - Serviços médico-assistenciais (2º ciclo),1114,FUND DE APOIO AO ENSINO PESQ E ASSISTENCIA HCFMRPUSP,Rejeitada
2025,Pronon - Serviços médico-assistenciais (2º ciclo),1321,SANTA CASA DE MISERICORDIA DE ITUVERAVA,Rejeitada
2025,Pronon - Serviços médico-assistenciais (2º ciclo),9101,INSTITUTO MINEIRO DE PREVENCAO E ASSISTENCIA AO CANCER - IMPAC,Em Elaboração
2025,Pronon - Serviços médico-assistenciais (2º ciclo),9102,FUNDACAO NAPOLEAO LAUREANO,Rejeitada
2025,Pronon - Serviços médico-assistenciais (2º ciclo),9114,SANTA CASA DE MISERICORDIA E BENEFICENCIA PORTUGUESA,Em Análise
2025,Pronon - Serviços médico-assistenciais (2º ciclo),9073,ASSOCIACAO CASA FONTE DA VIDA,Rejeitada
2025,Pronon - Serviços médico-assistenciais (2º ciclo),83896,HOSPITAL DE CLINICAS DE PASSO FUNDO,Aprovada
2025,Pronon - Serviços médico-assistenciais (2º ciclo),1113,SOCIEDADE B H SANTA CASA DE MISERICORDIA DE R PRETO,Rejeitada
2025,Pronon - Serviços médico-assistenciais (2º ciclo),24603,FUNDACAO DE SAUDE DILSON DE QUADROS GODINHO,Aprovada
2025,Pronon - Serviços médico-assistenciais (2º ciclo),9090,"FUNDACAO PARA PESQUISA, PREVENCAO E ASSISTENCIA DO CANCER",Rejeitada
2025,Pronon - Serviços médico-assistenciais (2º ciclo),1228,IRMANDADE DA SANTA CASA DE MISERICORDIA DE MARILIA,Rejeitada
2025,Pronon - Serviços médico-assistenciais (2º ciclo),60451,ASSOCIACAO DE COMBATE AO CANCER EM GOIAS,Aprovada
2025,Pronon - Serviços médico-assistenciais (2º ciclo),9092,ASSOCIACAO DE COMBATE AO CANCER DO CENTRO OESTE DE MINAS,Rejeitada
2025,Pronon - Serviços médico-assistenciais (2º ciclo),9094,FUNDACAO DE ESTUDOS DAS DOENCAS DO FIGADO - KOUTOULAS -RIBEIRO,Em Elaboração
2025,Pronon - Serviços médico-assistenciais (2º ciclo),1183,IRMANDADE DA SANTA CASA DE MISERICORDIA DE VITORIA,Rejeitada
2025,Pronon - Serviços médico-assistenciais (2º ciclo),9036,ASCOMCER - INSTITUTO DE SAUDE,Rejeitada
2025,Pronon - Serviços médico-assistenciais (2º ciclo),24546,INSTITUTO DE MEDICINA INTEGRAL PROFESSOR FERNANDO FIGUEIRA - IMIP,Aprovada
2025,Pronon - Serviços médico-assistenciais (2º ciclo),1190,FUNDACAO SANTA CASA DE MISERICORDIA DE FRANCA,Rejeitada
2025,Pronon - Serviços médico-assistenciais (2º ciclo),1130,ASSOCIACAO HOSPITAL DE CARIDADE IJUI,Rejeitada
2025,Pronon - Serviços médico-assistenciais (2º ciclo),1234,"INSTITUTO MARIA SCHMITT DE DESENVOLVIMENTO DE ENSINO, ASSISTENCIA SOCIAL E SAUDE DO CIDADAO",Rejeitada
2025,Pronon - Serviços médico-assistenciais (2º ciclo),9113,SOCIEDADE BENEFICENTE DO HOSPITAL N S AUXILIADORA,Rejeitada
2025,Pronon - Serviços médico-assistenciais (2º ciclo),1217,ASSOCIACAO OBRAS SOCIAIS IRMA DULCE,Rejeitada
2025,Pronon - Serviços médico-assistenciais (2º ciclo),24493,INSTITUTO DO CANCER DO CEARA,Aprovada
2025,Pronon - Serviços médico-assistenciais (2º ciclo),24545,CASA DE SAUDE SANTA MARCELINA,Aprovada
2025,Pronon - Serviços médico-assistenciais (2º ciclo),24560,IRMANDADE DA SANTA CASA DE MISERICORDIA DE ARARAQUARA,Aprovada
2025,Pronon - Serviços médico-assistenciais (2º ciclo),4875,SANTA CASA DE MISERICORDIA DE MACEIO,Em Elaboração
2025,Pronon - Serviços médico-assistenciais (2º ciclo),1126,ASSOCIACAO LAR SAO FRANCISCO DE ASSIS NA PROVIDENCIA DE DEUS,Rejeitada
2025,Pronon - Serviços médico-assistenciais (2º ciclo),9034,SANTA CASA DE MISERICORDIA DE MACEIO,Rejeitada
2025,Pronon - Serviços médico-assistenciais (2º ciclo),1239,ASSOCIACAO FEMININA DE EDUCACAO E COMBATE AO CANCER,Rejeitada
2025,Pronon - Serviços médico-assistenciais (2º ciclo),1171,SPDM - ASSOCIACAO PAULISTA PARA O DESENVOLVIMENTO DA MEDICINA,Rejeitada
2025,Pronon - Serviços médico-assistenciais (2º ciclo),9097,FUNDACAO UNIVERSIDADE DO OESTE DE SANTA CATARINA,Rejeitada
2025,Pronon - Serviços médico-assistenciais (2º ciclo),2771,FUNDACAO ANTONIO JORGE DINO,Rejeitada
2025,Pronon - Serviços médico-assistenciais (2º ciclo),1221,ASSOCIACAO MATOGROSSENSE DE COMBATE AO CANCER,Rejeitada
2025,Pronon - Serviços médico-assistenciais (2º ciclo),1168,HOSPITAL BENEFICENCIA ALTO JACUI,Rejeitada
2025,Pronon - Serviços médico-assistenciais (2º ciclo),1292,IRMANDADE DO HOSPITAL DA SANTA CASA DE POCOS DE CALDAS,Rejeitada
2025,Pronon - Serviços médico-assistenciais (2º ciclo),4995,INSTITUTO SANTE,Rejeitada
2025,Pronon - Serviços médico-assistenciais (2º ciclo),1191,SANTA CASA DE MISERICORDIA DE ITABUNA,Rejeitada
2025,Pronon - Serviços médico-assistenciais (2º ciclo),1140,FUNDACAO DOUTOR AMARAL CARVALHO,Rejeitada
2025,Pronon - Serviços médico-assistenciais (2º ciclo),1324,IRMANDADE DA SANTA CASA DE SAO JOSE DOS CAMPOS,Rejeitada
2025,Pronon - Serviços médico-assistenciais (2º ciclo),1188,IRMANDADE DA SANTA CASA DE MISERICORDIA DE S J R PRETO,Rejeitada
2025,Pronon - Serviços médico-assistenciais (2º ciclo),1181,LIGA MOSSOROENSE DE ESTUDOS E COMBATE AO CANCER,Rejeitada
2025,Pronon - Serviços médico-assistenciais (2º ciclo),1236,IRMANDADE DA SANTA CASA DE MISERICORDIA DE PORTO ALEGRE,Rejeitada
2025,Pronon - Serviços médico-assistenciais (2º ciclo),9035,FUND SOCIAL RURAL DE COLATINA,Rejeitada
2025,Pronon - Serviços médico-assistenciais (2º ciclo),1214,INSTITUTO AMAR MAIS,Rejeitada
2025,Pronon - Serviços médico-assistenciais (2º ciclo),1203,SANTA CASA DE MISERICORDIA DE BELO HORIZONTE,Rejeitada
2025,Pronon - Serviços médico-assistenciais (2º ciclo),1180,FUNDACAO BENEFICENTE RIO DOCE,Rejeitada
2025,Pronon - Serviços médico-assistenciais (2º ciclo),1172,ASSOCIACAO HOSPITALAR SAO JOSE DE JARAGUA DO SUL,Rejeitada
2025,Pronon - Serviços médico-assistenciais (2º ciclo),1317,ASSOCIACAO MARIO PENNA,Rejeitada
2025,Pronon - Serviços médico-assistenciais (2º ciclo),1231,CENTRO INF DE INVEST HEMAT DR DOMINGOS A BOLDRINI,Rejeitada
2025,Pronon - Serviços médico-assistenciais (2º ciclo),1249,FUNDACAO UNIVERSIDADE DE CAXIAS DO SUL,Rejeitada
2025,Pronon - Serviços médico-assistenciais (2º ciclo),1252,CONFERENCIA SAO JOSE DO AVAI,Rejeitada
2025,Pronon - Serviços médico-assistenciais (2º ciclo),1237,FUNDACAO CARMEM PRUDENTE DE MATO GROSSO DO SUL,Rejeitada
2025,Pronon - Serviços médico-assistenciais (2º ciclo),1201,SOCIEDADE HOSPITALAR ANGELINA CARON,Rejeitada
2025,Pronon - Serviços médico-assistenciais (2º ciclo),9108,FUNDACAO FACULDADE REGIONAL DE MEDICINA S J RIO PRETO,Rejeitada
2025,Pronon - Serviços médico-assistenciais (2º ciclo),1289,INSTITUTO BRASILEIRO DE GESTAO DA SAUDE,Rejeitada
2025,Pronon - Serviços médico-assistenciais (2º ciclo),1155,ASSOCIACAO HOSPITALAR DE PROT INFANCIA DR RAUL CARNEIRO,Em Elaboração
2025,Pronon - Serviços médico-assistenciais (2º ciclo),1284,FUNDACAO HOSPITALAR SAO FRANCISCO DE ASSIS - FHSFA,Rejeitada
2025,Pronon - Serviços médico-assistenciais (2º ciclo),1162,ASSOCIACAO CAPELINHENSE DE APOIO AOS PORTADORES DE CANCER,Em Elaboração
2025,Pronon - Serviços médico-assistenciais (2º ciclo),1208,PIO SODALICIO DAS DAMAS DE CARIDADE DE CAXIAS DO SUL,Rejeitada
2025,Pronon - Serviços médico-assistenciais (2º ciclo),1245,"INSTITUTO MARIA SCHMITT DE DESENVOLVIMENTO DE ENSINO, ASSISTENCIA SOCIAL E SAUDE DO CIDADAO",Em Elaboração
2025,Pronon - Serviços médico-assistenciais (2º ciclo),24601,INSTITUTO BRASILEIRO DE CONTROLE DO CANCER,Aprovada
2025,Pronon - Serviços médico-assistenciais (2º ciclo),1218,IRMANDADE DO HOSPITAL DA SANTA CASA DE POCOS DE CALDAS,Em Elaboração
2025,Pronon - Serviços médico-assistenciais (2º ciclo),1340,FUNDACAO BENEDITO PEREIRA NUNES,Em Elaboração
2025,Pronon - Serviços médico-assistenciais (2º ciclo),1278,FUNDACAO IVAN GOULART,Em Elaboração
2025,Pronon - Serviços médico-assistenciais (2º ciclo),1294,ASSOCIACAO LAR SAO FRANCISCO DE ASSIS NA PROVIDENCIA DE DEUS,Em Análise
2025,Pronon - Serviços médico-assistenciais (2º ciclo),1164,SANTA CASA DE MISERICORDIA DE CHAVANTES,Rejeitada
2025,Pronon - Serviços médico-assistenciais (2º ciclo),1177,FUNDACAO PIO XII,Rejeitada
2025,Pronon - Serviços médico-assistenciais (2º ciclo),24667,FUNDACAO PEDRO AMERICO,Aprovada
2025,Pronon - Serviços médico-assistenciais (2º ciclo),1118,FUNDACAO ASSISTENCIAL DA PARAIBA- FAP,Rejeitada
2025,Pronon - Serviços médico-assistenciais (2º ciclo),1127,ASCOMCER - INSTITUTO DE SAUDE,Em Elaboração
2025,Pronon - Serviços médico-assistenciais (2º ciclo),1304,SANTA CASA DE MISERICORDIA,Em Análise
2025,Pronon - Serviços médico-assistenciais (2º ciclo),1210,ASS PETROLINENSE DE AMPARO A MATERNIDADE E A INFANCIA,Rejeitada
2025,Pronon - Serviços médico-assistenciais (2º ciclo),24591,SANTA CASA DE MISERICORDIA DE ARACATUBA,Aprovada
2025,Pronon - Serviços médico-assistenciais (2º ciclo),1144,ASSOCIACAO CAPELINHENSE DE APOIO AOS PORTADORES DE CANCER,Em Elaboração
2025,Pronon - Serviços médico-assistenciais (2º ciclo),1240,"INSTITUTO MARIA SCHMITT DE DESENVOLVIMENTO DE ENSINO, ASSISTENCIA SOCIAL E SAUDE DO CIDADAO",Em Análise
2025,Pronon - Serviços médico-assistenciais (2º ciclo),1241,"INSTITUTO MARIA SCHMITT DE DESENVOLVIMENTO DE ENSINO, ASSISTENCIA SOCIAL E SAUDE DO CIDADAO",Em Análise
2025,Pronon - Serviços médico-assistenciais (2º ciclo),1106,SOCIEDADE PERNAMBUCANA DE COMBATE AO CANCER,Rejeitada
2025,Pronon - Serviços médico-assistenciais (2º ciclo),1341,SANTA CASA DE MISERICORDIA DE MACEIO,Em Elaboração
2025,Pronon - Serviços médico-assistenciais (2º ciclo),1167,ORGANIZACAO DA SOCIEDADE CIVIL SOUAI,Em Elaboração
2025,Pronon - Serviços médico-assistenciais (2º ciclo),1211,"INSTITUTO MARIA SCHMITT DE DESENVOLVIMENTO DE ENSINO, ASSISTENCIA SOCIAL E SAUDE DO CIDADAO",Em Elaboração
2025,Pronon - Serviços médico-assistenciais (2º ciclo),1192,IRMANDADE DA SANTA CASA DE MISERICORDIA DE PIRACICABA,Rejeitada
2025,Pronon - Serviços médico-assistenciais (2º ciclo),44674,INSTITUTO DO CANCER ARNALDO VIEIRA DE CARVALHO,Aprovada
2025,Pronon - Serviços médico-assistenciais (2º ciclo),1223,FUNDACAO BENJAMIN GUIMARAES,Rejeitada
2025,Pronon - Serviços médico-assistenciais (2º ciclo),1263,HOSPITAL ARQUIDIOCESANO CONSUL CARLOS RENAUX,Rejeitada
2025,Pronon - Serviços médico-assistenciais (2º ciclo),1232,ASSOCIACAO CONGREGACAO DE SANTA CATARINA,Rejeitada
2025,Pronon - Serviços médico-assistenciais (2º ciclo),24556,SANTA CASA DE MISERICORDIA DE SOBRAL,Aprovada
2025,Pronon - Serviços médico-assistenciais (2º ciclo),1254,REDE FEMININA DE COMBATE AO CANCER DE ICARA,Em Elaboração
2025,Pronon - Serviços médico-assistenciais (2º ciclo),1145,ASSOCIACAO CAPELINHENSE DE APOIO AOS PORTADORES DE CANCER,Em Elaboração
2025,Pronon - Serviços médico-assistenciais (2º ciclo),1233,FUNDACAO FACULDADE DE MEDICINA,Em Elaboração
2025,Pronon - Serviços médico-assistenciais (2º ciclo),1243,"INSTITUTO MARIA SCHMITT DE DESENVOLVIMENTO DE ENSINO, ASSISTENCIA SOCIAL E SAUDE DO CIDADAO",Em Análise
2025,Pronon - Serviços médico-assistenciais (2º ciclo),1182,ASSOCIACAO HOSPITALAR SANTA ROSA,Rejeitada
2025,Pronon - Serviços médico-assistenciais (2º ciclo),1146,FUNDACAO DE ENSINO SUPERIOR DO VALE DO SAPUCAI,Em Elaboração
2025,Pronon - Serviços médico-assistenciais (2º ciclo),1135,SANTA CASA DE MISERICORDIA DE ITABUNA,Em Elaboração
2025,Pronon - Serviços médico-assistenciais (2º ciclo),1213,FUNDACAO CRISTA ANGELICA - HOSPITAL DO CANCER DE RIO VERDE,Rejeitada
2025,Pronon - Serviços médico-assistenciais (2º ciclo),1265,SOCIEDADE BENEFICENTE DE SENHORAS - HOSPITAL SIRIO LIBANES,Em Elaboração
2025,Pronon - Serviços médico-assistenciais (2º ciclo),1246,"INSTITUTO MARIA SCHMITT DE DESENVOLVIMENTO DE ENSINO, ASSISTENCIA SOCIAL E SAUDE DO CIDADAO",Em Análise
2025,Pronon - Serviços médico-assistenciais (2º ciclo),1248,"INSTITUTO MARIA SCHMITT DE DESENVOLVIMENTO DE ENSINO, ASSISTENCIA SOCIAL E SAUDE DO CIDADAO",Em Análise
2025,Pronon - Serviços médico-assistenciais (2º ciclo),1227,INSTITUTO UNIDAS POR UM CORDAO,Em Elaboração
2025,Pronon - Serviços médico-assistenciais (2º ciclo),1258,GRUPO DE APOIO A PORTADORES DE DOENCAS ONCO-HEMATOLOGICAS RAIO DE SOL,Em Elaboração
2025,Pronon - Serviços médico-assistenciais (2º ciclo),24547,UNIAO OESTE PARANAENSE DE ESTUDOS E COMBATE AO CANCER,Aprovada
2025,Pronon - Serviços médico-assistenciais (2º ciclo),24639,REAL HOSPITAL PORTUGUES DE BENEFICENCIA EM PERNAMBUCO,Aprovada
2025,Pronon - Serviços médico-assistenciais (2º ciclo),9086,"FUNDACAO PARA PESQUISA, PREVENCAO E ASSISTENCIA DO CANCER",Em Elaboração
2025,Pronon - Serviços médico-assistenciais (2º ciclo),9081,IRMANDADE DE SAO JOAO BATISTA DE MACAE,Em Elaboração
2025,Pronon - Serviços médico-assistenciais (2º ciclo),9099,FUNDACAO NAPOLEAO LAUREANO,Em Elaboração
2025,Pronon - Serviços médico-assistenciais (2º ciclo),4876,SANTA CASA DE MISERICORDIA DE MACEIO,Em Elaboração
2025,Pronon - Serviços médico-assistenciais (2º ciclo) - Revogado,1074,FUNDACAO SARA ALBUQUERQUE COSTA,Inativada
2025,Pronon - Serviços médico-assistenciais (2º ciclo) - Revogado,1066,FUND DE APOIO AO ENSINO PESQ E ASSISTENCIA HCFMRPUSP,Inativada
2025,Pronon - Serviços médico-assistenciais (2º ciclo) - Revogado,1082,FUNDACAO HEMOCENTRO DE RIBEIRAO PRETO,Inativada
2025,Pronon - Serviços médico-assistenciais (2º ciclo) - Revogado,1099,ASSOCIACAO CAPELINHENSE DE APOIO AOS PORTADORES DE CANCER,Inativada
2025,Pronon - Serviços médico-assistenciais (2º ciclo) - Revogado,1076,SOCIEDADE PERNAMBUCANA DE COMBATE AO CANCER,Inativada
2025,Pronon - Serviços médico-assistenciais (2º ciclo) - Revogado,1077,ASSOCIACAO CAPELINHENSE DE APOIO AOS PORTADORES DE CANCER,Inativada
